{"par_id": 13000, "sentences": ["# Site-specific glycan analysis of the SARS-CoV-2 spike"]}
{"par_id": 13001, "sentences": ["The emergence of the betacoronavirus, severe acute respiratory syndrome coronavirus 2 (SARS-CoV-2), the causative agent of coronavirus disease 2019 (COVID-19), represents a considerable threat to global human health.", "Vaccine development is focused on the principal target of the humoral immune response, the spike (S) glycoprotein, which mediates cell entry and membrane fusion.", "The SARS-CoV-2 S gene encodes 22 N-linked glycan sequons per protomer, which likely play a role in protein folding and immune evasion.", "Here, using a site- specific mass spectrometric approach, we reveal the glycan structures on a recombinant SARS-CoV-2 S immunogen.", "This analysis enables mapping of the glycan-processing states across the trimeric viral spike.", "We show how SARS- CoV-2 S glycans differ from typical host glycan processing, which may have implications in viral pathobiology and vaccine design."]}
{"par_id": 13002, "sentences": ["##"]}
{"par_id": 13003, "sentences": ["Severe acute respiratory syndrome coronavirus 2 (SARS-CoV-2), the causative pathogen of coronavirus 2019 (COVID-19) (1, 2), induces fever, severe respiratory illness, and pneumonia.", "SARS-CoV-2 uses an extensively glycosylated spike (S) protein that protrudes from the viral surface to bind to angiotensin-converting enzyme 2 (ACE2) to mediate host-cell entry (3).", "The S protein is a trimeric class I fusion protein, composed of two functional subunits, responsible for receptor binding (S1 subunit) and membrane fusion (S2 subunit) (4, 5).", "The surface of the envelope spike is dominated by host- derived glycans, with each trimer displaying 66 N-linked glycosylation sites.", "The S protein is a key target in vaccine design efforts (6), and understanding the glycosylation of recombinant viral spikes can reveal fundamental features of viral biology and guide vaccine design strategies (7, 8)."]}
{"par_id": 13004, "sentences": ["Viral glycosylation has wide-ranging roles in viral pathobiology, including mediating protein folding and stability and shaping viral tropism (9).", "Glycosylation sites are under selective pressure as they facilitate immune evasion by shielding specific epitopes from antibody neutralization.", "However, we note the low mutation rate of SARS-CoV-2 and that as yet, there have been no observed mutations to N-linked glycosylation sites (10).", "Surfaces with an unusually high density of glycans can also enable immune recognition (9, 11, 12).", "The role of glycosylation in camouflaging immunogenic protein epitopes has been studied for other coronaviruses (10, 13, 14).", "Coronaviruses form virions by budding into the lumen of endoplasmic reticulum\u2013Golgi intermediate compartments (15, 16).", "However, observations of complex-type glycans on virally derived material suggests that the viral glycoproteins are subjected to Golgi-resident processing enzymes (13, 17)."]}
{"par_id": 13005, "sentences": ["High viral glycan density and local protein architecture can sterically impair the glycan maturation pathway.", "Impaired glycan maturation resulting in the presence of oligomannose-type glycans can be a sensitive reporter of native- like protein architecture (8), and site-specific glycan analysis can be used to compare different immunogens and monitor manufacturing processes (18).", "Additionally, glycosylation can influence the trafficking of recombinant immunogen to germinal centers (19)."]}
{"par_id": 13006, "sentences": ["To resolve the site-specific glycosylation of the SARS-CoV-2 S protein and visualize the distribution of glycoforms across the protein surface, we expressed and purified three biological replicates of recombinant soluble material in an identical manner to that which was used to obtain the high- resolution cryo\u2013electron microscopy (cryo-EM) structure, albeit without a glycan-processing blockade using kifunensine (4).", "This variant of the S protein contains all 22 glycans on the SARS-CoV-2 S protein (Fig. 1A).", "Stabilization of the trimeric prefusion structure was achieved by using the 2P stabilizing mutations (20) at residues 986 and 987, a GSAS (Gly-Ser-Ala-Ser) substitution at the furin cleavage site (residues 682 to 685), and a C-terminal trimerization motif.", "This helps to maintain quaternary architecture during glycan processing.", "Before analysis, supernatant containing the recombinant SARS-CoV-2 S was purified by size exclusion chromatography to ensure that only native-like trimeric protein was analyzed (Fig. 1B and fig. S1).", "The trimeric conformation of the purified material was validated by using negative-stain EM (Fig. 1C)."]}
{"par_id": 13007, "sentences": ["Fig. 1 Expression and validation of the SARS-CoV-2 S glycoprotein."]}
{"par_id": 13008, "sentences": ["(A) Schematic representation of the SARS-CoV-2 S glycoprotein.", "The positions of N-linked glycosylation sequons (N-X-S/T, where X \u2260 P) are shown as branches (N, Asn; X, any residue; S, Ser; T, Thr; P, Pro).", "Protein domains are illustrated: N-terminal domain (NTD), receptor binding domain (RBD), fusion peptide (FP), heptad repeat 1 (HR1), central helix (CH), connector domain (CD), and transmembrane domain (TM).", "(B) SDS\u2013polyacrylamide gel electrophoresis analysis of the SARS-CoV-2 S protein (indicated by the arrowhead) expressed in human embryonic kidney (HEK) 293F cells.", "Lane 1: filtered supernatant from transfected cells; lane 2: flow-through from StrepTactin resin; lane 3: wash from StrepTactin resin; lane 4: elution from StrepTactin resin.", "(C) Negative-stain EM 2D class averages of the SARS-CoV-2 S protein.", "2D class averages of the SARS-CoV-2 S protein are shown, confirming that the protein adopts the trimeric prefusion conformation matching the material used to determine the structure (4)."]}
{"par_id": 13009, "sentences": ["To determine the site-specific glycosylation of SARS-CoV-2 S, we used trypsin, chymotrypsin, and \u03b1-lytic protease to generate three glycopeptide samples.", "These proteases were selected to generate glycopeptides that contain a single N-linked glycan sequon.", "The glycopeptides were analyzed by liquid chromatography\u2013mass spectrometry, and the glycan compositions were determined for all 22 N-linked glycan sites (Fig. 2).", "To convey the main processing features at each site, the abundances of each glycan are summed into oligomannose-type, hybrid-type, and categories of complex-type glycosylation based on branching and fucosylation.", "The detailed, expanded graphs showing the diverse range of glycan compositions are presented in table S1 and fig. S2."]}
{"par_id": 13010, "sentences": ["Fig. 2 Site-specific N-linked glycosylation of the SARS-CoV-2 S glycoprotein."]}
{"par_id": 13011, "sentences": ["The schematic illustrates the color code for the principal glycan types that can arise along the maturation pathway from oligomannose- to hybrid- to complex-type glycans.", "The graphs summarize quantitative mass spectrometric analysis of the glycan population present at individual N-linked glycosylation sites simplified into categories of glycans.", "The oligomannose-type glycan series (M9 to M5; Man9GlcNAc2 to Man5GlcNAc2) is colored green, afucosylated and fucosylated hybrid-type glycans (hybrid and F hybrid) are dashed pink, and complex glycans are grouped according to the number of antennae and presence of core fucosylation (A1 to FA4) and are colored pink.", "Unoccupancy of an N-linked glycan site is represented in gray.", "The pie charts summarize the quantification of these glycans.", "Glycan sites are colored according to oligomannose-type glycan content, with the glycan sites labeled in green (80 to 100%), orange (30 to 79%), and pink (0 to 29%).", "An extended version of the site-specific analysis showing the heterogeneity within each category can be found in table S1 and fig. S2.", "The bar graphs represent the mean quantities of three biological replicates, with error bars representing the standard error of the mean."]}
{"par_id": 13012, "sentences": ["Two sites on SARS-CoV-2 S are principally oligomannose-type: N234 and N709.", "The predominant oligomannose-type glycan structure observed across the protein, with the exception of N234, is Man5GlcNAc2 (Man, mannose; GlcNAc, N-acetylglucosamine), which demonstrates that these sites are largely accessible to \u03b1-1,2-mannosidases but are poor substrates for GlcNAcT-I, which is the gateway enzyme in the formation of hybrid- and complex-type glycans in the Golgi apparatus.", "The stage at which processing is impeded is a signature related to the density and presentation of glycans on the viral spike.", "For example, the more densely glycosylated spikes of HIV-1 Env and Lassa virus (LASV) GPC exhibit numerous sites dominated by Man9GlcNAc2 (21\u201324)."]}
{"par_id": 13013, "sentences": ["A mixture of oligomannose- and complex-type glycans can be found at sites N61, N122, N603, N717, N801, and N1074 (Fig. 2).", "Of the 22 sites on the S protein, 8 contain substantial populations of oligomannose-type glycans, highlighting how the processing of the SARS-CoV-2 S glycans is divergent from host glycoproteins (25).", "The remaining 14 sites are dominated by processed, complex-type glycans."]}
{"par_id": 13014, "sentences": ["Although unoccupied glycosylation sites were detected on SARS-CoV-2 S, when quantified they were revealed to form a very minor component of the total peptide pool (table S2).", "In HIV-1 immunogen research, the holes generated by unoccupied glycan sites have been shown to be immunogenic and potentially give rise to distracting epitopes (26).", "The high occupancy of N-linked glycan sequons of SARS-CoV-2 S indicates that recombinant immunogens will not require further optimization to enhance site occupancy."]}
{"par_id": 13015, "sentences": ["Using the cryo-EM structure of the trimeric SARS-CoV-2 S protein [Protein Data Bank (PDB) ID 6VSB] (4), we mapped the glycosylation status of the coronavirus spike mimetic onto the experimentally determined three-dimensional (3D) structure (Fig. 3).", "This combined mass spectrometric and cryo-EM analysis reveals how the N-linked glycans occlude distinct regions across the surface of the SARS-CoV-2 spike."]}
{"par_id": 13016, "sentences": ["Fig. 3 Structure-based mapping of SARS-CoV-2 S N-linked glycans."]}
{"par_id": 13017, "sentences": ["Representative glycans are modeled onto the prefusion structure of the trimeric SARS-CoV-2 S glycoprotein (PDB ID 6VSB) (4), with one RBD in the \u201cup\u201d conformation and the other two RBDs in the \u201cdown\u201d conformation.", "The glycans are colored according to oligomannose content as defined by the key.", "ACE2 receptor binding sites are highlighted in light blue.", "The S1 and S2 subunits are rendered with translucent surface representation, colored light and dark gray, respectively.", "The flexible loops on which the N74 and N149 glycan sites reside are represented as gray dashed lines, with glycan sites on the loops mapped at their approximate regions."]}
{"par_id": 13018, "sentences": ["Shielding of the receptor binding sites on the SARS-CoV-2 spike by proximal glycosylation sites (N165, N234, N343) can be observed, especially when the receptor binding domain is in the \u201cdown\u201d conformation.", "The shielding of receptor binding sites by glycans is a common feature of viral glycoproteins, as observed on SARS-CoV-1 S (10, 13), HIV-1 Env (27), influenza hemagglutinin (28, 29), and LASV GPC (24).", "Given the functional constraints of receptor binding sites and the resulting low mutation rates of these residues, there is likely selective pressure to use N-linked glycans to camouflage one of the most conserved and potentially vulnerable areas of their respective glycoproteins (30, 31)."]}
{"par_id": 13019, "sentences": ["We note the dispersion of oligomannose-type glycans across both the S1 and S2 subunits.", "This is in contrast to other viral glycoproteins; for example, the dense glycan clusters in several strains of HIV-1 Env induce oligomannose-type glycans that are recognized by antibodies (32, 33).", "In SARS-CoV-2 S, the oligomannose-type structures are likely protected by the protein component, as exemplified by the N234 glycan, which is partially sandwiched between the N-terminal and receptor binding domains (Fig. 3)."]}
{"par_id": 13020, "sentences": ["We characterized the N-linked glycans on extended flexible loop structures (N74 and N149) and at the membrane-proximal C terminus (N1158, N1173, N1194) that were not resolved in the cryo-EM maps (4).", "These were determined to be complex-type glycans, consistent with steric accessibility of these residues."]}
{"par_id": 13021, "sentences": ["Whereas the oligomannose-type glycan content (28%) (table S2) is above that observed on typical host glycoproteins, it is lower than other viral glycoproteins.", "For example, one of the most densely glycosylated viral spike proteins is HIV-1 Env, which exhibits ~60% oligomannose-type glycans (21, 34).", "This suggests that the SARS-CoV-2 S protein is less densely glycosylated and that the glycans form less of a shield compared with other viral glycoproteins, including HIV-1 Env and LASV GPC, which may be beneficial for the elicitation of neutralizing antibodies."]}
{"par_id": 13022, "sentences": ["Additionally, the processing of complex-type glycans is an important consideration in immunogen engineering, especially considering that epitopes of neutralizing antibodies against SARS-CoV-2 S can contain fucosylated glycans at N343 (35).", "Across the 22 N-linked glycosylation sites, 52% are fucosylated and 15% of the glycans contain at least one sialic acid residue (table S2 and fig. S3).", "Our analysis reveals that N343 is highly fucosylated with 98% of detected glycans bearing fucose residues.", "Glycan modifications can be heavily influenced by the cellular expression system used.", "We have previously demonstrated for HIV-1 Env glycosylation that the processing of complex-type glycans is driven by the producer cell but that the levels of oligomannose-type glycans were largely independent of the expression system and are much more closely related to the protein structure and glycan density (36)."]}
{"par_id": 13023, "sentences": ["Highly dense glycan shields, such as those observed on LASV GPC and HIV-1 Env, feature so-called mannose clusters (22, 24) on the protein surface (Fig. 4).", "Whereas small mannose-type clusters have been characterized on the S1 subunit of Middle East respiratory syndrome (MERS)\u2013CoV S (10), no such phenomenon has been observed for the SARS-CoV-1 or SARS-CoV-2 S proteins.", "The site-specific glycosylation analysis reported here suggests that the glycan shield of SARS- CoV-2 S is consistent with other coronaviruses and similarly exhibits numerous vulnerabilities throughout the glycan shield (10).", "Last, we detected trace levels of O-linked glycosylation at Thr323/Ser325 (T323/S325), with over 99% of these sites unmodified (fig. S4), suggesting that O-linked glycosylation of this region is minimal when the structure is native-like."]}
{"par_id": 13024, "sentences": ["Fig. 4 Underprocessing of viral glycan shields."]}
{"par_id": 13025, "sentences": ["From left to right, MERS-CoV S (10), SARS-CoV-1 S (10), SARS-CoV-2 S, LASV GPC (24), and HIV-1 Env (8, 21).", "Site-specific N-linked glycan oligomannose quantifications are colored according to the key.", "All glycoproteins were expressed as soluble trimers in HEK 293F cells apart from LASV GPC, which was derived from virus-like particles from Madin-Darby canine kidney II cells."]}
{"par_id": 13026, "sentences": ["Our glycosylation analysis of SARS-CoV-2 offers a detailed benchmark of site- specific glycan signatures characteristic of a natively folded trimeric spike.", "As an increasing number of glycoprotein-based vaccine candidates are being developed, their detailed glycan analysis offers a route for comparing immunogen integrity and will also be important to monitor as manufacturing processes are scaled for clinical use.", "Glycan profiling will therefore also be an important measure of antigen quality in the manufacture of serological testing kits.", "Last, with the advent of nucleotide-based vaccines, it will be important to understand how those delivery mechanisms affect immunogen processing and presentation."]}
{"par_id": 13027, "sentences": ["We thank M. Dixon and M. Gowland-Pryde for supporting our work on this project during the difficulties arising from the pandemic and G. Ould for critical reading of the manuscript.", "Funding: This work was funded by the International AIDS Vaccine Initiative, Bill and Melinda Gates Foundation through the Collaboration for AIDS Vaccine Discovery (OPP1084519 and 1196345 to M.C.), the NIAID (R01-AI127521 to J.S.M.), and the Scripps Consortium for HIV Vaccine Development (CHAVD) (AI144462 to M.C.).", "M.C. is a Supernumerary Fellow of Oriel College, Oxford, and professor adjunct at Scripps Research, CA.", "Author contributions: Y.W. and J.D.A. performed mass spectrometry experiments and analyzed data.", "Y.W. built glycosylated models.", "J.S.M. and M.C. supervised experiments.", "Y.W., J.D.A., and D.W. expressed and purified proteins.", "Y.W., J.D.A., and M.C. wrote the manuscript with input from all authors.", "Competing interests: J.S.M. is an inventor on U.S. patent application no. 62/412,703 (\u201cPrefusion Coronavirus Spike Proteins and Their Use\u201d), and D.W. and J.S.M. are inventors on U.S. patent application no. 62/972,886 (\u201c2019-nCoV Vaccine\u201d).", "Data and materials availability: Mass spectrometry raw files have been deposited in the MassIVE proteomics database (37).", "The plasmid is available from J.S.M. under a material transfer agreement with The University of Texas at Austin.", "This work is licensed under a Creative Commons Attribution 4.0 International (CC BY 4.0) license, which permits unrestricted use, distribution, and reproduction in any medium, provided the original work is properly cited.", "To view a copy of this license, visit https://creativecommons.org/licenses/by/4.0/.", "This license does not apply to figures, photos, artwork, or other content included in the article that is credited to a third party; obtain authorization from the rights holder before using such material."]}
{"par_id": 13028, "sentences": ["## Supplementary Materials"]}
{"par_id": 13029, "sentences": ["science.sciencemag.org/content/369/6501/330/suppl/DC1"]}
{"par_id": 13030, "sentences": ["Materials and Methods"]}
{"par_id": 13031, "sentences": ["Figs. S1 to S4"]}
{"par_id": 13032, "sentences": ["Tables S1 and S2"]}
{"par_id": 13033, "sentences": ["References (38, 39)"]}
{"par_id": 13034, "sentences": ["MDAR Reproducibility Checklist"]}
{"par_id": 13035, "sentences": ["Data S1"]}
{"par_id": 13036, "sentences": ["##"]}
{"par_id": 13037, "sentences": ["View/request a protocol for this paper from Bio-protocol."]}
