{"par_id": 21000, "sentences": ["# Vaccine side-effects and SARS-CoV-2 infection after vaccination in users of the COVID Symptom Study app in the UK: a prospective observational study"]}
{"par_id": 21001, "sentences": ["## Summary"]}
{"par_id": 21002, "sentences": ["The Pfizer-BioNTech (BNT162b2) and the Oxford-AstraZeneca (ChAdOx1 nCoV-19) COVID-19 vaccines have shown excellent safety and efficacy in phase 3 trials.", "We aimed to investigate the safety and effectiveness of these vaccines in a UK community setting."]}
{"par_id": 21003, "sentences": ["In this prospective observational study, we examined the proportion and probability of self-reported systemic and local side-effects within 8 days of vaccination in individuals using the COVID Symptom Study app who received one or two doses of the BNT162b2 vaccine or one dose of the ChAdOx1 nCoV-19 vaccine.", "We also compared infection rates in a subset of vaccinated individuals subsequently tested for SARS-CoV-2 with PCR or lateral flow tests with infection rates in unvaccinated controls.", "All analyses were adjusted by age (\u226455 years vs >55 years), sex, health-care worker status (binary variable), obesity (BMI <30 kg/m2vs \u226530 kg/m2), and comorbidities (binary variable, with or without comorbidities)."]}
{"par_id": 21004, "sentences": ["### Findings"]}
{"par_id": 21005, "sentences": ["Between Dec 8, and March 10, 2021, 627 383 individuals reported being vaccinated with 655 590 doses: 282 103 received one dose of BNT162b2, of whom 28 207 received a second dose, and 345 280 received one dose of ChAdOx1 nCoV-19.", "Systemic side-effects were reported by 13\u00b75% (38 155 of 282 103) of individuals after the first dose of BNT162b2, by 22\u00b70% (6216 of 28 207) after the second dose of BNT162b2, and by 33\u00b77% (116 473 of 345 280) after the first dose of ChAdOx1 nCoV-19.", "Local side-effects were reported by 71\u00b79% (150 023 of 208 767) of individuals after the first dose of BNT162b2, by 68\u00b75% (9025 of 13 179) after the second dose of BNT162b2, and by 58\u00b77% (104 282 of 177 655) after the first dose of ChAdOx1 nCoV-19.", "Systemic side-effects were more common (1\u00b76 times after the first dose of ChAdOx1 nCoV-19 and 2\u00b79 times after the first dose of BNT162b2) among individuals with previous SARS-CoV-2 infection than among those without known past infection.", "Local effects were similarly higher in individuals previously infected than in those without known past infection (1\u00b74 times after the first dose of ChAdOx1 nCoV-19 and 1\u00b72 times after the first dose of BNT162b2).", "3106 of 103 622 vaccinated individuals and 50 340 of 464 356 unvaccinated controls tested positive for SARS-CoV-2 infection.", "Significant reductions in infection risk were seen starting at 12 days after the first dose, reaching 60% (95% CI 49\u201368) for ChAdOx1 nCoV-19 and 69% (66\u201372) for BNT162b2 at 21\u201344 days and 72% (63\u201379) for BNT162b2 after 45\u201359 days."]}
{"par_id": 21006, "sentences": ["### Interpretation"]}
{"par_id": 21007, "sentences": ["Systemic and local side-effects after BNT162b2 and ChAdOx1 nCoV-19 vaccination occur at frequencies lower than reported in phase 3 trials.", "Both vaccines decrease the risk of SARS-CoV-2 infection after 12 days."]}
{"par_id": 21008, "sentences": ["### Funding"]}
{"par_id": 21009, "sentences": ["ZOE Global, National Institute for Health Research, Chronic Disease Research Foundation, National Institutes of Health, UK Medical Research Council, Wellcome Trust, UK Research and Innovation, American Gastroenterological Association."]}
{"par_id": 21010, "sentences": ["The UK's Medicines and Healthcare products Regulatory Agency has given emergency use authorisation to three COVID-19 vaccines: the Pfizer-BioNTech mRNA vaccine (BNT162b2), the Oxford-AstraZeneca adenovirus-vectored vaccine (ChAdOx1 nCoV-19), and the Moderna mRNA vaccine (mRNA-1273).", "The first two vaccines have been rolled out across the UK since Dec 8, 2020, and Jan 4, 2021, respectively.1", "In late December, 2020, based on advice from the Joint Committee on Vaccination and Immunisation,2 the UK Government decided to delay the administration of second doses."]}
{"par_id": 21011, "sentences": ["Phase 3 trials reported the BNT162b2 vaccine to have an efficacy of 52% at 12 days after the first dose and of 95% after the second dose if administered 3\u20134 weeks apart in participants without previous SARS-CoV-2 infection.3", "The effectiveness of this vaccine in reducing infection, severe disease, hospitalisation, and death with COVID-19 has been reported for the whole of Israel,4 with reanalysis of the data from Israel revealing it to be 90% effective 2 weeks after the first dose.5", "The ChAdOx1 nCoV-19 trial found efficacy against symptomatic disease of 76% at 22\u201390 days after at least one standard dose.6, 7, 8"]}
{"par_id": 21012, "sentences": ["### Research in context"]}
{"par_id": 21013, "sentences": ["Evidence before this study"]}
{"par_id": 21014, "sentences": ["We searched PubMed for articles published up to March 10, 2021, using the terms (\u201cBNT162b2\u201c OR \u201cmRNA Covid-19 Vaccine\u201d OR \u201cChAdOx1 nCoV-19\u201d OR \u201cadenovirus-vectored Covid-19 vaccine\u201d) AND (\u201ceffectiveness\u201d OR \u201creinfection\u201d OR \u201cside-effects\u201d OR \u201cadverse effects\u201d OR \u201creactogenicity\u201d OR \u201cphase IV\u201d).", "We did not restrict our search by language or type of publication.", "Besides the original phase 1\u20133 trials, we found one published article and two preprints on data from Israel investigating the effectiveness of the Pfizer-BioNTech vaccine (BNT162b2), a preprint from the UK exploring the effectiveness of both the BNT162b2 and Oxford-AstraZeneca (ChAdOx1 nCoV-19) vaccines in individuals aged 70 years or older in the community, and a study that linked health records for all vaccinated people in Scotland to investigate COVID-19 hospitalisation and mortality after vaccination.", "No study investigated the prevalence of adverse effects of the vaccines and all studies reported both vaccines to be highly effective."]}
{"par_id": 21015, "sentences": ["Added value of this study"]}
{"par_id": 21016, "sentences": ["In this large prospective observational study, we assessed adverse effects from the two COVID-19 vaccines in use in the UK at the time of writing (BNT162b2 and ChAdOx1 nCoV-19), as well as self-reported infection rates following one dose or two doses of BNT162b2 and one dose of ChAdOx1 nCoV-19.", "Reported side-effects were minor in severity and of short duration.", "Headache and fatigue were more common in women than in men, in people aged 55 years or younger than in people older than 55 years, and after the second than after the first dose.", "Individuals with known past SARS-CoV-2 infection were more likely to have adverse effects after the first dose than were those without known past infection.", "We found, in a community setting, that self-reported infection rates of those vaccinated with the BNT162b2 or ChAdOx1 nCoV-19 vaccines were significantly lower than infection rates in unvaccinated controls.", "Documented infection rates in our app after a single vaccine dose decreased by 58% (95% CI 54\u201362) at 12\u201320 days, 69% (66\u201372) at 21\u201344 days, and 72% (63\u201379) after 45\u201359 days following BNT162b2, and 39% (21\u201353) at 12\u201320 days and 60% (49\u201368) at 21\u201344 days following ChAdOx1 nCoV-19, compared with unvaccinated controls."]}
{"par_id": 21017, "sentences": ["Implications of all the available evidence"]}
{"par_id": 21018, "sentences": ["Localised and systemic side-effects after vaccination are less common in a real-world community setting than reported in phase 3 trials, mostly minor in severity, and self-limiting.", "Our data will enable prediction of side-effects based on age, sex, and past COVID-19 status to help update guidance to health professionals to reassure the population about the safety of vaccines."]}
{"par_id": 21019, "sentences": ["Surveillance in the general population is necessary at this stage during vaccination rollout.9", "The OpenSAFELY collaboration10 implemented a framework for monitoring vaccine rollout and coverage in the UK via record linkage, Public Health England has reported early data on effectiveness in the older population prioritised for vaccination,11 and a prospective observational study investigated the association between the rollout of the first vaccine dose and COVID-19 hospital admission in Scotland.12", "Other surveys, such as the SIREN study13 in health-care workers, will also link directly to health records to assess the real-life effectiveness and safety of the various phases of vaccine rollout.", "However, it takes time for such studies to come to fruition.", "Real-time data from app users can provide a faster view of the safety and effectiveness of COVID-19 vaccines."]}
{"par_id": 21020, "sentences": ["The aim of this study was to investigate the adverse effects and infection rate of vaccinated people in a community (general population app users) scenario.", "We used data from 627 383 individuals who received the BNT162b2 or ChAdOx1 nCoV-19 vaccines between December, 2020, and March, 2021, and reported symptoms in real-time via the COVID Symptom Study app.14", "A subset of individuals also reported receiving a PCR or lateral flow test."]}
{"par_id": 21021, "sentences": ["### Study design and participants"]}
{"par_id": 21022, "sentences": ["The COVID Symptom Study app14 was developed by health data company ZOE Global, with input from King's College London (London, UK), the Massachusetts General Hospital (Boston, MA, USA), Lund University (Lund, Sweden), and Uppsala University (Uppsala, Sweden).", "In the UK, it was launched in English on March 24, 2020.", "The app enables self-reported information related to SARS-CoV-2 infection to be captured.", "Individuals older than 18 years can sign up to the app without any restrictions.", "Individuals can also record information for dependents younger than 18 years.", "Use of the app was driven by referrals or word of mouth, the media, and eventually partnerships with charities and the Welsh and Scottish Governments.15", "On first use, the app records self-reported location, age, and core health risk factors (body-mass index [BMI], smoking status, race or ethnicity, and presence of comorbidities, including cancer, diabetes, eczema, heart disease, lung disease, kidney disease, and hay fever), as well as employment status, such as being a health-care worker.", "With continued use, participants provide daily updates on symptoms experienced, SARS-CoV-2 test results (negative, pending, or positive), vaccines administered, and whether they are self-quarantining or seeking health care, including the level of intervention and related outcomes.", "Individuals without symptoms are encouraged to report through the app every day.", "Through direct updates to the app, new or modified questions are added in real time to capture data to test emerging hypotheses about COVID-19 symptoms and treatments.", "Versions 2.1.0\u20132.4.0 of the app were in use during the study period."]}
{"par_id": 21023, "sentences": ["Participants were asked if they had been vaccinated for COVID-19 and, if so, to record the type of vaccine and date of administration.", "We included all UK app users reporting having received at least one dose of the two available vaccines (appendix p 2).", "Users reporting vaccination were then asked daily for the following 8 days whether they experienced adverse effects, including both systemic (whole body) and local effects.", "Systemic solicited side-effects included headache, fatigue, chills and shiver, diarrhoea, fever, arthralgia, myalgia, and nausea; solicited local side-effects included local pain, swelling, tenderness, redness, itch, warmth, and swollen armpit glands (appendix p 6).", "Users were also permitted to report no symptoms by leaving the box unchecked."]}
{"par_id": 21024, "sentences": ["Ethical approval for use of the app for research purposes in the UK was obtained from King's College London Ethics Committee (review reference LRS-19/20-18210), and all users provided consent for non-commercial use of their data."]}
{"par_id": 21025, "sentences": ["### Outcomes"]}
{"par_id": 21026, "sentences": ["Our primary outcome was the proportion of app users reporting adverse effects within 8 days after vaccination and the probability of having an adverse event.", "Our secondary outcome was infection rates in individuals after receiving a first dose of either the BNT162b2 or ChAdOx1 nCoV-19 vaccines.", "We did not collect information on why individuals were tested, so not all tested individuals were necessarily experiencing COVID-19-associated symptoms at testing, and some individuals might have been routinely tested while being asymptomatic."]}
{"par_id": 21027, "sentences": ["### Statistical analysis"]}
{"par_id": 21028, "sentences": ["We used \u03c72 and Student's t tests to compare the demographic characteristics of individuals who received BNT162b2 versus those who received ChAdOx1 nCoV-19.", "We investigated the evolution of systemic and local adverse effects within 8 days from the vaccination date, computing the percentage of users experiencing side-effects after having received the vaccine.", "Vaccinated individuals who logged their systemic or local effects (or the absence of them) at least once within 8 days from the vaccination date were included in the adverse effects analysis (appendix p 2).", "We estimated the ratio of the daily number of users reporting at least one adverse effect (systemic or local) after vaccination to the total number of vaccinated users logging into the app that day.", "The occurrence of adverse effects was studied for both BNT162b2 doses and the first ChAdOx1 nCoV-19 dose."]}
{"par_id": 21029, "sentences": ["We compared the probability of having adverse effects between the first and second BNT162b2 doses, the first BNT162b2 and the first ChAdOx1 nCoV-19 doses, and the second BNT162b2 and the first ChAdOx1 nCoV-19 doses.", "As different people received different vaccines, we used Pearl's back-door adjustment16 to account for differences within the populations.", "Backdoor adjustments are used when there are both causal and non-causal paths between predictors (eg, vaccine treatment [V]) and an outcome.", "Because of the observational (non- interventional) nature of the study, the non-causal paths between outcomes and predictors that might involve age, sex, BMI, or health status need to be adjusted statistically.", "Backdoor adjustment methods essentially condition on these variables, cutting out the non-causal (indirect) links between a predictor and an outcome:"]}
{"par_id": 21030, "sentences": ["where R is adverse effects, S is stratum, and P(R | S,V) is the probability of having adverse effects in a given stratum after receiving a vaccine."]}
{"par_id": 21031, "sentences": ["We used the following strata: age (\u226455 years vs >55 years), in line with stratification in the BNT162b2 and ChAdOx1 nCoV-19 phase 3 trials,3 sex, health-care worker status (binary variable), obesity (BMI <30 kg/m2 vs \u226530 kg/m2), and comorbidities (binary variable, with or without comorbidities).", "Adjusted odds ratios (ORs) were computed after Pearl's back-door adjustment was applied to the raw rates (see appendix p 15 for the formula).", "95% CIs for ORs were obtained by bootstrapping 50 times on the vaccinated population."]}
{"par_id": 21032, "sentences": ["Logistic regressions were used for each of the specified strata to investigate whether adverse effects varied across different participant groups, and in individuals who had previously reported a positive test for COVID-19 (PCR or lateral flow positive at least 6 months before vaccination, PCR or lateral flow positive within the 6 months before vaccination, and no previously detected infection)."]}
{"par_id": 21033, "sentences": ["Finally, in a subanalysis of vaccinated participants who reported having had the first dose of the BNT162b2 vaccine or one dose of the ChAdOx1 nCoV-19 vaccine and were then subsequently tested for SARS-CoV-2 infection, we investigated the change in infection rates after the first vaccine dose.", "We compared the outcomes of PCR or lateral flow tests in individuals who had been vaccinated with the first dose with those of unvaccinated individuals who reported having a COVID-19 test in the same week as a vaccinated app user.", "We computed the difference in days between when participants had the vaccine and when they were tested, and we used this metric to group users.", "If a person reported more than one PCR test or lateral flow result after being vaccinated, we selected the positive test, or if none were positive, the latest negative test.", "Since the BNT162b2 phase 3 trial showed a decrease in infections from 12 days after vaccination,3 we analysed infection rates at 0\u20134, 5\u201311, 12\u201320, 21\u201344, and 45\u201359 days after vaccination.", "For each of the vaccines and for different timepoints from the vaccination date, we used Poisson regressions to model the rates of positive tests in vaccinated individuals compared with those in the unvaccinated population, adjusting for the number of tests.", "This model allowed us to control for the number of follow-up days for each group.", "Moreover, as there was a two-times increase in daily incidence in England followed by a decrease of a similar proportion during the data collection period,17 we also included incidence as a covariate in the Poisson regression model, with incidence calculated as previously described.18", "We defined the adjusted infection risk reduction (RR) as follows:"]}
{"par_id": 21034, "sentences": ["where i is BNT162b2 or ChAdOx1 nCoV-19 vaccine, n is the number of days since vaccination (0\u20134, 5\u201311, 12\u201320, 21\u201344, 45\u201359), and the risk ratio is the coefficient of the vaccine status variables in the Poisson regression model."]}
{"par_id": 21035, "sentences": ["We further tested the role of covariates in risk of infection after vaccination by running stratified Poisson models (adjusted for confounders).", "For this analysis, we considered all app responders who were vaccinated with BNT162b2 or ChAdOx1 nCoV-19 vaccines at least 12 days before having a test for SARS-CoV-2 positivity.", "Due to a relatively small sample size in some of the strata, we did not differentiate between vaccine types but pooled all vaccinated contributors."]}
{"par_id": 21036, "sentences": ["Data were extracted and preprocessed using ExeTera version 0.3.2,19 a Python library developed at King's College London, and we did statistical analysis using Python version 3.7 (pandas, NumPy, and SciPy)."]}
{"par_id": 21037, "sentences": ["### Role of the funding source"]}
{"par_id": 21038, "sentences": ["ZOE Global developed the app for data collection as a not-for-profit endeavour.", "The funder had no role in study design, data analysis, data interpretation, or writing of the report."]}
{"par_id": 21039, "sentences": ["Between Dec 8, 2020, and March 10, 2021, 655 590 vaccine doses were logged in the app in the UK, corresponding to 282 103 individuals (aged 16\u201399 years) who reported having received the first dose of the BNT162b2 vaccine, of whom 28 207 reported having had both doses of the BNT162b2 vaccine (a median of 41 days [IQR 21\u201363] apart), and 345 280 individuals who reported having had the first dose of ChAdOx1 nCoV-19.", "Participants joined the COVID Symptom Study app a mean of 288 days (SD 96) before being vaccinated.", "Users started logging adverse effects reports 0\u00b779 days (SD 1\u00b72) after they had the vaccine.", "1 607 620 users were active in the app during the study period (logged at least an assessment since Dec 8), which represents 2\u00b74% of the UK population.", "The mean age of app users was 50\u00b76 years (SD 19\u00b72), and 77 683 (4\u00b78%) of them were health-care workers."]}
{"par_id": 21040, "sentences": ["Users who reported receiving a BNT162b2 vaccine were slightly younger, had more comorbidities, and were more frequently female than users who reported receiving a ChAdOx1 nCoV-19 inoculation (table).", "Moreover, health-care workers were more likely to receive a BNT162b2 vaccine than ChAdOx1 nCoV-19 (appendix p 8).", "The age distribution of the included individuals is presented in the appendix (p 3)."]}
{"par_id": 21041, "sentences": ["Demographic characteristics of the study population"]}
{"par_id": 21042, "sentences": ["| | BNT162b2"]}
{"par_id": 21043, "sentences": ["* * *"]}
{"par_id": 21044, "sentences": ["| ChAdOx1 nCoV-19"]}
{"par_id": 21045, "sentences": ["* * *      ---|---|---|---   | | First dose (N=282 103)| Second dose (N=28 207)| First dose (N=345 280)   Sex*   | Female| 173 866 (61\u00b76%)| 19 640 (69\u00b76%)| 199 269 (57\u00b77%)   | Male| 108 237 (38\u00b74%)| 8567 (30\u00b74%)| 146 011 (42\u00b73%)   Age, years*\u2020| 62\u00b70 (14\u00b73); 64 (54\u201372)| 61\u00b70 (17\u00b73); 59 (49\u201376)| 63\u00b73 (11\u00b75); 65 (59\u201371)   Body-mass index, kg/m2\u2021| 26\u00b78 (5\u00b75)| 26\u00b75 (5\u00b73)| 26\u00b78 (5\u00b73)   Health-care workers*| 31 996 (11\u00b73%)| 8828 (31\u00b73%)| 9746 (2\u00b78%)   Comorbidities*| 77 433 (27\u00b74%)| 7617 (27\u00b70%)| 88 453 (25\u00b76%)   Previous COVID-19*| 14 369 (5\u00b71%)| 2251 (8\u00b70%)| 14 231 (4\u00b71%)   Systemic side-effects   | Any| 38 155 (13\u00b75%)| 6216 (22\u00b70%)| 116 473 (33\u00b77%)   | Headache| 21 910 (7\u00b78%)| 3731 (13\u00b72%)| 78 734 (22\u00b78%)   | Fatigue| 23 674 (8\u00b74%)| 4064 (14\u00b74%)| 72 924 (21\u00b71%)   | Chills and shiver| 7166 (2\u00b75%)| 1812 (6\u00b74%)| 50 761 (14\u00b77%)   | Diarrhoea| 3885 (1\u00b74%)| 416 (1\u00b75%)| 7546 (2\u00b72%)   | Fever| 4236 (1\u00b75%)| 1076 (3\u00b78%)| 28 268 (8\u00b72%)   | Arthralgia| 9021 (3\u00b72%)| 1978 (7\u00b70%)| 39 648 (11\u00b75%)   | Myalgia| 6479 (2\u00b73%)| 1415 (5\u00b70%)| 24 274 (7\u00b70%)   | Nausea| 5926 (2\u00b71%)| 981 (3\u00b75%)| 19 509 (5\u00b77%)   Local side-effects\u00a7   | Any| 150 023 (71\u00b79%)| 9025 (68\u00b75%)| 104 282 (58\u00b77%)   | Pain| 61 016 (29\u00b72%)| 4515 (34\u00b73%)| 33 939 (19\u00b71%)   | Swelling| 13 264 (6\u00b74%)| 1285 (9\u00b78%)| 9769 (5\u00b75%)   | Tenderness| 119 431 (57\u00b72%)| 6705 (50\u00b79%)| 87 609 (49\u00b73%)   | Itch| 6242 (3\u00b70%)| 840 (6\u00b74%)| 6934 (3\u00b79%)   | Swollen armpit glands| 2278 (1\u00b71%)| 549 (4\u00b72%)| 1994 (1\u00b71%)   | Redness| 7891 (3\u00b78%)| 953 (7\u00b72%)| 7431 (4\u00b72%)   | Warmth| 14 024 (6\u00b77%)| 1245 (9\u00b74%)| 14 033 (7\u00b79%)   | Bruising| 1872 (0\u00b79%)| 64 (0\u00b75%)| 4269 (2\u00b74%)   Allergic reactions   | Rash| 682 (0\u00b72%)| 103 (0\u00b74%)| 1432 (0\u00b74%)   | Skin burning| 2075 (0\u00b77%)| 324 (1\u00b71%)| 5940 (1\u00b77%)   | Red welts on face and lips| 469 (0\u00b72%)| 59 (0\u00b72%)| 846 (0\u00b72%)      Data are n (%), unless otherwise indicated."]}
{"par_id": 21046, "sentences": ["*p<0\u00b705 for the difference between the first dose of BNT162b2 and the first dose of ChAdOx1 nCoV-19 (Student's t test for continuous variables and \u03c72 test for categorical variables)."]}
{"par_id": 21047, "sentences": ["\u2020Data are mean (SD); median (IQR)."]}
{"par_id": 21048, "sentences": ["\u00a7Denominators are 208 767 for the first BNT162b2 dose, 13 179 for the second BNT162b2 dose, and 177 655 for the first ChAdOx1 nCoV-19 dose."]}
{"par_id": 21049, "sentences": ["Among vaccinated app users, 159 101 (25\u00b74%) of 627 383 indicated having one or more systemic adverse effect, and 257 209 (66\u00b72%) of 388 430 reported one or more local adverse effect (table).", "The most commonly reported systemic side- effects were fatigue and headache overall (table) and by strata (appendix p 9).", "These were most frequently reported within the first 24 h after vaccination and lasted a mean of 1\u00b701 days (SD 0\u00b71; figure 1).", "Tenderness and local pain around the injection site were the most frequently reported local effects (table), occurring most often on the day after injection and lasting a mean of 1\u00b702 days (SD 0\u00b715; figure 1).", "Other side-effects, including allergic skin reactions such as skin burning, rashes, and red welts on the lips and face, were reported by 10 860 (1\u00b77%) of 627 383 users across both types of vaccine (table; appendix p 9).", "In an exploratory analysis, we assessed the association between symptom reporting and socioeconomic status measured as index of multiple deprivation,20 and we found a modest association (r=0\u00b7021 [95% CI 0\u00b7019\u20130\u00b7025]), corresponding to 0\u00b704% of the variance in symptoms reporting."]}
{"par_id": 21050, "sentences": ["Figure 1 Proportion of participants self-reporting adverse effects to the COVID Symptom Study app within 8 days after vaccination"]}
{"par_id": 21051, "sentences": ["The top row shows systemic effects and the bottom row shows local effects within 8 days after receipt of the first dose (A, D) or second dose (B, E) of the BNT162b2 vaccine or the first dose of the ChAdOx1 nCoV-19 vaccine (C, F).", "Shading indicates 95% CIs."]}
{"par_id": 21052, "sentences": ["In the 28 207 individuals who reported having two BNT162b2 doses, 3325 (11\u00b77%) reported at least one systemic effect after the first dose compared with 6216 (22\u00b70%) after the second dose (p<0\u00b70001; figure 2).", "When comparing systemic effects after one dose of each vaccine, reactogenicity was significantly higher in individuals who had one dose of the ChAdOx1 nCoV-19 vaccine than in those who had one dose of the BNT162b2 vaccine (116 473 [33\u00b77%] of 345 280 compared with 38 155 [13\u00b75%] of 282 103; adjusted p<0\u00b70001)."]}
{"par_id": 21053, "sentences": ["Figure 2 Comparison of adverse effects self-reported to the COVID Symptom Study app between vaccine types and doses"]}
{"par_id": 21054, "sentences": ["ORs for comparisons of the first or second doses of BNT162b2 versus the first dose of ChAdOx1 nCoV-19 were adjusted using Pearl's back-door method.16", "OR=odds ratio."]}
{"par_id": 21055, "sentences": ["By contrast, local effects were less commonly reported after the second dose than after the first dose of BNT162b2 (9025 [68\u00b75%] of 13 179 vs 150 023 [71\u00b79%] of 208 767; p<0\u00b70001).", "Moreover, local effects were less commonly reported after the first ChAdOx1 nCoV-19 injection (104 282 [58\u00b77%] of 177 655) than after the first BNT162b2 injection (adjusted p<0\u00b70001; figure 2)."]}
{"par_id": 21056, "sentences": ["When comparing the second BNT162b2 dose with the first ChAdOx1 nCoV-19 dose, we found that systemic effects occurred more frequently after the first ChAdOx1 nCoV-19 dose than after the second BNT162b2 dose (adjusted p<0\u00b70001; figure 2), whereas local effects were less likely to appear after the first ChAdOx1 nCoV-19 injection than after the second BNT162b2 dose (adjusted p<0\u00b70001; figure 2)."]}
{"par_id": 21057, "sentences": ["We then tested whether adverse effects varied across individuals' characteristics, such as age and BMI groups, sex, and health status.", "The proportion of participants who reported at least one systemic effect after the first dose was significantly higher among people aged 55 years or younger than among those older than 55 years for both vaccines.", "After the first dose of BNT162b2, 16 733 (20\u00b77%) of 80 879 people aged 55 years or younger reported at least one systemic effect compared with 21 422 (10\u00b76%) of 201 224 people older than 55 years (OR 2\u00b719 [95% CI 2\u00b714\u20132\u00b724]; p<0\u00b70001).", "For ChAdOx1 nCoV-19, 30 487 (46\u00b79%) of 65 034 people aged 55 years or younger reported at least one systemic effect after the first dose compared with 85 986 (30\u00b77%) of 280 243 older than 55 years (1\u00b799 [1\u00b796\u20132\u00b703]; p<0\u00b70001).", "Women were more likely to report adverse effects than men (28 140 [16\u00b72%] of 173 866 vs 10 015 [9\u00b73%] of 108 237 after the first dose of BNT162b2, OR 1\u00b789 [95% CI 1\u00b785\u20131\u00b794], p<0\u00b70001; 78 222 [39\u00b73%] of 199 269 vs 38 251 [26\u00b72%] of 146 011 after the first dose of ChAdOx1 nCoV-19, 1\u00b782 [1\u00b779\u20131\u00b785], p<0\u00b70001).", "Although there were some differences between strata of BMI and co-morbidities, there was no clear trend across vaccines and doses (figure 3)."]}
{"par_id": 21058, "sentences": ["Figure 3 Adverse effects self-reported to the COVID Symptom Study app after COVID-19 vaccination, stratified by sex, age, BMI, health status, and previous SARS- CoV-2 test status"]}
{"par_id": 21059, "sentences": ["Proportions with systemic adverse effects (A, C, E) and local adverse effects (B, D, F) are shown.", "Error bars represent 95% CIs.", "Numbers in each strata are reported in the appendix (pp 13\u201314).", "BMI=body-mass index.", "*p<0\u00b701.", "\u2020p<0\u00b705."]}
{"par_id": 21060, "sentences": ["We observed the same trend for local effects as for systemic effects, whereby app users aged 55 years or younger reported more local side-effects than participants older than 55 years (figure 3), and women were more likely to report local side-effects than men (figure 3; appendix p 11).", "Similar levels of side-effects were seen regardless of the levels of completeness of reporting by app users (appendix p 12)."]}
{"par_id": 21061, "sentences": ["Given preliminary evidence from small studies21, 22, 23 suggesting that reactogenicity is higher among individuals previously infected with SARS- CoV-2, we investigated the extent to which previous SARS-CoV-2 infection (based on self-reported previous positive PCR or lateral flow result) was associated with reports of adverse effects.", "Individuals vaccinated with a single dose of BNT162b2 were more likely to report systemic effects if they had a previous SARS-CoV-2 positive test than were those without known past infection (5148 [35\u00b78%] of 14 369 vs 33 007 [12\u00b73%] of 267 734; OR 3\u00b797 [95% CI 3\u00b783\u20134\u00b712], p<0\u00b70001).", "A similar effect was seen for ChAdOx1 nCoV-19 first dose inoculation (7551 [53\u00b71%] of 14 231 with past infection vs 108 922 [32\u00b79%] of 331 049 without past infection; 2\u00b731 [2\u00b723\u20132\u00b738], p<0\u00b70001; figure 3) and BNT162b2 second dose inoculation (859 [38\u00b72%] of 2251 vs 5357 [20\u00b76%] of 25 956; 2\u00b737 [2\u00b717\u20132\u00b760], p<0\u00b70001).", "Local effects were similarly higher in individuals previously infected than in those without known past infection for both vaccines (figure 3).", "No consistent difference in occurrence of systemic or local adverse effects was observed between individuals who reported a positive test result within the past 6 months and those who reported they received a positive test result at least 6 months ago (figure 3)."]}
{"par_id": 21062, "sentences": ["We also investigated infection rates after the first vaccine dose in a subset of 67 293 app users who received BNT162b2 and 36 329 who received ChAdOx1 nCoV-19 in the study period and logged at least one PCR or lateral flow test after vaccination.", "We compared the test results of this population with those of 464 356 unvaccinated app users who had a PCR or lateral flow test result between Jan 4, and March 10, 2021 (appendix pp 4, 8).", "3106 of 103 622 vaccinated individuals and 50 340 of 464 356 unvaccinated controls tested positive for SARS-CoV-2 infection.", "As UK guidelines stipulate that individuals need to be free of symptoms to be vaccinated, we found vaccinated participants to have a lower infection risk at the time of the vaccination than unvaccinated participants (RR for BNT162b2 \u221264% [95% CI \u221269 to \u221259]; RR for ChAdOx1 nCoV-19 \u221252% [95% CI \u221265 to \u221234]).", "We observed that 5\u201311 days after vaccination, the infection rates in the vaccinated group were only slightly below those of the unvaccinated group (figure 4), whereas 12\u201320 days after vaccination, infection risk in the vaccinated group was significantly lower than in the unvaccinated group (RR for BNT162b2 \u221258% [95% CI \u221262 to \u221254]; RR for ChAdOx1 nCoV-19 \u221239% [95% CI \u221253 to \u221221]), after adjusting for population differences in the vaccinated groups using Poisson regressions.", "We observed a further reduction in infection risk after one dose of the BNT162b2 vaccine when compared with unvaccinated controls at 21\u201344 days after vaccination (RR \u221269% [95% CI \u221272 to \u221266]) and at 45\u201359 days after vaccination (\u221272% [\u201379 to \u221263]; figure 4).", "The RR after one dose of ChAdOx1 nCoV-19 compared with unvaccinated controls was \u221260% (95% CI \u221268 to \u221249) at 21\u201344 days after vaccination."]}
{"par_id": 21063, "sentences": ["Figure 4 Infection risk reduction after the first dose in app users who have been vaccinated and subsequently tested, as a function of days since vac"]}
{"par_id": 21064, "sentences": ["The bar chart represents the risk reduction for infection of the vaccinated groups (those who logged at least one PCR or lateral flow test result after vaccination) compared with the unvaccinated group, by vaccine type and days since vaccination.", "The black lines show 95% CIs."]}
{"par_id": 21065, "sentences": ["Finally, we tested the role of covariates in risk of infection after vaccination.", "We observed a larger risk reduction in vaccinated participants aged 55 years or younger (RR \u221270% [95% CI \u221272 to \u221268) than in those older than 55 years (\u221261% [\u201364 to \u221257]).", "Similarly, individuals without comorbidities had a larger risk reduction (\u221269% [\u201371 to \u221268]) than those with at least one comorbidity (\u221254% [\u201359 to \u221248]).", "Borderline differences were observed for BMI (RR for BMI <30 kg/m2 \u221269% [95% CI \u221271 to \u221267]; RR for BMI \u226530 kg/m2 \u221263% [\u221267 to \u221259]) and sex (RR for female \u221269% [95% CI \u221271 to \u221267]; RR for male \u221261% [\u201366 to \u221257]; appendix p 5)."]}
{"par_id": 21066, "sentences": ["In this large-scale, community-based study in the UK, we have investigated adverse effects and infection rates following administration of the two COVID-19 vaccines that are in use in the UK.", "The overall mean age of the vaccinated app users was higher than that of the general population (40\u00b73 years)24 yet was lower than those of the samples within other UK COVID-19 effectiveness studies,11, 12 largely because of the presence of a small proportion of health-care workers among the participants of this study.", "However, our study population was considerably older than the study populations of the phase 3 trials.3, 6, 7", "We found that systemic adverse effects, including headache and fatigue, affected fewer than one in four people and were less common in the community than expected from clinical trials.", "For example, in phase 3 clinical trials of the BNT162b2 vaccine,3 the most common events after the first dose were injection-site pain (71\u201383%), fatigue (34\u201347%), and headache (25\u201342%).", "However, in our community analysis, less than 30% of users complained of injection-site pain and less than 25% of fatigue and headache after the first dose.", "Although side-effects were significantly more prevalent in women than in men, in people aged 55 years or younger than in those older than 55 years, and after the second than after the first dose, they occurred at much lower frequencies than expected from the published literature.", "For instance, whereas 51\u201359% of participants reported fatigue after the second BNT162b2 dose in the phase 3 trial of that vaccine,3 fatigue was reported by less than 15% of participants after the second dose in our study.", "Additionally, our data provide evidence from the community to support early reports of higher frequency of side-effects in younger than in older individuals.3, 7"]}
{"par_id": 21067, "sentences": ["Similarly, rates of side-effects following the ChAdOx1 nCoV-19 vaccine were lower than expected.7", "The phase 2\u20133 trial of the ChAdOx1 nCoV-19 vaccine7 reported systemic adverse effects in 88% of participants aged 18\u201355 years who received the first injection, whereas we found a lower rate of 33\u00b77% after the first dose in the overall sample and 46\u00b79% in individuals aged 18\u201355 years (data not shown).", "Individuals vaccinated with the ChAdOx1 nCoV-19 vaccine were more likely to experience systemic side-effects than those who had been given the BNT162b2 vaccine, but in our study 89% of respondents who logged at least one systemic effect after the ChAdOx1 nCoV-19 vaccine did not report any systemic effects after 3 days, and 98\u00b73% did not report any after 1 week."]}
{"par_id": 21068, "sentences": ["Individuals with evidence of past SARS-CoV-2 infection were also more likely to have adverse effects than those without evidence of past infection with both vaccines.", "It is possible, although it remains to be tested, that this increased reactogenicity relates to increased immunogenicity.", "It has been shown that vaccines have increased immunogenicity in individuals with past infection and these people have higher antibody titres than those without previous infection.22, 23, 25"]}
{"par_id": 21069, "sentences": ["We observed an infection risk reduction at 21\u201344 days after vaccination in all vaccinated users compared with unvaccinated controls (RR was \u221269% [95% CI \u221272 to \u221266] for BNT162b2 and \u221260% [\u201368 to \u221249] for ChAdOx1 nCoV-19).", "The reduction of infection was lower in individuals older than 55 years than those aged 55 years or younger, in those with one or more comorbidities than in those without comorbidities, and in individuals with a BMI of 30 kg/m2 or higher than in those with a BMI of less than 30 kg/m2 (appendix p 5).", "A preprint based on data from Israel suggested that a single dose of BNT162b2 might not provide enough protection;26 however, a re-analysis of the same dataset indicated that after 14 days the effectiveness of a single dose of vaccine was about 90%.5", "Although our data, due to their observational nature, does not allow us to comment directly on effectiveness, the observed decrease of infection over time seems to be in line with efficacy reported in the BNT162b2 phase 3 trial3 and supports the UK Government's decision to delay the timing of the second injection to 12 weeks to maximise the number of people receiving at least one dose.", "Long-term surveillance for SARS-CoV-2 protection in individuals who have received delayed second doses of BNT162b2 compared with those receiving second doses according to initial guidelines (ie, 21 days after the first dose) will be required to determine whether these initial protection estimates persist."]}
{"par_id": 21070, "sentences": ["Strengths of our study include its large sample size; capture of data on SARS- CoV-2 RT-PCR or lateral flow test results, regardless of symptoms; the prospective real-time capture of information on symptoms; and the availability of both BNT162b2 and ChAdOx1 nCoV-19 vaccines in the UK, which allowed cross- vaccine comparison.", "Our study also has several limitations.", "We used self- reported data, which can introduce information bias, including misclassification, or effect bias exposure.", "Also, some participants might be more likely to report symptoms than others, and there is the potential for users to drop out of reporting in the app.", "Participants using the app were a self-selected group and not representative of the general population, as has been observed in other digital platform studies.27", "Users of a participatory platform (as well as participants in all voluntary studies, including clinical trials) are likely to be more interested in health, and might behave differently to the general population as a result.", "Previous work has shown that data from our app is able to produce estimates of population-level disease prevalence that agree well with surveys with random, representative designs,18, 28 suggesting that behavioural issues are not substantially biasing our app population.", "As with other studies examining COVID-19 vaccine effects in the general community, our data are limited by the vaccine rollout's focus on health-care workers, elderly people, and people who are clinically vulnerable.2", "Moreover, our results might have been affected by collider bias (ie, when a risk factor and an outcome both affect the likelihood of being sampled)29 if both vaccination status and COVID positivity influenced the probability of participation in the app.", "However, given that strong reductions in COVID hospitalisations after vaccination were observed in nationwide studies in Scotland12 and England,11 we believe that collider bias is unlikely to underlie the reduction in infections seen in our data.", "Recipients of the ChAdOx1 nCoV-19 vaccine might differ from recipients of the BNT162b2 vaccine by age or dependency.", "Although we adjusted for population differences across the BNT162b2, ChAdOx1 nCoV-19, and unvaccinated control groups, our estimates of infection rates after vaccination might not have fully adjusted for case-mix and therefore are preliminary.", "Furthermore, because the ChAdOx1 nCoV-19 vaccine started being rolled out in January, 2021, and the second dose is to be administered at 12 weeks, no app users had received two doses of ChAdOx1 nCoV-19 at the time of this report.", "The completeness of reporting was higher for systemic effects than for local effects, which might have introduced some bias (appendix p 12).", "Some severe side-effects might have been missed if app users experiencing them were unable to use the app to report side-effects.", "However, we saw substantially lower rates of severe and mild side-effects than observed in phase 3 trials, making the missing of severe side-effects an unlikely explanation for the lower prevalence of side-effects seen in our data.", "Furthermore, we cannot rule out the presence of selection bias in who was tested after vaccination, as we know that health-care workers are tested more frequently than people in the general population, even if they are asymptomatic.", "This is an observational study, with data captured during a specific timeframe, and our study design does not allow an inference of causality.", "Also, we evaluated only short-term adverse effects, and long-term surveillance in the general population will be required to investigate possible future effects.", "Finally, the systemic side-effects were collected from daily reports within 1 week from the injection date, so we cannot rule out that these effects might not be vaccine related.", "We also had insufficient power to assess differential rates by ethnic group."]}
{"par_id": 21071, "sentences": ["In conclusion, short-term adverse effects of both vaccines are moderate in frequency, mild in severity, and short-lived.", "Adverse effects are more frequently reported in younger individuals, women, and among those who previously had COVID-19.", "The post-vaccine symptoms (both systemic and local) often last 1\u20132 days from the injection.", "Our data could be used to inform people on the likelihood of side-effects on the basis of their age and sex and the type of vaccine being administered.", "Furthermore, our data support results from randomised controlled trials in a large community-based scenario showing evidence of reduction in infection after 12 days and substantial protection after 3 weeks."]}
{"par_id": 21072, "sentences": ["## Data sharing"]}
{"par_id": 21073, "sentences": ["Anonymised research data are shared with third parties via Health Data Research UK (HDRUK.ac.uk).", "US investigators are encouraged to coordinate data requests through the Coronavirus Pandemic Epidemiology (COPE) consortium (www.monganinstitute.org/cope-consortium).", "Data updates can be found at https://covid.joinzoe.com."]}
{"par_id": 21074, "sentences": ["## Declaration of interests"]}
{"par_id": 21075, "sentences": ["CM reports grants from Chronic Disease Research Foundation (CDRF) during the conduct of the study.", "JW, AM, LP, CH, SS, and JC report being employees of ZOE Global during the conduct of the study.", "ATC reports grants from Massachusetts Consortium on Pathogen Readiness during the conduct of the study, and personal fees from Bayer Pharma, Pfizer, and Boehringer Ingelheim, outside the submitted work.", "DAD reports grants from National Institutes of Health (NIH), Massachusetts Consortium on Pathogen Readiness, and American Gastroenterological Association, during the conduct of the study, and that he served as a co-investigator on an unrelated nutrition trial sponsored by ZOE Global.", "CHS reports grants from Alzheimer's Society during the conduct of the study.", "AMV reports grants from Medical Research Council (MRC) and personal fees from ZOE Global, during the conduct of the study.", "ALG reports having shares in AstraZeneca and receiving grants from Novavax, outside the submitted work.", "CJS reports grants from CDRF, MRC, and Wellcome Trust, during the conduct of the study.", "SO reports grants from Wellcome Trust, UK Research and Innovation (UKRI), and CDRF, during the conduct of the study.", "TDS reports being a consultant for ZOE Global, during the conduct of the study.", "All other authors declare no competing interests."]}
{"par_id": 21076, "sentences": ["###"]}
{"par_id": 21077, "sentences": ["ZOE Global provided in-kind support for all aspects of building, running, and supporting the app and service to all users worldwide.", "The Department of Twin Research & Genetic Epidemiology at King's College London receives grant support from the Wellcome Trust (212904/Z/18/Z), the MRC British Heart Foundation Ancestry and Biological Informative Markers for Stratification of Hypertension (AIMHY; MR/M016560/1), the European Union, CDRF, ZOE Global, NIH, the National Institute for Health Research (NIHR)-funded BioResource, and Clinical Research Facility and Biomedical Research Centre based at Guy's and St Thomas' National Health Service (NHS) Foundation Trust, in partnership with King's College London.", "SO is funded by the Wellcome Engineering and Physical Sciences Research Council (EPSRC) Centre for Medical Engineering (WT203148/Z/16/Z) and the Wellcome Flagship Programme (WT213038/Z/18/Z).", "CM is funded by the CDRF and the MRC AIMHY project grant.", "CHS is an Alzheimer's Society junior fellow (AS-JF-17-011).", "The School of Biomedical Engineering & Imaging Sciences is supported by the Wellcome EPSRC Centre for Medical Engineering at King's College London (WT203148/Z/16/Z) and the Department of Health via the NIHR comprehensive Biomedical Research Centre award to Guy's and St Thomas' NHS Foundation Trust, in partnership with King's College London and King's College Hospital NHS Foundation Trust.", "ATC is a Stuart and Suzanne Steele MGH Research Scholar.", "LHN is supported by an NIH K23DK125838 award, the American Gastroenterological Association Research Scholar Award, and the Crohn's and Colitis Foundation Career Development Award.", "DAD and LHN are supported by the American Gastroenterological Association-Takeda COVID-19 Rapid Response Research Award (AGA2021-5102).", "DAD is supported by NIH/National Institute of Health Diabetes and Digestive and Kidney Diseases (K01DK120742).", "ATC, LHN, and DAD are supported by the Massachusetts Consortium on Pathogen Readiness.", "JM is partially supported by the NIH (DK40561) and the American Diabetes Association (7-21-JDFM-005).", "PL is funded by the CDRF.", "AMV is funded by a UKRI and MRC Covid-Rapid Response grant (MR/V027883/1).", "We thank all participants, including study volunteers enrolled in cohorts within the COPE consortium.", "We thank the staff of ZOE Global, the Department of Twin Research & Genetic Epidemiology at King's College London, the Clinical & Translational Epidemiology Unit at Massachusetts General Hospital, and researchers and staff at Lund University in Sweden for their tireless work in contributing to the running of the study and data collection."]}
{"par_id": 21078, "sentences": ["## Contributors"]}
{"par_id": 21079, "sentences": ["JW and TDS acquired funding.", "CM and TDS conceptualised the study.", "KK, AM, LP, and JC analysed the data.", "BM and JC curated the data.", "PL, CHS, LHN, DAD, JM, MA, LSC, EM, MSG, MMo, ADJ, MMa, AH, ATC, CJS, SO, SS, and CH contributed data and software.", "CM, JC, and TDS verified the underlying data.", "CM, KK, AM, LP, AMV, ALG, and TDS wrote the first draft of the manuscript.", "All authors reviewed and edited revisions of the manuscript, had full access to all the data in the study, and had final responsibility for the decision to submit for publication."]}
{"par_id": 21080, "sentences": ["Supplementary appendix:"]}
{"par_id": 21081, "sentences": ["Click here to view.(923K, pdf)"]}
