{"par_id": 48000, "sentences": ["Attention to Eyes is Present But in Decline in 2\u20136 Month-Olds Later Diagnosed with Autism"]}
{"par_id": 48001, "sentences": ["Deficits in eye contact have been a hallmark of autism1,2 since the condition\u2019s initial description3.", "They are cited widely as a diagnostic feature4 and figure prominently in clinical instruments5; however, the early onset of these deficits has not been known.", "Here we show in a prospective longitudinal study that infants later diagnosed with autism spectrum disorders (ASD) exhibit mean decline in eye fixation within the first 2 to 6 months of life, a pattern not observed in infants who do not develop ASD.", "These observations mark the earliest known indicators of social disability in infancy, but also falsify a prior hypothesis: in the first months of life, this basic mechanism of social adaptive action\u2014eye looking\u2014is not immediately diminished in infants later diagnosed with ASD; instead, eye looking appears to begin at normative levels prior to decline.", "The timing of decline highlights a narrow developmental window and reveals the early derailment of processes that would otherwise play a key role in canalizing typical social development.", "Finally, the observation of this decline in eye fixation\u2014rather than outright absence\u2014offers a promising opportunity for early intervention, one that could build on the apparent preservation of mechanisms subserving reflexive initial orientation towards the eyes."]}
{"par_id": 48002, "sentences": ["##"]}
{"par_id": 48003, "sentences": ["Autism Spectrum Disorders (ASD) affect approximately 1 in every 88 individuals6.", "They are lifelong, believed to be congenital, and are among the most highly heritable of psychiatric conditions7, with estimates suggesting as many as three to five hundred distinct genes impacting etiology8.", "The genetic heterogeneity of ASD, however, poses a stark challenge for understanding its biology: how are so many different \u201ccauses\u201d instantiated into common forms of disability?"]}
{"par_id": 48004, "sentences": ["One answer is that while the specific biological mechanisms may vary (in genes or pathways affected, in dosage or in timing), any such disruptions will contribute to an individual deviation from normative developmental processes9,10; the mechanisms may initially be different, but a divergence from typical development is shared.", "In this way, widely varying initial liabilities can be converted into similar manifestations of impairment, giving rise to the spectrum of social disability we then call \u201cautism\u201d."]}
{"par_id": 48005, "sentences": ["In typical development, the processes of normative social interaction are extremely early-emerging: from the first hours and weeks of life, preferential attention to familiar voices11, faces12, face-like stimuli13, and biological motion14 guide typical infants15.", "These processes are highly-conserved phylogenetically16 and lay the foundation for iterative specialization of mind and brain17, entraining typical babies to the social signals of their caregivers11\u201314,18."]}
{"par_id": 48006, "sentences": ["In the current study, we tested the extent to which measures of these early- emerging normative processes may reveal disruptions in ASD at a point prior to the manifestation of overt symptoms.", "We measured preferential attention to the eyes of others, a skill present in typical infants12 but significantly impaired in 2-year-olds with ASD2.", "We hypothesized that in infants later diagnosed with ASD, preferential attention to others\u2019 eyes might be diminished from birth onwards2,3,17."]}
{"par_id": 48007, "sentences": ["Data were collected at 10 time points: at months 2, 3, 4, 5, 6, 9, 12, 15, 18, and 24.", "We studied 110 infants, enrolled as risk-based cohorts: N=59 at high- risk for ASD (full siblings of a child with ASD19) and N=51 at low-risk (without 1st, 2nd, or 3rd degree relatives with ASD).", "Diagnostic status was ascertained at 36 months.", "For details on study design, clinical characterization of participants, and experimental procedures, see Methods and Supplementary Materials."]}
{"par_id": 48008, "sentences": ["Of the high-risk infants, N=12 met criteria for ASD20 (10 males, 2 females), indicating a conversion rate of 20.3%19.", "One child from the low-risk cohort was also diagnosed with ASD.", "Given the small number of girls in the ASD group, we constrained current analyses to males only, N=11 ASD (10 from the high-risk cohort and 1 from the low-risk), and N=25 typically-developing (TD) (all from the low-risk cohort)."]}
{"par_id": 48009, "sentences": ["At each testing session, infants viewed scenes of naturalistic caregiver interaction (Figures 1a, 1b) while their visual scanning was measured with eye-tracking equipment.", "The N=36 TD and ASD children viewed 2,384 trials of video scenes."]}
{"par_id": 48010, "sentences": ["Figure 1"]}
{"par_id": 48011, "sentences": ["Example stimuli, visual scanpaths, regions-of-interest, and longitudinal eye- tracking data from 2 until 24 months of age"]}
{"par_id": 48012, "sentences": ["a, Data from 6-month-old later diagnosed with ASD, red.", "b, Data from typically-developing (TD) 6-month-old, blue.", "Two seconds of eye-tracking data are overlaid on each still image, onscreen at the midpoint of the data sample.", "Saccades plotted as thin white lines with white dots; fixation data plotted as larger colored dots.", "c, Corresponding regions of interest for each image in a and b, shaded to indicate eye, mouth, body, and object regions.", "Trial data with FDA curve fits plotting percentage of total fixation time on eyes, from 2 until 24 months of age, for d, 2 children with ASD and e, 2 TD children."]}
{"par_id": 48013, "sentences": ["Control comparisons tested for between-group differences in attention to task and completion of procedures.", "There were no between-group differences in duration of data collected per child (TD = 71.25(27.66) min, ASD = 64.16(30.77) min, t34 = 0.685, P = 0.498); nor in the distribution of ages at which successful data collection occurred (k = .0759, P = 0.9556; 2-sample Kolmogorov-Smirnov).", "Calibration accuracy was not significantly different between groups, cross-sectionally, at any data collection session (all P > 0.15, t < 1.44; mean P = 0.428), nor longitudinally, as a main effect of diagnosis (F1,2968.336 = 0.202, P = 0.65) or interaction of diagnosis by time (F1,130.551 = 0.027, P = 0.87) (by hierarchical linear modeling; see Methods, Supplementary Materials and Extended Data Figure 8)."]}
{"par_id": 48014, "sentences": ["Extended Data Figure 8"]}
{"par_id": 48015, "sentences": ["Calibration accuracy from 2 until 24 months of life in typically-developing children (TD) and in children diagnosed with an autism spectrum disorder (ASD)"]}
{"par_id": 48016, "sentences": ["In plots in a, the cross marks the location of mean calibration accuracy, while the annulus marks the 95% confidence interval (CI).", "In b, kernel density estimates plot the distribution of fixation locations relative to fixation targets for Typically-Developing (TD) children.", "In c, kernel density estimates plot the distribution of fixation locations relative to fixation targets for children diagnosed with an Autism Spectrum Disorder (ASD).", "Smoothing bandwidth for kernel density estimates was equal to 1\u00b0.", "Targets for testing calibration accuracy consisted of spinning and/or flashing points of light and cartoon animations, ranging in size from 1\u00b0 to 1.5\u00b0 of visual angle, presented on an otherwise blank screen, all with accompanying sounds"]}
{"par_id": 48017, "sentences": ["We then measured percentage of visual fixation time to eyes, mouth, body, and object regions (Figure 1c).", "For each child, during each video, these measures served as the dependent variables for longitudinal analyses.", "Longitudinal analyses were conducted by Functional Data Analysis (FDA)21 and Principal Analysis by Conditional Expectation (PACE)22 (examples in Figures 1d, 1e), and were repeated with traditional growth curve analysis using hierarchical linear modeling (HLM)23."]}
{"par_id": 48018, "sentences": ["Growth curves for normative social engagement show broad developmental change in TD infants during the first two years of life (Figure 2a and Extended Data Figures 2,4,7).", "From 2\u20136 months, TD infants look more at the eyes than at mouth, body, or object regions (all F1,23 > 15.74, P < 0.001, by functional ANOVA21) (2a,2e).", "Mouth fixation increases during the first year and peaks at approximately 18 months (2a,2f).", "Fixation on body and object regions declines sharply throughout the first year, reaching a plateau between 18 and 24 months (2a, 2g, 2h), with greater fixation on body than on object regions at all time points (F1,23 = 18.02, P < 0.001)."]}
{"par_id": 48019, "sentences": ["Figure 2"]}
{"par_id": 48020, "sentences": ["Growth charts of social visual engagement for typically-developing children and children diagnosed with ASD"]}
{"par_id": 48021, "sentences": ["Fixation to eyes, mouth, body, and object from 2 until 24 months in a, TD and, b, ASD. c, Contrary to a congenital reduction in preferential attention to eyes in ASD, d, children with ASD exhibit mean decline in eye fixation.", "Longitudinal change in fixation to e, eyes; f, mouth; g, body; and h, object regions; between-group comparisons by functional ANOVA.", "Dark lines indicate mean growth curves, light lines indicate 95% CI.", "Top panels in e-h plot percent fixation; middle panels plot change in fixation (the first derivative, in units of % change per month); and bottom panels plot F value functions for between-group pointwise comparisons.", "Significant differences are shaded in medium gray for comparison of fixation data and light gray for comparison of change-in-fixation data."]}
{"par_id": 48022, "sentences": ["Extended Data Figure 2"]}
{"par_id": 48023, "sentences": ["Developmental differences in visual fixation between 2 and 6 months of age"]}
{"par_id": 48024, "sentences": ["Raw data for eyes fixation (a\u2013c), mouth fixation (d\u2013f), body fixation (g\u2013i), and object fixation (j\u2013l) between 2 and 6 months for typically-developing infants (in blue) and infants later diagnosed with autism spectrum disorders (in red).", "Darkly shaded data markers indicate the interquartile range (spanning 25th to 75th percentiles).", "Data show significant associations with chronological age, but the slopes of the associations differ for ASD and TD outcome groups, with significant interactions of Diagnosis by Age for eyes, F(1,787.928) = 9.27, P = 0.002; for body, F(1,25.557) = 5.88, P = 0.023; and for object, F(1,21.947) = 5.24, P = 0.032; but not for mouth, F(1,47.298) = 0.019, P = 0.89.", "Analyses by HLM.", "Plots in c, f, i, and l show mean trend lines and 95% CI."]}
{"par_id": 48025, "sentences": ["Extended Data Figure 4"]}
{"par_id": 48026, "sentences": ["Developmental change in visual fixation between 2 and 24 months of age in typically-developing children"]}
{"par_id": 48027, "sentences": ["Raw data for eyes fixation (a), mouth fixation (c), body fixation (e), and object fixation (g) between 2 and 24 months for typically-developing children.", "Darkly shaded data markers indicate the interquartile range (spanning 25th to 75th percentiles).", "Black lines indicates mean growth curves via hierarchical linear modelling (HLM).", "Mean fixation curves with 95% confidence intervals for eyes fixation (b), mouth fixation (d), body fixation (f), and object fixation (h) between 2 and 24 months for typically-developing children."]}
{"par_id": 48028, "sentences": ["Extended Data Figure 7"]}
{"par_id": 48029, "sentences": ["Mean fixation curves by PACE/FDA with the effects of adding (+) or subtracting (\u2212) principal component (PC) functions"]}
{"par_id": 48030, "sentences": ["(following the convention of Ramsay and Silverman, ref. 21).", "a, eyes fixation, b, mouth fixation, c, body fixation, and d, object fixation for both typically-developing infants (in blue) and infants with autism (in red).", "For each region and each group, number of plots is dictated by number of PC functions.", "Number of PC functions was determined by the Akaike Information Criterion.", "The fraction of variance explained (FVE) is given in parentheses in the upper left corner of each plot.", "The mean functions in each case match those plotted in Main Text Figure 2."]}
{"par_id": 48031, "sentences": ["In infants later diagnosed with ASD, growth curves of social visual engagement follow a different developmental course (Figure 2b and Extended Data Figures 2,5,7).", "From 2 until 24 months of age, eye fixation declines, arriving by 24 months at a level that is approximately \u00bd that of typically-developing children (2e).", "Fixation on others\u2019 mouths increases from month 2 until approximately month 18 (2f).", "Fixation on others\u2019 bodies declines in children with ASD, but at less than half the rate of TD children, stabilizing at a level 25% greater than typical (2g).", "Object fixation also declines more slowly in children with ASD, and increases during the 2nd year (2h), rising by 24 months to twice the level of typical controls."]}
{"par_id": 48032, "sentences": ["Extended Data Figure 5"]}
{"par_id": 48033, "sentences": ["Developmental change in visual fixation between 2 and 24 months of age in children with ASD"]}
{"par_id": 48034, "sentences": ["Raw data for eyes fixation (a), mouth fixation (c), body fixation (e), and object fixation (g) between 2 and 24 months for children with ASD.", "Darkly shaded data markers indicate the interquartile range (spanning 25th to 75th percentiles).", "Black lines indicates mean growth curves via hierarchical linear modelling (HLM).", "Mean fixation curves with 95% confidence intervals for eyes fixation (b), mouth fixation (d), body fixation (f), and object fixation (h) between 2 and 24 months for children with ASD."]}
{"par_id": 48035, "sentences": ["Between-group comparison of entire 2- to 24-month growth curves by functional ANOVA21 reveals significant differences in eye fixation (Figure 2e, F1,34 = 11.90, P =0.002); in body fixation (Figure 2g, F1,34 = 10.60, P =0.003); and in object fixation (Figure 2h, F1,34 = 12.08, P =0.002); but not in mouth fixation (Figure 2f, F1,34 = 0.002, P =0.965) (Bonferroni corrections for multiple comparisons, \u03b1 = 0.0125).", "Related analyses, including HLM, are given in Supplementary Materials and Extended Data Figures 4,5,7,8)"]}
{"par_id": 48036, "sentences": ["Contrary to our initial hypothesis2, the data for children with ASD show developmental decline in eye fixation from 2 until 24 months of age (Figure 2c,2d), with average levels of ASD eye looking that appear to begin in the normative range."]}
{"par_id": 48037, "sentences": ["The relationship between longitudinal eye fixation and dimensional level of social-communicative disability was tested via regression.", "As shown in Extended Data Figure 1, steeper decline in eye fixation is associated with more severe social disability5: r(9) = \u22120.750 [\u22120.27 \u2013 \u22120.93, 95% CI], P = 0.007.", "In an exploratory analysis, we also tested sub-sets of the available data: that is, we measured decline in eye fixation using only data collected between months 2 through 6, excluding data collected thereafter; then using only data collected between months 2\u20139; 2\u201312; etc.).", "The relationship between decline in eye fixation and outcome becomes a statistical trend by 2\u20139 months (P = 0.100), and is statistically significant thereafter.", "Although these analyses will benefit from replication with larger samples, they offer preliminary indication of the clinical significance of these early behaviours."]}
{"par_id": 48038, "sentences": ["Extended Data Figure 1"]}
{"par_id": 48039, "sentences": ["In infants later diagnosed with ASD, decline in eye fixation during the first 2 years is significantly associated with outcome levels of symptom severity"]}
{"par_id": 48040, "sentences": ["Functional Principal Component Analysis (FPCA) was used to extract growth curve components explaining variance in trajectory shape about the population mean.", "(a) Population mean for fixation to eyes in children with ASD (red line) plotted with lines indicating direction of individual trajectories having positive principal compenent one (PC1) scores (line marked by plus signs) or negative PC1 scores (line marked by minus signs).", "(b) Outcome levels of social disability (as measured by ADOS Social-Affect) as a function of decline in eye fixation (measured as eyes PC1 score).", "(c) Outcome levels of social disability as a function of decline in eye fixation using subsets of the longitudinal data (i.e., measuring decline in eye fixation using only data collected between months 2\u20136, excluding data thereafter; then between months 2\u20139, etc.).", "Decline in eye fixation predicts future outcome at trend levels by 2\u20139 months (P = 0.100), and is statistically significant thereafter."]}
{"par_id": 48041, "sentences": ["Our experimental design densely sampled the first 6 months of life in order to test the relationship between early looking behaviour and later categorical outcome.", "Extended Data Figures 2a\u20132c show raw eye fixation data collected in the first 6 months.", "Eye fixation data for both groups show significant associations with chronological age (F1,114.237 = 9.94, P =0.002 for TD eye fixation, F1,41.609 = 9.62, P =0.003 for ASD eye fixation), but the slopes of the associations are in opposite directions: increasing at +3.6% per month for TD [1.3 \u2013 5.9, 95% CI], and decreasing at \u22124.8% per month for ASD [\u22127.9 \u2013 \u22121.7, 95% CI].", "A similar difference is observed for body fixation (Extended Data Figure 2g\u20132i): body fixation is declining in TD children but is not declining in those later diagnosed with ASD (\u22124.3% per month [\u22125.4 \u2013 \u22123.1] for TD, F1,211.856 = 54.83, P <0.001; 0.3% per month for ASD [\u22121.2 \u2013 1.7], F1,241.320 = 0.11, P =0.739).", "For both regions, there are significant interactions of Diagnosis by Age: eyes, F1,787.928 = 9.27, P =0.002; and body, F1,25.557 = 5.88, P =0.023 (HLM)."]}
{"par_id": 48042, "sentences": ["As a control, we tested whether there were between-group differences in levels of looking at the video stimuli, irrespective of content region.", "There were no between-group differences in levels of fixation or saccading, respectively, either as a main effect of diagnosis [F(1,21.652) = 0.958, P = 0.339; F(1,27.189) = 0.250, P = 0.621] or as an interaction of diagnosis by age [F(1,20.026) = 0.880, P = 0.359; F(1,26.430) = 0.561, P = 0.460] (Extended Data Figure 3)."]}
{"par_id": 48043, "sentences": ["Extended Data Figure 3"]}
{"par_id": 48044, "sentences": ["Percentage of total time spent fixating and saccading between 2 and 6 months of age"]}
{"par_id": 48045, "sentences": ["Raw data for percentage of total time spent fixating (a\u2013c) and time spent saccading (d\u2013f) between 2 and 6 months for typically-developing infants (in blue) and infants with autism spectrum disorders (in red).", "Darkly shaded data markers indicate the interquartile range (spanning 25th to 75th percentiles).", "Data show significant associations with chronological age, but the slopes of the associations do not differ for ASD and TD outcome groups, F(1,20.026) = 0.88, P = 0.359 for time spent fixating; and F(1,26.430) = 0.56, P = 0.460 for time spent saccading.", "Analyses by HLM.", "Plots in c and f show mean trend lines and 95% CI."]}
{"par_id": 48046, "sentences": ["Given the variability in infant looking, we measured the extent of overlap in distributions for measures of fixation in TD infants relative to infants later diagnosed with ASD.", "Figure 3a plots individual growth curves for levels of eye fixation, while Figure 3b plots change in eye fixation.", "Mean individual levels of change in fixation between 2 and 6 months show minimal overlap between groups (Figure 3c).", "However, such estimates (depending as they do on the data used to build the model, with known diagnostic outcomes) are likely to be optimistic24; to assess bias, we performed an internal validation."]}
{"par_id": 48047, "sentences": ["Figure 3"]}
{"par_id": 48048, "sentences": ["Visual fixation between 2 and 6 months relative to diagnosis at year 3"]}
{"par_id": 48049, "sentences": ["Individual curve fits for, a, eye fixation data, and, b, change-in-fixation data for typically-developing infants (blue) and infants later diagnosed with ASD (red).", "c, The extent of between-group overlap in distributions of change- in-fixation data.", "For internal validation, each infant was tested as a validation case in relation to the remainder of the data (leave-one-out cross- validation, LOOCV).", "Area plots in d and e show LOOCV mean and 95% prediction intervals for individual trajectories of d, eye fixation, and e, change-in- fixation data; f, shows extent of between-group overlap in change-in-fixation data (mean and 95% CI).", "g\u2013i and j\u2013l repeat the same analyses for body fixation.", "m, plots the joint distribution of change in eye and body fixation.", "n, 6 male infants, not part of the original sample, were tested as an external validation."]}
{"par_id": 48050, "sentences": ["As an internal validation (Figures 3d\u20133f), we used leave-one-out cross- validation (LOOCV), partitioning our data into subsamples so that each infant was tested as a validation case (ie, presuming unknown diagnostic outcome) in relation to the remainder of the data set25.", "The results indicate relatively low levels of overlap between groups (Figure 3f).", "The same analyses were conducted for rates-of-change in body fixation (Figures 3g\u2013i and 3j\u2013l).", "While the area under each receiver operating characteristic (ROC) curve is smaller (as expected) for the internal validations (3f, 3l) as compared with estimates based on known diagnostic outcomes (3c, 3i), the 95% confidence intervals clearly indicate less overlap than expected by chance."]}
{"par_id": 48051, "sentences": ["As an external validation, we used the same technique to test 6 male infants who were not part of the original sample.", "Two of the six children had reached the age of 36 months, with confirmed ASD diagnosis, while 4 of the children were low-risk recruits, now at least 22 months of age, with no clinical concerns of ASD.", "In relation to the original sample\u2019s change in eye and body fixation (Figure 3m), these 6 independent test cases show similar trajectories within the first 6 months (Figure 3n).", "While this validation set is small, the probability of obtaining all 6 of these results in the predicted direction by chance alone is P = 0.0156 (equal to the chance of correctly predicting the outcome, 0.5, on each of 6 occasions, 0.56)."]}
{"par_id": 48052, "sentences": ["Having observed these differences between clearly-defined extremes of social functioning at outcome (ASD and TD), we then analysed data from the remaining high-risk males.", "These siblings were identified clinically as either unaffected at 36 months (HR-ASD_No-Dx) or as exhibiting subthreshold signs of ASD (also called the \u201cBroader Autism Phenotype\u201d, or BAP26, abbreviated here as HR-ASD_BAP).", "For change in eye fixation between 2 and 6 months of age, ROC curves in Figures 4a, 4b, and 4c quantify the overlap in measures relative to outcome (95% confidence intervals by LOOCV).", "The behaviour of unaffected siblings (HR-ASD_NoDx) is highly overlapping with that of TD children (4c), while the behaviour of infants later diagnosed with ASD (4a), and that of infants with subthreshold signs (4b), clearly differs from typical controls."]}
{"par_id": 48053, "sentences": ["Figure 4"]}
{"par_id": 48054, "sentences": ["Visual fixation between 2 and 6 months relative to outcome levels of affectedness"]}
{"par_id": 48055, "sentences": ["At 36 months, infant siblings at high-risk for ASD were confirmed either as having ASD; as having subthreshold signs of ASD (HR-ASD_BAP, Broader Autism Phenotype); or as unaffected (HR-ASD_No-Dx).", "ROC curves in a, b, and c, quantify overlap in measures of change in eye fixation relative to outcome (95% CI by LOOCV).", "The behaviour of unaffected siblings is overlapping with that of TD children, c, while the behaviour of infants later diagnosed with ASD, a, and that of infants with subthreshold signs, b, differs significantly from typical children.", "d, Eye fixation varies systematically across all outcome groups, with significant interaction of Outcome by Age (by HLM).", "e, Individual change in eye and body fixation for N=70 infant males (N=29 TD, 25 original sample, 4 external validation; N=13 ASD, 11 original sample, 2 external validation; N=18 HR-ASD_No-Dx; and N=10 HR-ASD_BAP).", "Probability density functions on ordinate and abscissa indicate distribution of measures for each outcome group."]}
{"par_id": 48056, "sentences": ["We also considered these data as part of a larger continuum (Figure 4d and Extended Data Figure 6).", "Graded developmental trajectories are evident in the significant interaction of Outcome [4 levels] by Age: F3,133.006 = 6.95, P <0.001 (HLM).", "TD children (blue) show strongly increasing eye fixation.", "Unaffected siblings (dark purple) also show increasing eye fixation.", "Siblings with subthreshold symptoms show neither increasing nor decreasing eye fixation (light purple), and infants later diagnosed with ASD show declining eye fixation (red)."]}
{"par_id": 48057, "sentences": ["Extended Data Figure 6"]}
{"par_id": 48058, "sentences": ["Developmental change in visual fixation on the eyes relative to outcome levels of affectedness"]}
{"par_id": 48059, "sentences": ["Percent fixation on eyes for (a) typically-developing infants; (c) infants at high-risk for ASD who showed no evidence of ASD at 36 months (HR-ASD_No-Dx); (e) infants at high-risk for ASD who showed some sub-thresholds signs of the Broader Autism Phenotype at 36 months but did not meet clinical best estimate diagnosis of ASD (HR-ASD_BAP); and (g) infants diagnosed with ASD at 36 months.", "External validation participants not included (in contrast to Figure 4 in main text).", "Darkly shaded data markers indicate the interquartile range (spanning 25th to 75th percentiles).", "Black lines indicates mean growth curves via hierarchical linear modeling (HLM).", "Plots in b, d, f, and h show mean fixation curves with 95% CI.", "Plots i\u2013l highlight the first 6 months of life in each group, and m plots the relationship across groups."]}
{"par_id": 48060, "sentences": ["In Figure 4e, individual results are plotted dimensionally, across the full spectrum of social ability to disability.", "The probability density functions on ordinate and abscissa indicate whole sample distributions for change in eye and body fixation.", "The data show gradations from TD children to those diagnosed with ASD, with children with ASD showing the largest decline in eye fixation as well as the greatest increase in body fixation.", "Values for unaffected siblings are fully overlapping with those of TD children, while children with BAP outcomes show intermediary behaviours."]}
{"par_id": 48061, "sentences": ["In summary, the current results indicate that the development of infants later diagnosed with ASD differs from that of their typical peers by 2\u20136 months of age.", "These results, while still limited in sample size, document the derailment of skills that would otherwise guide typical socialization10,17,18, and this early divergence from normative experience suggests a means by which diverse genetic liabilities are instantiated, developmentally, into a spectrum of affectedness.", "Given the interdependence9 of individual experience with brain structure and function, and with gene expression and methylation, these results suggest how a single individual\u2019s outcome will be shaped not only by initial genotypic vulnerabilities, but also by the atypical experiences that arise as a consequence of those vulnerabilities, instantiating a wide spectrum of affectedness."]}
{"par_id": 48062, "sentences": ["In children later diagnosed with ASD, eye looking shows mean decline by at least 2 months.", "To our surprise, however, those early levels of eye looking appear to begin at normative levels.", "This contradicts prior hypotheses of a congenital absence of social adaptive orientation2,3,17,18 and suggests instead that some social-adaptive behaviors may initially be intact in newborns later diagnosed with ASD.", "If confirmed in larger samples, this would offer a remarkable opportunity for treatment: predispositions that are initially intact suggest a neural foundation that might be built upon, offering far more positive possibilities than if that foundation were absent from the outset.", "Equally exciting, these data fit well within the framework of long-studied animal models of the neural systems subserving filial orientation and attachment28: they highlight a narrow period for future investigation, spanning the transition from experience-expectant to experience-dependent mechanisms27.", "A critical next step will be to measure densely sampled developmental change in gene expression and brain growth, in tandem with detailed quantification of behaviour; in short, measuring gene-brain-behaviour growth charts of infant social engagement to understand the developmental pathogenesis of social disability29."]}
{"par_id": 48063, "sentences": ["### Stimuli"]}
{"par_id": 48064, "sentences": ["Children were shown video scenes of a female actor looking directly into the camera and playing the role of a caregiver: entreating the viewing toddler by engaging in childhood games (e.g., playing pat-a-cake) (Figures 1a and 1b in main text; also described in 2).", "The actors were filmed in naturalistic settings that emulated the real-world environment of a child\u2019s room, with pictures, shelves of toys, and stuffed animals.", "We used naturalistic stimuli (e.g., dynamic rather than static stimuli, and realistic rather than abstracted or reductive scenes) in light of past research indicating that older children with ASD exhibit large discrepancies between their actual adaptive behavior skills in the real world relative to their cognitive potential in more structured situations30; exhibit larger between-group effect sizes for face-processing deficits with dynamic relative to static stimuli31; and exhibit marked difficulties when attempting to generalize skills from structured, rote environments (in which the skills were initially learned) to environments that are open-ended and rapidly-changing4.", "At each data collection session, videos were drawn in pseudo-random order from a pool of 35 total.", "Both the \u201ccaregiver\u201d video stimuli analyzed here (35 videos), as well as videos of infant and toddler interaction (\u201cpeer-play\u201d videos, as described in reference32, for another set of experiments not yet analyzed) were presented.", "Video stimuli were presented in pseudo-random order.", "There were no between-group differences in duration of data collected per child, either in total (t34 = 0.685, P = 0.498) or specifically for the caregiver stimuli (t34 = 0.205, P = 0.839).", "Successful data collection was achieved in 80.2% of all testing sessions; failed data collection sessions occurred as the result of an infant falling asleep, crying, or becoming too fussy to watch the videos.", "Reasons for failure were recorded in data collection reports for each session and maintained in a database; no systematic difference in reasons for failure could be discerned between the two groups.", "At each data collection session, approximately 30% of the videos shown to a child were novel, while the remaining 70% were repeated from previous sessions (from both the immediately preceding session as well as from any prior session beginning at month 2 onwards).", "This balanced the need for repeated measures to the same stimulus video with the need for novelty.", "To test for learning effects of repeated presentations, we compared end-stage results at 24 months in this longitudinal sample with previous results in a cross-sectional sample at that age (males from 2): tested by 2\u00d72 between-subjects factorial ANOVA, there was no main effect of cohort, longitudinal vs. cross-sectional (F1,57 =0.052, P =0.820), but there was a significant main effect of diagnosis (ASD vs. TD, F1,57 = 6.29, P =0.015)."]}
{"par_id": 48065, "sentences": ["Caregiver videos were presented as full-screen audiovisual stimuli on a 20-inch computer monitor (refresh rate of 60 Hz noninterlaced); in 32-bit color; at 640\u00d7480 pixels in resolution; at 30 frames per second; with mono channel audio sampled at 44.1 kHz.", "Stimuli were sound and luminosity equalized, and were piloted prior to the start of study in order to optimize engagement for typical infant and toddler viewers.", "Regions of Interest (Eye, Mouth, Body, & Object) were bitmapped in all frames of video (Figure 1c in main text).", "Average sizes of the regions-of-interest are given in Extended Data Table 1c."]}
{"par_id": 48066, "sentences": ["### Extended Data Table 1"]}
{"par_id": 48067, "sentences": ["Parameter Values and Regions-of-Interest."]}
{"par_id": 48068, "sentences": ["a, Table of parameter values for hierarchical linear modeling.", "b, Table of parameter values for PACE/FDA smoothing bandwidths, eigenfunctions, and fraction of variance explained (FVE).", "c, Table of sizes of regions-of-interest in video stimuli."]}
{"par_id": 48069, "sentences": ["a"]}
{"par_id": 48070, "sentences": ["* * *      ---   | Model| Group| Intercept (s.e.m.)| Age coefficient B1 (s.e.m.)| Age coefficient B2 (s.e.m.)| Age coefficient B3 (s.e.m.)   Eyes| 3rd order| TD| 13.410 (19.009)| 9.6878 (4.5920)| \u22120.7919 (0.3801)| 0.0179 (0.0092)   3rd order| ASD| 66.979 (8.665)| \u22123.5843 (2.0843)| 0.0817 (0.1726)| 0.0001 (0.0042)   Mouth| 2nd order| TD| 11.411 (13.269)| 3.6110 (1.6954)| \u22120.0917 (0.0537)| n.a.", "2nd order| ASD| \u22126.596 (6.081)| 6.7058 (0.7762)| \u22120.1977 (0.0244)| n.a.", "Body| Inverse| TD| 6.872 (5.162)| 45.6250 (28.3084)| n.a.| n.a.", "Inverse| ASD| 13.450 (2.358)| 12.8734 (12.9730)| n.a.| n.a.", "Object| 3rd order| TD| 32.772 (8.973)| \u22125.7665 (2.3918)| 0.3570 (0.1980)| \u22120.0068 (0.0048)   3rd order| ASD| 17.366 (4.100)| \u22121.4479 (1.0913)| 0.0201 (0.0904)| 0.0014 (0.0022)"]}
{"par_id": 48071, "sentences": ["b"]}
{"par_id": 48072, "sentences": ["* * *      ---   | Group| W\u03bc1| WG2| Eigenfunctions3| FVE   Eyes| TD| 5.7045| [2.5422, 2.5422]| 2| 96.48%, 3.49%   ASD| 6.3868| [2.2335, 2.2335]| 3| 82.72%, 10.66%, 6.18%   Mouth| TD| 5.6800| [2.5431, 2.5431]| 2| 94.06%, 5.93%   ASD| 6.3879| [2.2339, 2.2339]| 3| 69.89%, 20.95%, 8.98%   Body| TD| 5.6729| [2.5415, 2.5415]| 2| 91.75%, 8.19%   ASD| 6.3894| [2.2339, 2.2339]| 2| 98.71%, 1.28%   Object| TD| 5.6935| [2.5433, 2.5433]| 2| 91.14%, 8.85%   ASD| 6.3883| [2.2331, 2.2331]| 2| 95.25%, 4.25%"]}
{"par_id": 48073, "sentences": ["c"]}
{"par_id": 48074, "sentences": ["* * *      ---   | Eyes| Mouth| Body| Object   Horizontal1| 8.04\u00b0 (0.46)| 7.71\u00b0 (0.49)| 25.11\u00b0 (2.70)| 31.99\u00b0 (0.05)2   Vertical1| 6.91\u00b0 (0.44)| 5.72\u00b0 (0.59)| 21.71\u00b0 (0.73)| 23.94\u00b0 (0.49)2"]}
{"par_id": 48075, "sentences": ["s.e.m.", "= standard error measure"]}
{"par_id": 48076, "sentences": ["1Bandwidth for mean function, W\u03bc, selected by generalized cross-validation."]}
{"par_id": 48077, "sentences": ["2Bandwidth for covariance surface, WG, selected by generalized cross- validation."]}
{"par_id": 48078, "sentences": ["3Number of eigenfunctions selected by Akaike Information Criterion (AIC)."]}
{"par_id": 48079, "sentences": ["FVE = Fraction of Variance Explained"]}
{"par_id": 48080, "sentences": ["1Data are given as mean (SD) in degrees of visual angle."]}
{"par_id": 48081, "sentences": ["2Object ROIs generally spanned the full horizontal and vertical extent of the background in all video images, excepting cases of some body and hand gestures, as shown in Figure 1 in the main text.", "The average minimum visual area subtended by any portion of the object ROI is equal to the difference between object and body ROIs."]}
{"par_id": 48082, "sentences": ["### Experimental Setting and Equipment"]}
{"par_id": 48083, "sentences": ["Two settings for eye-tracking data collection were utilized in this study.", "One eye-tracking laboratory was optimized for infants between the ages of 2 and 6 months, and a second setting was optimized for infants and toddlers from 9 to 36 months.", "The primary distinction between the two settings was the use of a reclined bassinet for younger infants versus the use of a car seat for older infants and toddlers.", "The eye-tracking data collection hardware and software were identical in both settings, and all aspects of automated stimuli presentation, data collection, and analysis were also identical; these have previously been described in 2.", "To obtain optimal eye imaging with infants in the reclined bassinet, eye-tracking cameras and infrared light source were concealed within a teleprompter.", "In the toddler lab, eye-tracking cameras were mounted beneath a computer display monitor.", "The display monitor was mounted flush within a wall panel.", "In both labs, eye-tracking was accomplished by a video-based, dark pupil/corneal reflection technique with hardware and software created by ISCAN, Inc. (Woburn, MA, USA), with data collected at 60 Hz.", "In both labs, audio was played through a set of concealed speakers.", "Infants were placed in a modified travel bassinet, mounted on a table that was raised and lowered at the beginning of each session to standardize the positioning of the infant\u2019s eyes relative to the display monitor.", "In the toddler lab, children were seated in a car seat in front of the computer screen on which the videos were presented.", "As in the infant lab, the car seat was raised and lowered so as to standardize the position of each child\u2019s eyes relative to the display monitor."]}
{"par_id": 48084, "sentences": ["### Experimental Protocol"]}
{"par_id": 48085, "sentences": ["Infants and toddlers were accompanied at all times by a parent or primary caregiver.", "To begin the experimental session, the participant (infant or toddler) and caregiver entered the laboratory room while a children\u2019s video (Baby Mozart, Elmo, etc.) played on the display monitor.", "The child was buckled into the bassinet or car seat.", "Eye position relative to display monitor was then standardized for each child by adjusting the seat or bassinet location.", "Viewers\u2019 eyes were 28 inches (71.12 centimeters) from the display monitor, which subtended an approximately 24\u00b0 \u00d7 32\u00b0 portion of each viewer\u2019s visual field.", "Lights in the room were dimmed so that only content presented on the display monitor could be easily seen.", "During testing, both experimenter and parent were out of view from the child but were able to monitor the child at all times by means of an eye-tracking camera and by a second video camera that filmed a full-body image of the child."]}
{"par_id": 48086, "sentences": ["Visual fixation patterns were measured with eye-tracking hardware (ISCAN, Inc).", "To begin the process of data collection, after the child was comfortably watching the children\u2019s video, calibration targets were presented onscreen by the experimenter.", "This was done via software that paused the playing video and presented a calibration target on an otherwise blank background.", "A five-point calibration scheme was used, presenting spinning and/or flashing points of light as well as cartoon animations, ranging in size from 1\u00b0 to 1.5\u00b0 of visual angle, all with accompanying sounds.", "For the infants, calibration stimuli began as large targets, >= 10\u00b0 in horizontal and vertical dimensions, which then shrank via animation to their final size of 1\u00b0 to 1.5\u00b0 of visual angle.", "The calibration routine was followed by verification of calibration in which more animations were presented at five on-screen locations.", "Throughout the remainder of the testing session, animated targets (as used in the calibration process) were shown between experimental videos to measure drift in calibration accuracy.", "In this way, accuracy of the eye-tracking data was verified before beginning experimental trials and was then repeatedly checked between video segments as the testing continued.", "In the case that drift exceeded 3\u00b0, data collection was stopped and the child was recalibrated before further videos were presented.", "For additional details and measures of calibration accuracy, please see Supplementary Materials and Extended Data Figure 8."]}
{"par_id": 48087, "sentences": ["### Analysis of Eye Movements"]}
{"par_id": 48088, "sentences": ["Analysis of eye movements and coding of fixation data were performed with software written in MATLAB (MathWorks).", "The first phase of analysis was an automated identification of non-fixation data, comprising blinks, saccades, and fixations directed away from the stimuli presentation screen.", "Saccades were identified by eye velocity using a threshold of 30\u00b0/second33.", "We tested the velocity threshold with the 60 Hz eye-tracking system described above and, separately, with an eye-tracking system collecting data at 500 Hz (SensoMotoric Instruments GmbH, Teltow, Germany).", "In both cases saccades were identified with equivalent reliability as compared with both hand coding of the raw eye position data and with high-speed video of the child\u2019s eyes.", "Blinks were identified as described in 32.", "Off-screen fixations (when a participant looked away from the video) were identified by fixation coordinates beyond the stimuli presentation screen."]}
{"par_id": 48089, "sentences": ["Eye movements identified as fixations were coded into 4 regions of interest that were defined within each frame of all video stimuli: eyes, mouth, body (neck, shoulders, and contours around eyes and mouth, such as hair), and object (surrounding inanimate stimuli) (Figure 1c, main text).", "The regions of interest were hand traced for all frames of the video and were then stored as binary bitmaps (via software written in MATLAB; MathWorks Inc, Natick, Massachusetts).", "Automated coding of fixation time to each region of interest then consisted of a numerical comparison of each child\u2019s coordinate fixation data with the bitmapped regions of interest."]}
{"par_id": 48090, "sentences": ["### Longitudinal Data Analyses"]}
{"par_id": 48091, "sentences": ["To examine the longitudinal development of social visual attention, for individual participants and across both ASD and TD groups, we used Functional Data Analysis (FDA)21 and Principal Analysis by Conditional Expectation (PACE)22,34\u201336 (main text, Figure 1d and 1e for example individual fits, and Figure 2 for group results; also Extended Data Figure 7).", "Although we focused on FDA/PACE in order to overcome limitations inherent to cross-sectional analyses, as well as some limitations of traditional growth curve analyses, we repeated all our analyses using hierarchical linear modeling (HLM) (Extended Data Figures 4,5,6 and Extended Data Table 1b).", "Although the two methods yielded the same pattern of significant between-group differences (described in main text and in Supplementary Materials), we favour the FDA approach because traditional growth curve analyses can be confounded by individual differences in developmental timescale, and also because traditional growth curve analyses often require correct assumption of an underlying parametric or semi-parametric model (rather than allowing this to be determined in a data- driven fashion37).", "In contrast, FDA methods determine curve shape empirically22,35 and model statistical variation in both time scale as well as amplitude34,36.", "The PACE method of FDA is also designed specifically to overcome a common problem for longitudinal studies: non-uniform sampling particularly in the case of missing values22,35.", "PACE characterizes statistical ensembles of irregularly-sampled longitudinal data in terms of entire curve shapes on the basis of conditional expectation.", "This maximizes the ability to detect patterns of correlation across trajectories and minimizes the impact of data sampled at discrete intervals with varying number of measurements per participant36.", "This approach significantly improves the detection of common features in trajectory shape."]}
{"par_id": 48092, "sentences": ["As noted above, as a methodological comparison to FDA, we also analysed the data using hierarchical linear modeling23.", "The presence of linear and curvilinear (quadratic and cubic) patterns was assessed for Fixation relative to Age via the following model: Fixationij = interceptj \\+ dij \\+ B1j (Ageij) + B2j (Ageij)2 \\+ B3j (Ageij)3 \\+ eij; where dij represents the normally distributed random effect modeling within-subject dependence by group; eij represents the normally distributed residual error; and the B1, B2, and B3 coefficients indicate how fixation levels change with age and by group.", "Initial evaluation of the data indicated an inverse relationship between body fixation and age, and was therefore also assessed with the following model: Body Fixationij = di \\+ interceptj \\+ (B1j/Ageij) + eij.", "In all cases, the intercept and B terms were modeled as fixed effects but were allowed to vary by group.", "Degrees of freedom were calculated by the Satterthwaite method (equal variances not assumed).", "Positively skewed data (eg, body and object fixation trials) were log-transformed; plots show untransformed data.", "F tests and log-likelihood ratios were used to determine whether a linear, quadratic, cubic, or inverse relationship best described the data.", "Growth curves from hierarchical linear modeling are plotted in Extended Data Figures 4 and 5, and the regression parameters for Eyes, Mouth, Body, and Object are given in Extended Data Table 1a."]}
{"par_id": 48093, "sentences": ["Throughout our analyses, PACE parameters were selected by generalized cross- validation22.", "Mean fixation curves from Figure 2, main text, together with the effects of adding or subtracting principal component functions (following the convention of Ramsay & Silverman21), smoothing kernel bandwidths, and fractions of variance explained per principal component can be found in Extended Data Figure 7 and Table 1b).", "The Akaike Information Criterion, with likelihood of measurements conditional on estimated random coefficients, was applied for selecting the number of principal components 22.", "Derivatives were computed by the PACE-QUO method35."]}
{"par_id": 48094, "sentences": ["Extended Data Figure 9"]}
{"par_id": 48095, "sentences": ["Growth charts of social visual engagement and their relationship to dimensional and categorical outcome, with data from month 2 included versus excluded"]}
{"par_id": 48096, "sentences": ["Comparison of growth curves with month 2 data included or excluded for a, Typically-Developing males (TD, in blue) and, b, for males with an autism spectrum disorder (ASD, in red).", "Exclusion of the month-2 data does not significantly alter the trajectories themselves, nor does it alter the between-group comparisons.", "c, Outcome levels of social disability (as measured by ADOS social-affect score) as a function of decline in eyes fixation (measured as eyes PC1 score, as in Extended Data Figure 1) using subsets of the longitudinal data (i.e., decline in eye fixation using only data collected between months 2\u20136 or 3\u20136, excluding data thereafter; then between months 2\u20139 or 3\u20139, etc.).", "In top row, month 2 data are included; in bottom row, month 2 data are excluded.", "When month 2 data are included or excluded, decline in eye fixation still significantly predicts future outcome; this relationship reaches trend level significance by 3\u20139 months (P = 0.097), and is statistically significant thereafter (with r = \u22120.714, P = 0.014 for 3\u201312 months).", "d, ROC curves for classification of infants with confirmed ASD outcomes relative to typically-developing infants.", "Using leave-one-out cross- validation, plots show mean and 95% confidence intervals for classification based on change in eye fixation (first two plots from left), change in body fixation (middle two plots), and change in both eye and body fixation (last two plots at right) between 2 and 6 months of age.", "Plots show ROC classification using data from months 2\u20136 and for the comparison of months 2\u20136 relative to months 3\u20136.", "With month-2 data excluded, confidence intervals for the cross-validated ROC curves increase in size (as expected, in proportion to the reduction in data by excluding month 2), but the curves remain significantly different from chance, and the ROC curves with month 2 data included or excluded are not significantly different from one another."]}
{"par_id": 48097, "sentences": ["#### 1"]}
{"par_id": 48098, "sentences": ["Click here to view.(331K, pdf)"]}
{"par_id": 48099, "sentences": ["This work was supported by grants from the Simons Foundation and the National Institute of Mental Health (R01 MH083727).", "Additional support was provided by the Marcus Foundation, the Whitehead Foundation, and the Georgia Research Alliance.", "We wish to thank the families and children for their time and participation.", "We also wish to thank Jessica Jones, Andrea Trubanova, Jeremy Borjon, Jenn Moriuchi, Kate Rice, Jessie Northrup, Laura Edwards, Jennings Xu, Sarah Shultz, Anna Krasno, Casey Zampella, Kelley Knoch, David Lin, Katelin Carr, and Amanda Blank for their assistance in data collection and analysis; Peter Lewis, Jose Paredes, Philip Gorrindo, and Marilyn Ackermann for assistance in designing and building lab hardware and software; Gordon Ramsay and Courtney McCracken for discussions of data analysis and statistics; Irene Zilber, Amy Margolis, Daniela Blum, Martha Dye, Deanna Simeone, Amanda Smith, and Kerry O\u2019Loughlin for project supervision, coordination, and data collection; Tammy Babitz for administrative support; and Kasia Chawarska, Celine Saulnier, Suzanne Macari, Rhea Paul, Amy Carney, Tina Goldsmith, Amanda Steiner, Grace Gengoux, Diane Goudreau, Erin Loring, James McGrath, and Abha Gupta for their contributions to the clinical characterization of the samples."]}
{"par_id": 48100, "sentences": ["Author Contributions: W.J. and A.K. developed the initial idea and design of the study, interpreted data, wrote the final manuscript, had full access to all of the data in the study and take responsibility for the integrity of the data and the accuracy of the data analysis.", "W.J. and A.K. performed final revision of the manuscript for intellectual content.", "A.K. supervised participant characterization.", "W.J. supervised technological developments and technical aspects of experimental procedure, data acquisition, and analysis."]}
{"par_id": 48101, "sentences": ["Competing Interests Statement The authors declare that they have no competing financial interests."]}
