{"par_id": 59000, "sentences": ["Metabolic mediators of the effects of body-mass index, overweight, and obesity on coronary heart disease and stroke: a pooled analysis of 97 prospective cohorts with 1\u00b78 million participants"]}
{"par_id": 59001, "sentences": ["## Summary"]}
{"par_id": 59002, "sentences": ["Body-mass index (BMI) and diabetes have increased worldwide, whereas global average blood pressure and cholesterol have decreased or remained unchanged in the past three decades.", "We quantified how much of the effects of BMI on coronary heart disease and stroke are mediated through blood pressure, cholesterol, and glucose, and how much is independent of these factors."]}
{"par_id": 59003, "sentences": ["We pooled data from 97 prospective cohort studies that collectively enrolled 1\u00b78 million participants between 1948 and 2005, and that included 57 161 coronary heart disease and 31 093 stroke events.", "For each cohort we excluded participants who were younger than 18 years, had a BMI of lower than 20 kg/m2, or who had a history of coronary heart disease or stroke.", "We estimated the hazard ratio (HR) of BMI on coronary heart disease and stroke with and without adjustment for all possible combinations of blood pressure, cholesterol, and glucose.", "We pooled HRs with a random-effects model and calculated the attenuation of excess risk after adjustment for mediators."]}
{"par_id": 59004, "sentences": ["### Findings"]}
{"par_id": 59005, "sentences": ["The HR for each 5 kg/m2 higher BMI was 1\u00b727 (95% CI 1\u00b723\u20131\u00b731) for coronary heart disease and 1\u00b718 (1\u00b714\u20131\u00b722) for stroke after adjustment for confounders.", "Additional adjustment for the three metabolic risk factors reduced the HRs to 1\u00b715 (1\u00b712\u20131\u00b718) for coronary heart disease and 1\u00b704 (1\u00b701\u20131\u00b708) for stroke, suggesting that 46% (95% CI 42\u201350) of the excess risk of BMI for coronary heart disease and 76% (65\u201391) for stroke is mediated by these factors.", "Blood pressure was the most important mediator, accounting for 31% (28\u201335) of the excess risk for coronary heart disease and 65% (56\u201375) for stroke.", "The percentage excess risks mediated by these three mediators did not differ significantly between Asian and western cohorts (North America, western Europe, Australia, and New Zealand).", "Both overweight (BMI \u226525 to <30 kg/m2) and obesity (BMI \u226530 kg/m2) were associated with a significantly increased risk of coronary heart disease and stroke, compared with normal weight (BMI \u226520 to <25 kg/m2), with 50% (44\u201358) of the excess risk of overweight and 44% (41\u201348) of the excess risk of obesity for coronary heart disease mediated by the selected three mediators.", "The percentages for stroke were 98% (69\u2013155) for overweight and 69% (64\u201377) for obesity."]}
{"par_id": 59006, "sentences": ["### Interpretation"]}
{"par_id": 59007, "sentences": ["Interventions that reduce high blood pressure, cholesterol, and glucose might address about half of excess risk of coronary heart disease and three-quarters of excess risk of stroke associated with high BMI.", "Maintenance of optimum bodyweight is needed for the full benefits."]}
{"par_id": 59008, "sentences": ["### Funding"]}
{"par_id": 59009, "sentences": ["US National Institute of Health, UK Medical Research Council, National Institute for Health Research Comprehensive Biomedical Research Centre at Imperial College Healthcare NHS Trust, Lown Scholars in Residence Program on cardiovascular disease prevention, and Harvard Global Health Institute Doctoral Research Grant."]}
{"par_id": 59010, "sentences": ["Cardiovascular diseases, especially coronary heart disease and stroke, are the leading causes of death worldwide.1", "High body-mass index (BMI) is an important cardiovascular disease risk factor,2\u20134 and raised blood pressure, cholesterol, and glucose partly mediate its effects.5,6", "Present behavioural interventions for weight management are only effective in the short term,7,8 most weight- loss drugs lack either sustained efficacy or an acceptable safety profile,9,10 and surgical methods are recommended only for very obese individuals.11,12", "This situation has created concerns about a potentially massive worldwide increase in cardiovascular diseases as a result of increased BMI and prevalence of overweight and obesity in most countries.13\u201315", "By contrast, effective clinical and public health interventions for blood pressure and cholesterol are available, as evidenced by large decreases in these measures in some countries despite rises in obesity.14,16,17", "Therefore, an important clinical and public health question is: to what extent can the adverse effects of high BMI be mitigated by targeting its metabolic mediators?"]}
{"par_id": 59011, "sentences": ["To answer this question we need a detailed understanding of how much of the effect of excess weight on cardiovascular disease is mediated by these metabolic factors, separately and in combinations, which are relevant for individual patients or populations.", "Whether the extent of mediation differs by population characteristics is also important to understand\u2014eg, Asian versus western populations (North America, western Europe, Australia, and New Zealand)\u2014because of physiological differences in how BMI affects intermediate metabolic risks or differences in the extent to which health-care systems have addressed the mediating metabolic risks."]}
{"par_id": 59012, "sentences": ["Some researchers have investigated the mediated effects of BMI on coronary heart disease through blood pressure, cholesterol, and diabetes together;3,18\u201321 fewer studies have been done for stroke,3,19,22,23 which is the largest cause of death in Asian populations.1", "However, these studies did not assess whether characteristics of study populations affect the extent of mediation because the number of events was insufficient or data were comprised of participants from one or two regions.", "Importantly, these studies did not quantify the role of individual mediators or all possible combinations of two mediators that are needed to select clinical and public health interventions."]}
{"par_id": 59013, "sentences": ["We quantified how much of the effects of high BMI, overweight, and obesity, on coronary heart disease and stroke are mediated through blood pressure, serum cholesterol, and glucose, individually and in all possible combinations by analysing data from 97 prospective cohort studies.", "We also assessed whether the extent of mediation was modified by geographical region, study period, and other characteristics of study populations."]}
{"par_id": 59014, "sentences": ["### Cohort identification and selection"]}
{"par_id": 59015, "sentences": ["We identified cohorts through a review of published articles and through the National Heart, Lung, and Blood Institute (NHLBI, Bethesda, MD, USA), and through personal communication with researchers."]}
{"par_id": 59016, "sentences": ["Two reviewers independently assessed the studies and deemed them eligible if they met the following criteria: prospective design with at least 1 year of follow-up; participants were not selected based on previous history of coronary heart disease or stroke; height and weight were measured at baseline; at least one of the mediators (blood pressure, serum cholesterol, and blood glucose, or diabetes) was also measured at baseline; fatal or non-fatal coronary heart disease or both, or stroke were ascertained during follow-up."]}
{"par_id": 59017, "sentences": ["We contacted investigators from 126 eligible cohorts, of which 68 (54%) agreed to participate.", "Seven of these cohorts were subsequently excluded because the participants all had previous cardiovascular disease (three studies), the reported outcome was only total cardiovascular disease (three studies), or the analysis could not adjust for smoking (one study).", "Collaborating Group members of the other 61 cohorts reanalysed their data with a consistent protocol.", "We obtained additional data from nine cohorts through a special request to the NHLBI and from 27 cohorts in the Asia Pacific Cohort Studies Collaboration (APCSC) through its participation in the Global Burden of Metabolic Risk Factors for Chronic Diseases Study.14\u201317"]}
{"par_id": 59018, "sentences": ["We analysed data from 97 prospective cohort studies.", "Of these, nine studies were not included in the coronary heart disease analysis and 11 in the stroke analysis because they did not report the corresponding disease outcome or had fewer than five events.", "All data were de-identified, and the study protocol was approved by the institutional review board at the Harvard School of Public Health (Boston, MA, USA)."]}
{"par_id": 59019, "sentences": ["### Eligibility, exposure definition, mediators, and potential confounders"]}
{"par_id": 59020, "sentences": ["In each cohort, we excluded participants who were younger than 18 years; had a BMI of lower than 20 kg/m2; had a history of coronary heart disease or stroke before enrolment; were missing data for age, sex, smoking status, height, or weight; or did not have data for mediators at baseline.", "We used BMI as the main measure of adiposity because it was measured in every cohort; data for waist circumference or waist-to-hip ratio were available in 17 cohorts and were analysed in sensitivity analyses.", "In the primary analysis, we accepted different metrics for mediators, including systolic blood pressure or hypertension status for blood pressure; total, HDL and LDL cholesterol concentrations, or hypercholesterolaemia for serum cholesterol; and fasting and postprandial glucose, haemoglobin A1c, or diabetes status for blood glucose.", "Table 1 shows the number of cohorts providing each measure and the appendix (pp 8\u201314) provides cohort details.", "We adjusted for age, sex, and smoking status as the minimum set of potential confounders, and for additional variables in individual cohorts as available (appendix, pp 8\u201314).", "We obtained data for BMI, mediators, and potential confounder from baseline examinations."]}
{"par_id": 59021, "sentences": ["Mediators analysed by participating cohorts in the main analysis"]}
{"par_id": 59022, "sentences": ["| Number of cohorts   ---|---   Blood pressure   Systolic blood pressure| 95   Hypertension| 2   Cholesterol   Total serum cholesterol| 86   HDL cholesterol| 1   Hypercholesterolaemia| 1   Blood glucose   Fasting glucose| 39   Postprandial glucose*| 18   Haemoglobin A1c| 1   Diabetes| 19"]}
{"par_id": 59023, "sentences": ["*One cohort reported casual (or random) glucose.", "For each cohort, only one metric was extracted for each mediator in the main analysis."]}
{"par_id": 59024, "sentences": ["### Follow-up and outcome definitions"]}
{"par_id": 59025, "sentences": ["Our primary outcomes were the first occurrence of coronary heart disease or stroke event.", "Coronary heart disease included fatal or non-fatal ischaemic heart disease, including acute myocardial infarction and angina pectoris; stroke included fatal or non-fatal cerebral infarction, and intracerebral or subarachnoid haemorrhage.", "We followed up each participant until the first occurrence of the corresponding outcome, death, or loss to follow-up, whichever occurred first."]}
{"par_id": 59026, "sentences": ["### Statistical analysis"]}
{"par_id": 59027, "sentences": ["We used Cox proportional hazards regression to estimate the hazard ratios (HRs) in each cohort.", "We analysed BMI as a continuous variable in relation to risk of coronary heart disease and stroke after excluding participants with a BMI of less than 20 kg/m2 at baseline because the associations of BMI with the risks of death from coronary heart disease and stroke are continuous and roughly log-linear except at low BMIs.2,3,24", "We first estimated the effect of 5 kg/m2 higher baseline BMI on coronary heart disease or stroke with adjustment for confounders.", "We then added the mediators to the model, separately, in all combinations of two, and all three together.", "We did not incorporate interaction between BMI and mediators in the continuous analysis.", "We also analysed categories of overweight (BMI \u226525\u2013<30 kg/m2) and obesity (BMI \u226530 kg/m2) as compared with normal weight (BMI \u226520\u2013<25 kg/m2) with the same methods as continuous analysis.", "We pooled HRs across cohorts with a random- effects model with inverse variance weights.25", "We assessed heterogeneity with Cochran Q test and I2 statistic.26"]}
{"par_id": 59028, "sentences": ["We estimated the percentage of excess risk mediated (PERM)27 with pooled HRs as:"]}
{"par_id": 59029, "sentences": ["PERM=HR(confounder adjusted)-HR(confounder and mediator adjusted)HR(confounder adjusted)-1\u00d7100"]}
{"par_id": 59030, "sentences": ["PERM is not additive across multiple mediators.", "To calculate the uncertainty of PERM, we randomly drew 5000 pairs of HR(confounder adjusted) and HR(confounder and mediator adjusted) from their corresponding uncertainty distributions while accounting for their correlations; estimated PERM for each pair of HRs and quantified its variability across all 5000 estimates (appendix pp 5\u20137).", "We used the median of these 5000 estimates as the point estimate of PERM, and its 2\u00b75th and 97\u00b75th percentiles as the 95% CI."]}
{"par_id": 59031, "sentences": ["### Subgroup and sensitivity analyses"]}
{"par_id": 59032, "sentences": ["We tested whether the extent of mediation differed by selected cohort characteristics including event types (fatal vs fatal and non-fatal combined), median age of participants at baseline, baseline study year, region of the study, and follow-up duration.", "In sensitivity analyses, we examined whether the results depended on how the mediators were measured, with use of total versus LDL cholesterol or glucose versus diabetes as the metric of mediator.", "In sensitivity analyses, we also estimated PERM for waist circumference and waist-to-hip ratio in 17 cohorts that had measured either of them in addition to BMI.", "We compared PERM per 10 cm waist circumference and 0\u00b71 waist-to-hip ratio (roughly equivalent to 1 standard deviation increment of these metrics in a pooled sample of 58 prospective cohorts)3 with that for 5 kg/m2 BMI in the same cohorts.", "For simplicity of presentation, we report results of these secondary analyses only for all three mediators together; results for one or two mediators are available from the authors by request.", "All statistical analyses were done with Stata 11\u00b70 and R 2\u00b711.", "All reported p values were two- sided and were deemed significant if less than 0\u00b705."]}
{"par_id": 59033, "sentences": ["### Role of the funding source"]}
{"par_id": 59034, "sentences": ["The sponsors of the study had no role in study design, data collection, data analysis, data interpretation, or writing of the report.", "The members of the Cohort Collaborating Group had access to the original data, which were re- analysed for this report.", "The corresponding author had final responsibility for the decision to submit."]}
{"par_id": 59035, "sentences": ["We included 97 prospective cohorts in the analysis.", "These studies collectively enrolled 1\u00b78 million participants between 1948 and 2005.", "During follow-ups that ranged between 2\u00b77 and 57\u00b75 years (median time across all cohorts was 13\u00b73 years), 57 161 coronary heart disease and 31 093 stroke events were reported (appendix pp 8\u201314).", "Western European cohorts (32 cohorts) had the largest number of coronary heart disease and stroke events, contributing 31 289 (55%) of coronary heart disease and 13 591 (44%) of stroke events.", "Cohorts from east and southeast Asia (33 cohorts) contributed 10 163 (33%) of stroke but only 3763 (7%) of coronary heart disease events, showing the importance of stroke in Asia compared with coronary heart disease (table 2).", "72 cohorts measured all three mediators and 21 measured two mediators."]}
{"par_id": 59036, "sentences": ["Number of analysed cohorts, participants, and events by region"]}
{"par_id": 59037, "sentences": ["| Number of cohorts (%)| Number of participants (%)| Number of CHD events (%)| Number of stroke events (%)   ---|---|---|---|---   East and southeast Asia| 33 (34\u00b70%)| 479 736 (26\u00b77%)| 3763 (6\u00b76%)| 10 163 (32\u00b77%)   Western Europe| 32 (33\u00b70%)| 1 055 454 (58\u00b77%)| 31 289 (54\u00b77%)| 13 591 (43\u00b77%)   North America| 15 (15\u00b75%)| 157 136 (8\u00b77%)| 16 183 (28\u00b73%)| 5485 (17\u00b77%)   Australia or New Zealand| 10 (10\u00b73%)| 84 632 (4\u00b77%)| 3207 (5\u00b76%)| 1067 (3\u00b74%)   Latin America, central and eastern Europe, North Africa, and Middle East| 7 (7\u00b72%)| 21 110 (1\u00b72%)| 2719 (4\u00b78%)| 787 (2\u00b75%)   Total| 97 (100%)| 1 798 068 (100%)| 57 161 (100%)| 31 093 (100%)"]}
{"par_id": 59038, "sentences": ["CHD=coronary heart disease."]}
{"par_id": 59039, "sentences": ["After we adjusted for confounders, each 5 kg/m2 higher BMI was associated with a HR of 1\u00b727 (95% CI 1\u00b723\u20131\u00b731) for coronary heart disease and 1\u00b718 (1\u00b714\u20131\u00b722) for stroke (figure 1; appendix pp 19\u201336 shows cohort-specific HRs).", "Blood pressure was the most important mediator for the effects of BMI on both coronary heart disease and stroke; the HR for coronary heart disease fell to 1\u00b719 (1\u00b716\u20131\u00b722) and for stroke to 1\u00b706 (1\u00b703\u20131\u00b709) after we adjusted for blood pressure.", "The second most important mediator was glucose, adjustment for which lowered HRs to 1\u00b723 (1\u00b719\u20131\u00b727) for coronary heart disease and 1\u00b713 (1\u00b709\u20131\u00b718) for stroke.", "Adjustment for any combinations of two or three mediators further reduced HRs of coronary heart disease and stroke compared with adjustment for one mediator (figure 1).", "When we adjusted for all three mediators, the HR for coronary heart disease decreased to a significantly lower value of 1\u00b715 (1\u00b712\u20131\u00b718), and for stroke to 1\u00b704 (1\u00b701\u20131\u00b708; figure 1)."]}
{"par_id": 59040, "sentences": ["Figure 1"]}
{"par_id": 59041, "sentences": ["Hazard ratios per 5 kg/m2 higher body-mass index adjusted for different combinations of mediators in coronary heart disease and stroke"]}
{"par_id": 59042, "sentences": ["All hazard ratios were also adjusted for confounders as described in Methods.", "The appendix (pp 19\u201336) shows cohort-specific hazard ratios."]}
{"par_id": 59043, "sentences": ["Being overweight, compared with normal weight, was associated with an HR of 1\u00b726 (1\u00b722\u20131\u00b730) for coronary heart disease and 1\u00b713 (1\u00b708\u20131\u00b718) for stroke after adjustment for confounders (table 3; appendix pp 37\u201372 shows cohort- specific HRs).", "Obesity had a significantly larger association with both coronary heart disease and stroke than did overweight: the confounder-adjusted HR of obesity versus normal weight was 1\u00b769 (1\u00b758\u20131\u00b781) for coronary heart disease and 1\u00b747 (1\u00b736\u20131\u00b759) for stroke.", "We noted associations between both overweight and obesity and the risk of CHD and stroke in both Asian and western cohorts, and in both older (enrolment before 1990) and more recent cohorts (enrolment in or after 1990; appendix pp 15\u201316)."]}
{"par_id": 59044, "sentences": ["HRs and excess risk of overweight and obesity mediated through different combinations of metabolic risk factors"]}
{"par_id": 59045, "sentences": ["| Overweight"]}
{"par_id": 59046, "sentences": ["* * *"]}
{"par_id": 59047, "sentences": ["| Obesity"]}
{"par_id": 59048, "sentences": ["* * *      ---|---|---   | HR (95% CI)| Excess risk mediated (%, 95% CI)| HR (95% CI)| Excess risk mediated (%, 95% CI)   Coronary heart disease   None| 1\u00b726 (1\u00b722 to 1\u00b730)| ..| 1\u00b769 (1\u00b758 to 1\u00b781)| ..", "Blood pressure| 1\u00b718 (1\u00b714 to 1\u00b722)| 31% (26 to 36)| 1\u00b748 (1\u00b739 to 1\u00b757)| 31% (27 to 35)   Cholesterol| 1\u00b721 (1\u00b718 to 1\u00b725)| 18% (13 to 22)| 1\u00b764 (1\u00b754 to 1\u00b775)| 8% (2 to 12)   Blood glucose| 1\u00b723 (1\u00b718 to 1\u00b727)| 12% (6 to 18)| 1\u00b760 (1\u00b749 to 1\u00b772)| 14% (8 to 20)   Blood pressure and cholesterol| 1\u00b714 (1\u00b711 to 1\u00b718)| 45% (40 to 52)| 1\u00b744 (1\u00b736 to 1\u00b753)| 36% (33 to 40)   Blood pressure and blood glucose| 1\u00b716 (1\u00b712 to 1\u00b720)| 38% (32 to 45)| 1\u00b742 (1\u00b734 to 1\u00b751)| 39% (35 to 44)   Cholesterol and blood glucose| 1\u00b719 (1\u00b715 to 1\u00b723)| 27% (22 to 33)| 1\u00b755 (1\u00b746 to 1\u00b764)| 21% (17 to 25)   Blood pressure, cholesterol, and blood glucose| 1\u00b713 (1\u00b709 to 1\u00b716)| 50% (44 to 58)| 1\u00b739 (1\u00b732 to 1\u00b747)| 44% (41 to 48)   Stroke   None| 1\u00b713 (1\u00b708 to 1\u00b718)| ..| 1\u00b747 (1\u00b736 to 1\u00b759)| ..", "Blood pressure| 1\u00b703 (0\u00b799 to 1\u00b707)| 76% (61 to 104)| 1\u00b721 (1\u00b713 to 1\u00b728)| 56% (50 to 64)   Cholesterol| 1\u00b711 (1\u00b706 to 1\u00b716)| 17% (5 to 30)| 1\u00b744 (1\u00b733 to 1\u00b756)| 7% (\u22121 to 14)   Blood glucose| 1\u00b709 (1\u00b704 to 1\u00b715)| 29% (13 to 55)| 1\u00b735 (1\u00b724 to 1\u00b747)| 25% (18 to 34)   Blood pressure and cholesterol| 1\u00b704 (0\u00b799 to 1\u00b708)| 74% (54 to 112)| 1\u00b719 (1\u00b712 to 1\u00b727)| 59% (52 to 70)   Blood pressure and blood glucose| 1\u00b701 (0\u00b796 to 1\u00b706)| 93% (67 to 147)| 1\u00b715 (1\u00b708 to 1\u00b722)| 68% (62 to 76)   Cholesterol and blood glucose| 1\u00b709 (1\u00b704 to 1\u00b715)| 31% (16 to 56)| 1\u00b734 (1\u00b724 to 1\u00b745)| 28% (20 to 36)   Blood pressure, cholesterol, and blood glucose| 1\u00b700 (0\u00b796 to 1\u00b705)| 98% (69 to 155)| 1\u00b714 (1\u00b708 to 1\u00b721)| 69% (64 to 77)"]}
{"par_id": 59049, "sentences": ["All HRs are relative to normal weight (BMI \u226520\u2013<25 kg/m2), and were adjusted for confounders.", "HR=hazard ratio.", "BMI=body-mass index."]}
{"par_id": 59050, "sentences": ["Similar to analysis using continuous BMI, blood pressure was the most important mediator for the association of overweight and obesity with both coronary heart disease and stroke (table 3).", "After adjustment for all three mediators, the HR of overweight versus normal weight for coronary heart disease decreased to 1\u00b713 (1\u00b709\u20131\u00b716) and its association with stroke became null with an HR of 1\u00b700 (0\u00b796\u20131\u00b705).", "The HR of obesity versus normal weight for coronary heart disease decreased to 1\u00b739 (1\u00b732\u20131\u00b747) and that of stroke to 1\u00b714 (1\u00b708\u20131\u00b721)."]}
{"par_id": 59051, "sentences": ["We recorded higher HRs per 5 kg/m2 BMI for both coronary heart disease and stroke in east and southeast Asia than HRs in western cohorts (North America, western Europe, Australia, and New Zealand; figure 2, appendix pp 73\u201390).", "Asian cohorts had an HR of 1\u00b740 (1\u00b729\u20131\u00b752) for coronary heart disease versus 1\u00b724 (1\u00b720\u20131\u00b728) in western cohorts (p value for comparison of the two HRs=0\u00b701), and 1\u00b729 (1\u00b720\u20131\u00b738) for stroke versus 1\u00b714 (1\u00b709\u20131\u00b718) in western cohorts (p=0\u00b7002).", "After we adjusted for all three mediators, the HRs for coronary heart disease were 1\u00b723 (1\u00b712\u20131\u00b736) in Asian cohorts and 1\u00b713 (1\u00b710\u20131\u00b716) in western cohorts (p=0\u00b710); the HRs for stroke became almost identical between regions (figure 2).", "The HRs for both coronary heart disease and stroke were larger in cohorts that enrolled younger participants (median age at baseline <55 years compared with \u226555 years), both before and after adjustment for mediators (figure 2)."]}
{"par_id": 59052, "sentences": ["Figure 2"]}
{"par_id": 59053, "sentences": ["Stratified analyses of HRs per 5 kg/m2 higher body-mass index, with and without adjustment for mediators in CHD (A) and stroke (B)"]}
{"par_id": 59054, "sentences": ["p values were meta-regression p values between groups.", "Results are presented for all three mediators combined.", "The appendix (pp 73\u201390) shows HRs with adjustment for combinations of one and two mediators.", "CHD=coronary heart disease.", "HR=hazard ratio"]}
{"par_id": 59055, "sentences": ["After we adjusted for blood pressure, the excess risk of coronary heart disease associated with 5 kg/m2 higher BMI decreased by 31% (95% CI 28\u201335) (figure 3).", "This figure was three times larger than the proportion mediated by serum cholesterol (10%, 5\u201315), and more than twice that of glucose (15%, 10\u201321).", "Blood pressure alone accounted for a higher percentage of excess risk of BMI than did cholesterol and glucose together (23%, 19\u201328).", "The three mediators collectively explained 46% (42\u201350) of excess risk for coronary heart disease.", "Blood pressure was a stronger mediator for stroke risk than for coronary heart disease.", "Adjustment for blood pressure lowered the excess risk of stroke by 65% (56\u201375).", "The corresponding percentages were only 24% (15\u201336) for glucose and 4% (\u22123 to 12) for cholesterol; we noted this non-significant mediation of stroke risk by cholesterol in both Asian and western cohorts.", "When we adjusted for all three mediators, the excess risk of stroke was attenuated by 76% (65\u201391)."]}
{"par_id": 59056, "sentences": ["Figure 3"]}
{"par_id": 59057, "sentences": ["Percentage of excess risk per 5 kg/m2 higher body-mass index mediated through different combinations of metabolic risk factors in coronary heart disease and stroke"]}
{"par_id": 59058, "sentences": ["The HRs of coronary heart disease decreased by 31% for both overweight and obesity after adjustment for blood pressure (table 3).", "PERM for the association of overweight with coronary heart disease was larger than that of obesity for most combinations of mediators, but the CIs overlapped (table 3).", "All three mediators together accounted for 50% (44\u201358) of the excess risk of overweight on coronary heart disease, and 44% (41\u201348) of the excess risk of obesity.", "The metabolic factors also mediated more excess risk of overweight on stroke than of obesity, although the CIs overlapped (table 3).", "76% of the excess risk of overweight (61\u2013104) and 56% of that of obesity (50\u201364) on stroke were mediated through blood pressure alone (table 3).", "When we adjusted for all three mediators, excess risk of stroke decreased by 98% (69\u2013155) for overweight and by 69% (64\u201377) for obesity."]}
{"par_id": 59059, "sentences": ["In subgroup analyses, PERM for all three mediators combined did not differ significantly by most cohort characteristics (ie, 95% CIs overlapped; table 4).", "The only significant difference in PERM was for coronary heart disease and baseline year of study, for which a larger percentage of excess risk was mediated by the three mediators in cohorts that had enrolled participants before 1990 versus in 1990 or later.", "Among individual mediators, blood pressure mediated 69% (57\u201391) of the excess risk of stroke in Asian cohorts versus 60% (48\u201378) in western cohorts.", "The role of blood pressure as a mediator for excess risk of coronary heart disease was similar in Asian and western cohorts (32%, 22\u201344 vs 30%, 26\u201334)."]}
{"par_id": 59060, "sentences": ["Stratified analyses of percentage of excess risk (95% CI) per 5 kg/m2 higher BMI mediated through the combination of blood pressure, cholesterol, and blood glucose"]}
{"par_id": 59061, "sentences": ["| CHD| Stroke   ---|---|---   Event type*   Combined fatal and non-fatal event| 50% (46\u201355)| 69% (60\u201381)   Fatal event| 39% (31\u201349)| 115%\u2021 (78\u2013234\u2021)   Cohort location\u2020   North America, western Europe, Australia and New Zealand| 44% (40\u201350)| 73% (57\u201396)   East and southeast Asia| 39% (31\u201349)| 79% (59\u2013108\u2021)   Baseline year   <1990| 53% (46\u201362)| 62% (51\u201378)   \u22651990| 38% (34\u201344)| 93% (74\u2013141\u2021)   Median age at baseline (years)   <55| 45% (41\u201350)| 63% (53\u201374)   \u226555| 46% (39\u201356)| 95% (73\u2013149\u2021)   Follow-up years   <10| 43% (35\u201352)| 89% (67\u2013132\u2021)   10 to 20| 45% (40\u201352)| 84% (68\u2013134\u2021)   >20| 49% (40\u201359)| 52% (44\u201362)"]}
{"par_id": 59062, "sentences": ["BMI=body-mass index."]}
{"par_id": 59063, "sentences": ["*Three cohorts reported their results for non-fatal coronary heart disease and non-fatal stroke."]}
{"par_id": 59064, "sentences": ["\u2020Seven cohorts from other regions reported results for coronary heart disease, and six cohorts from other regions reported results for stroke."]}
{"par_id": 59065, "sentences": ["\u2021Hazard ratios of BMI were less than 1\u00b70 after adjustment for mediators.", "Therefore, the numerator of percentage of excess risk mediated was greater than the denominator.", "This possible overadjustment itself could be due to residual and unmeasured confounding."]}
{"par_id": 59066, "sentences": ["In sensitivity analyses, PERMs were 1 to 8 percentage points higher for waist circumference than for BMI in 16 studies that had measured both, but were 4 to 15 percentage points lower for waist-to-hip ratio than for BMI; these differences were not significant (ie, 95% CIs overlapped).", "LDL cholesterol was a stronger mediator than was total cholesterol, but the difference in PERM was less than 5 percentage points for both coronary heart disease and stroke (results not shown), possibly because of the high correlation between total cholesterol and LDL cholesterol in these cohorts (Pearson correlation coefficient >0\u00b78).", "PERM for coronary heart disease by all three mediators was only slightly (3 percentage points) and non-significantly higher in cohorts that used measurements for diabetes (25% of cohorts) compared with continuous glucose (results not shown)."]}
{"par_id": 59067, "sentences": ["In this pooled analysis of 97 prospective cohort studies, we estimated that nearly half of excess risk for coronary heart disease and three-quarters of excess risk for stroke due to high BMI were mediated through three metabolic risk factors: blood pressure, cholesterol, and glucose.", "The most important mediator was blood pressure, especially for stroke, accounting for two-thirds of the excess risk.", "Compared with having healthy weight, being overweight or obese was associated with an increased risk of coronary heart disease and stroke, with obesity having a larger effect than overweight."]}
{"par_id": 59068, "sentences": ["Our results for the overall association between BMI and coronary heart disease or stroke are consistent with those of other large pooled analyses of prospective cohorts.2,3,24", "Previous studies mostly analysed all mediators combined, and did not assess the role of other combinations of mediators.", "A meta-analysis18 of 21 cohorts (including 16 analysed here) reported that 45% of excess risk of coronary heart disease was mediated through blood pressure and total cholesterol, compared with 39% in our analysis (both effects reported for 5 kg/m2 higher BMI).", "Results of another pooled analysis3 of 58 cohorts (including 15 analysed here) showed that roughly 60% of the excess risk of coronary heart disease and 70% of ischaemic stroke were due to the same three mediators, compared with 46% for coronary heart disease and 76% for stroke in our analysis."]}
{"par_id": 59069, "sentences": ["Our lower estimates for coronary heart disease might be the result of a larger number of cohorts that included only fatal coronary heart disease (almost half of our cohorts used only fatal coronary heart disease compared with 9% in the study by Wormser and colleagues3) because PERM tended to be lower when fatal events were analysed (table 4).", "Our lower estimates for coronary heart disease could also be explained by the use of blood glucose measurements versus diabetes as the metric of mediator.", "The slightly higher estimates for stroke might be due to the larger number of Asian cohorts in our analysis (34% of our cohorts were from Asia compared with 7% in the study by Wormser and colleagues3), or the stroke subtypes analysed (we used total stroke whereas Wormser and colleagues3 used ischaemic stroke)."]}
{"par_id": 59070, "sentences": ["Our finding that both overweight and obesity were associated with increased risk of coronary heart disease and stroke differed from reports by Flegal and colleagues,28 who recorded no effects for overweight on either cardiovascular disease mortality in one cohort, or on all-cause mortality in a meta- analysis.29", "Flegal and colleagues' findings for cardiovascular disease28 might have differed from ours because of inadequate adjustment for pre-existing diseases and their inadequate control of confounding.30,31", "Our results are not directly comparable with those for all-cause mortality."]}
{"par_id": 59071, "sentences": ["We noted that metabolic factors mediate a larger proportion of the excess risk for overweight individuals than do those for obese individuals (although the 95% CIs overlapped).", "This finding suggests that clinical and public health interventions that control blood pressure, cholesterol, and glucose can largely (in coronary heart disease) or fully (in stroke) address the excess risk of coronary heart disease and stroke in overweight individuals.", "Obese individuals also benefit from interventions on mediators but will continue to have significantly raised risk."]}
{"par_id": 59072, "sentences": ["Several pathways link adiposity and excess weight to cardiovascular disease via the mediators analysed in this study.", "Adiposity can raise blood pressure through increased peripheral vascular resistance and renal salt retention, the latter itself due to higher activity of sympathetic nervous system, leptin concentrations, angiotensin-aldosterone activity, and hyperinsulinaemia.5,32", "Adiposity is also associated with dyslipidaemia, and systemic inflammatory state, which could contribute to the development of insulin resistance and diabetes.6", "Our results also suggest that the association between adiposity and cardiovascular disease is not completely explained by the three mediators in our analysis.", "The unexplained risk might be caused by other pathways such as endothelial dysfunction, increase in thrombogenic factors, and the remaining effect of increased sympathetic activity and systemic inflammation not related to risk factors analysed here.6", "These other pathways might play a more important part in obese individuals than in overweight individuals.", "It would be interesting to probe and quantify the role of these other pathways in subsequent studies, including in relation to overweight versus obese status, although fewer cohorts collect comparable data for these other variables compared with the well known metabolic mediators that we analysed."]}
{"par_id": 59073, "sentences": ["### Panel"]}
{"par_id": 59074, "sentences": ["#### Research in context"]}
{"par_id": 59075, "sentences": ["Systematic Review"]}
{"par_id": 59076, "sentences": ["We did a systematic review by searching PubMed and Embase from their inception up to March 23, 2010, using search terms listed in the appendix (pp 2\u20134).", "We invited the corresponding authors of eligible cohorts to join the Collaborating Group."]}
{"par_id": 59077, "sentences": ["We analysed data from 97 prospective cohort studies to estimate the effects of high body-mass index (BMI) on coronary heart disease and stroke, with and without adjustment for selected metabolic factors (blood pressure, serum cholesterol, and glucose).", "We pooled hazard ratios (HRs) across cohorts and quantified how much of the excess risk of BMI is mediated through any combination of three metabolic factors."]}
{"par_id": 59078, "sentences": ["Interpretation"]}
{"par_id": 59079, "sentences": ["We found that about half of the excess risk of BMI on coronary heart disease and three-quarters of the excess risk of BMI on stroke was mediated by blood pressure, glucose, and cholesterol collectively.", "The most important mediator was blood pressure, which mediated a third of the excess risk of BMI on coronary heart disease and two-thirds for stroke.", "A larger proportion of risk might be mediated for overweight compared with obesity.", "Interventions that reduce high blood pressure, cholesterol, and glucose might address a substantial proportion of the effect of high BMI on cardiovascular disease.", "Maintenance of optimum bodyweight is needed to achieve the full benefits."]}
{"par_id": 59080, "sentences": ["Our study is the largest pooling analysis of multiple cardiovascular disease risk factors, with 1\u00b78 million participants, and 57 161 coronary heart disease and 31 093 stroke events.", "This large sample size allowed us to study the extent of mediation, and how it varies by cohort characteristics.", "The cohorts covered Asian and western populations, and therefore, showed the role of BMI and the mediators of its effects in these diverse populations.", "The consistent stratified analysis suggested the important role of blood pressure as a mediator in the effect of BMI on stroke in Asian populations, in whom high blood pressure and large stroke burden have made this risk factor the leading cause of disease burden.16,33"]}
{"par_id": 59081, "sentences": ["Our study has some limitations.", "First, although we consistently adjusted for age, sex, and smoking as the minimum set of confounders, our results might still be affected by unmeasured and residual confounding.", "For instance, only a few cohorts were adjusted for diet and physical activity, which are risk factors for coronary heart disease and stroke and are associated with increased BMI.", "Confounders might have been measured with error, which leads to residual confounding (eg, smoking and socioeconomic status).", "When we restricted the pooling to cohorts that had adjusted for additional confounders, PERM for the three mediators did not change significantly: it was 6 percentage points higher for coronary heart disease and 1 percentage point lower for stroke than for cohorts with minimum set of confounders, and 95% CIs overlapped.", "Our analysis did not allow for interactions between BMI and mediators, which might exist.34", "The mediators were not measured consistently across cohorts because of variability in laboratory methods or metrics of mediators.", "Sensitivity analyses showed that our results were robust to the choice of metrics used for mediators.", "Additionally, we could not analyse stroke subtypes separately because most cohorts had not reported the stroke outcome by subtype.", "Finally, despite the large number of cohorts included in the analysis, we could not access data from all eligible cohorts, especially some with enrolment decades ago."]}
{"par_id": 59082, "sentences": ["Our findings have implications for clinical prevention of cardiovascular disease as well as for public health programmes.", "As a clinical example, consider a 70-year-old non-smoking man who does not have diabetes, is 174 cm tall and weighs 100 kg (ie, has a BMI of 33 kg/m2), with a systolic blood pressure of 147 mm Hg, total cholesterol of 5\u00b705 mmol/L, and HDL cholesterol of 0\u00b793 mmol/L. This person represents roughly the 80th percentile of age, BMI, and cholesterol of adult men, and 90th percentile of blood pressure among adult men with BMI of 30 kg/m2 or more in the US National Health and Nutrition Examination Survey in 2007\u201308.", "According to the Framingham risk score, this man's predicted 10-year risk of coronary heart disease is 25%.35", "With the assumption that the results of our observational analysis are indicative of the true benefits of losing excess weight, if this patient lost 15 kg of weight through a hypothetical intervention (ie, 5 kg/m2 lower BMI), his new estimated 10 year coronary heart disease risk would be 19\u00b77% (25% minus [25% divided by 1\u00b727], because the HR for coronary heart disease per 5 kg/m2 BMI is 1\u00b727), which is 5 percentage points lower.", "Alternatively, if he receives drugs to lower his blood pressure and cholesterol to levels that are expected based on a 15 kg weight loss, his 10 year risk of coronary heart disease would only decrease by 2 percentage points (5% times 39%, because the estimated PERM by blood pressure and cholesterol for coronary heart disease is 39% per 5 kg/m2 higher BMI), as he only receives the benefits of reductions in these two risk factors."]}
{"par_id": 59083, "sentences": ["Despite the potentially large benefits of weight loss, interventions have had small long-term success, especially at the population level,7,8 leading to a worldwide rise in overweight and obesity.14", "By contrast, effective clinical and lifestyle interventions are available to control blood pressure and serum cholesterol,36\u201339 with evidence that these risk factors have been successfully reduced, in individual patients and whole populations.16,17,40,41", "For example, blood pressure, the most important mediator of the association between BMI and cardiovascular disease, has fallen substantially in high-income countries, central Europe, and parts of Latin America.16", "Serum cholesterol has also fallen in western countries, but has increased in east and southeast Asia.17", "In the USA, decreases in blood pressure and cholesterol have been even larger in overweight and obese individuals, possibly because of more aggressive management.42", "Therefore, control of blood pressure and cholesterol might help to lessen the cardiovascular effects of the global obesity epidemic."]}
{"par_id": 59084, "sentences": ["The most important step to leverage this potential is to continue past efforts for the reduction of blood pressure and cholesterol, and to try to replicate these efforts in Asia where blood pressure remains high,16 serum cholesterol has increased,17 and stroke is a common cause of death.", "Despite this potential, and some past successes, further reduction of blood pressure and cholesterol needs major improvements in both primary care and public health programmes.43", "The coverage of blood pressure and lipid-lowering drugs is low in most low-income and middle-income countries, even in patients with cardiovascular disease, and social inequalities in coverage exist.44,45", "To increase diagnosis and treatment will need well developed national guidelines that include these activities in the primary care system, with emphasis on improvement of access in disadvantaged social and economic groups.44\u201346", "Interventions related to diet that lower the intake of salt, saturated and trans fats, and processed carbohydrates, and increase the consumption of fruits, vegetables, unsaturated fats, and whole grains, can improve the metabolic risk profile even when total calories remain unchanged,47\u201350 but access to these interventions needs to be improved worldwide.43,51", "Additionally, adiposity increases the risk of diabetes, and prevalence of blood glucose and diabetes has increased worldwide.52", "Clinical interventions for glycaemic management are not as effective as those for blood pressure and cholesterol.53", "Therefore, reliance on control of the metabolic mediators might be only a partial and temporary response to the obesity epidemic.", "Rather, creative and bold strategies are needed that can curb and reverse rising adiposity so that the full benefits for cardiovascular disease and diabetes reduction can be achieved."]}
{"par_id": 59085, "sentences": ["Correspondence to: Goodarz Danaei, Department of Global Health and Population, Harvard School of Public Health, Boston, MA 02115, USA gdanaei@hsph.harvard.edu"]}
{"par_id": 59086, "sentences": ["###"]}
{"par_id": 59087, "sentences": ["We thank Zhou Zhou for her help with the systematic reviews and Sanne AE Peters for assistance with the APCSC data.", "This report was prepared using Atherosclerosis Risk in Communities Study, Cardiovascular Health Study, Framingham Heart Study, Framingham Offspring Study, Honolulu Heart Program, Multi-Ethnic Study of Atherosclerosis, Multiple risk factor intervention trial, Puerto Rico Heart Health Program, Women's Health Initiative: Clinical Trials, Women's Health Initiative: Observational Study research materials obtained from the NHLBI Biological Specimen and Data Repository Information Coordinating Centre.", "The study was funded by the UK Medical Research Council, National Institute for Health Research Comprehensive Biomedical Research Centre at Imperial College Healthcare NHS Trust, National Institute of Health grant RO1 DK090435, UK Medical Research Council, National Institute for Health Research Comprehensive Biomedical Research Centre at Imperial College Healthcare NHS Trust, Lown Scholars in Residence Program on cardiovascular disease prevention, and Harvard Global Health Institute Doctoral Research Grant.", "This paper is dedicated to the memory of Gary Whitlock, epidemiologist and scholar."]}
{"par_id": 59088, "sentences": ["## Contributors"]}
{"par_id": 59089, "sentences": ["GD and ME developed the study concept and analytical strategy.", "YL and KH did the systematic review, pooled analysis, and prepared results.", "YL, KH, and Cohort Collaborating Group analysed cohort data.", "EBR and MW contributed to the design of the study and interpretation of results.", "YL, KH, ME, and GD wrote the first draft of the report.", "All other Collaborating Group members commented on the report draft and have seen and approved of the final text.", "ME and GD oversaw the research.", "GD is the study guarantor."]}
{"par_id": 59090, "sentences": ["## The Global Burden of Metabolic Risk Factors for Chronic Diseases Collaboration (BMI Mediated Effects)"]}
{"par_id": 59091, "sentences": ["Writing and Pooling Group:"]}
{"par_id": 59092, "sentences": ["Yuan Lu (Department of Global Health and Population, Harvard School of Public Health, Boston, USA), Kaveh Hajifathalian (Department of Global Health and Population, Harvard School of Public Health, Boston, USA), Majid Ezzati (MRC- PHE Centre for Environment and Health, School of Public Health, Imperial College London, London, UK), Mark Woodward (The George Institute for Global Health, Australia), Eric B Rimm (Channing Division of Network Medicine, Brigham and Women's Hospital, Harvard Medical School, Boston, USA), Goodarz Danaei* (Department of Global Health and Population and Department of Epidemiology, Harvard School of Public Health, Boston, USA)."]}
{"par_id": 59093, "sentences": ["## Cohort Collaborating Group\u2020: \u2020Cohort Collaborating Group members were listed by alphabetical order of last name."]}
{"par_id": 59094, "sentences": ["Age 40-programme linked with National Cause of Death Register: Randi Selmer (Norwegian Institute of Public Health, Norway), Bjorn H Strand (Norwegian Institute of Public Health, Norway)."]}
{"par_id": 59095, "sentences": ["Asia Pacific Cohort Study Collaboration (Data were analysed by the Writing Group on behalf of APCSC for those cohorts that are not separately listed below): Executive Committee: X Fang, D F Gu, R Huxley, Y Imai, H C Kim, T H Lam, W H Pan, A Rodgers, I Suh, H Ueshima, M Woodward Participating Studies and Principal Collaborators: Aito Town Study: H Maegawa, A Okayama, H Ueshima; Akabane Study: N Aoki, M Nakamura; Anzhen 02 Cohort Study: Z S Wu; Beijing Anzhen Cohort Study: Z S Wu, C H Yao; Australian Longitudinal Study of Aging: M Luszcz; Australian National Heart Foundation: T A Welborn; Beijing Aging Study: Z Tang; Beijing Iron and Steel Worker Cohort Study: L S Liu, J X Xie; Blood Donors' Health Study: S Ameratunga, S MacMahon, R Norton, G Whitlock; Busselton Health Study (phase I): M W Knuiman, M L Divitini; Canberra- Queanbeyan Longitudinal Study of the Elderly: H Christensen; Capital Iron and Steel Company Study: X G Wu; Capital Iron and Steel Company Hospital Cohort: X H Yu, J Zhou; Civil Service Workers Study: A Tamakoshi; The CardioVascular Disease risk FACtors Two-township Study: W H Pan; East Beijing Cohort Study: L Q Chen, G L Shan, Z L Wu; Electrical Generating Authority of Thailand Study: P Sritara; Fangshan Cohort Study: X F Duan, D F Gu; Fletcher Challenge Heart and Health Study: R Jackson, S MacMahon, R Norton, G Whitlock; Guangzhou Study: Y H Li; Guangzhou Occupational Cohort Study: C Q Jiang, T H Lam; Hisayama Study (phase I): H Arima, M Iida, Y Kiyohara; Health Risks and Quality of Life in the Hong Kong Elderly: S C Ho, J Woo; Huashan Study: Z Hong, M S Huang, B Zhou; The Kinmen Neurological Disorders Survey: J L Fuh; Konan Health and Nutrition Study: S R Choudhury, Y Kita, H Ueshima; Korean Medical Insurance Corporation Study: S H Jee, I S Kim, I Suh; Melbourne Collaborative Study (MCCS): G G Giles; Miyama Cohort Study: T Hashimoto, K Sakata; Newcastle Study: A Dobson; Ohasama Study: Y Imai, T Ohkubo, A Hozawa; Perth Risk Factors Survey: K Jamrozik, M Hobbs, R Broadhurst; Saitama Cohort Study: K Nakachi; Seven Cities Cohort Study: X H Fang, S C Li, Q D Yang; Shanghai Factory Workers Study: Z M Chen; Shibata Cohort Study: H Tanaka; Shigaraki Town Study: Y Kita, A Nozaki, H Ueshima; Shirakawa Study: H Horibe, Y Matsutani, M Kagaya; Singapore Heart: K Hughes, J Lee; Singapore NHS92: S K Chew, D Heng; Six Chinese Cohorts Study: H Y Zhang, B F Zhou; Tanno - Soubetsu Study: K Shimamoto, S Saitoh; Tianjin Study: Z Z Li, H Y Zhang; Abdominal Aortic Aneurysm Screening Program: K Jamrozik, P Norman; Xi'an Study: Y He, T H Lam; Yunnan Tin Miner Cohort Study: S X Yao."]}
{"par_id": 59096, "sentences": ["Atherosclerosis Risk in Communities Study (ARIC): Emily D Parker (HealthPartners Institute for Education and Research, Minneapolis, USA), Mark A Pereira (University of Minnesota, Minneapolis, USA), June Stevens (University of North Carolina at Chapel Hill, USA)."]}
{"par_id": 59097, "sentences": ["ATTICA Study: Demosthenes B Panagiotakos (Harokopio University of Athens, Greece), Christos Pitsavos (University of Athens, Greece)."]}
{"par_id": 59098, "sentences": ["Beijing Iron and Steel Worker Cohort Study: John R Attia (School of Medicine and Public Health, University of Newcastle, and Hunter Medical Research Institute, Australia), Catherine A D'Este (School of Medicine and Public Health, University of Newcastle, and Hunter Medical Research Institute, Australia), Xiaofei Zhang (Second Hospital Affiliated Zhejiang University College of Medine, China; Cardiovascular Institute and Fu Wai Hospital, Peking Union Medical College, China)."]}
{"par_id": 59099, "sentences": ["Belgian Interuniversity Research on Nutrition and Health (BIRNH): Els Clays (Department of Public Health, Ghent University, Ghent, Belgium), Dirk A O De Bacquer (Department of Public Health, Ghent University, Belgium), Koen Van Herck (Department of Public Health, Ghent University, Ghent, Belgium)."]}
{"par_id": 59100, "sentences": ["Busselton Health Study (BHS): Mark L Divitini (The University of Western Australia, Perth, Australia), Matthew W Knuiman (The University of Western Australia, Perth, Australia)."]}
{"par_id": 59101, "sentences": ["Canada Nutrition Database: Howard I Morrison (Public Health Agency of Canada, Canada), Feng Wang (Public Health Agency of Canada, Canada)."]}
{"par_id": 59102, "sentences": ["CardioVascular Disease risk FACtors Two-township Study (CVDFACTS): Shao-Yuan Chuang (Division of Preventive Medicine and Health Services Research, Institute of Population Health Sciences, National Health Research Institutes, Maoli, Taiwan-), Wen-Harn Pan (Institute of Biomedical Sciences, Academia Sinica, Taipei, Taiwan; Division of Preventive Medicine and Health Services Research, Institute of Population Health Sciences, National Health Research Institutes, Maoli, Taiwan), Wen-Ting Yeh (Institute of Biomedical Sciences, Academia Sinica, Taipei, Taiwan)."]}
{"par_id": 59103, "sentences": ["China Prospective Study (CPS): Zhengming Chen (Clinical Trial Service Unit & Epidemiological Studies Unit (CTSU), University of Oxford, Oxford, UK), Margaret C Smith (Clinical Trial Service Unit & Epidemiological Studies Unit (CTSU), University of Oxford, Oxford, UK), Maigeng Zhou (National Centre for Chronic and Noncommunicable Disease Control and Prevention, Chinese Centre for Disease Control and Prevention, Beijing, China)."]}
{"par_id": 59104, "sentences": ["Chinese Multi-Provincial Cohort Study (CMCS): Wei Wang (Department of Epidemiology, Capital Medical University Beijing Anzhen Hospital, Beijing Institute of Heart, Lung and Blood Vessel Diseases, Beijing, China), Xiao-ting Zhang (Department of Epidemiology, Capital Medical University Beijing Anzhen Hospital, Beijing Institute of Heart, Lung and Blood Vessel Diseases, Beijing, China), Dong Zhao (Department of Epidemiology, Capital Medical University Beijing Anzhen Hospital, Beijing Institute of Heart, Lung and Blood Vessel Diseases, Beijing, China)."]}
{"par_id": 59105, "sentences": ["Cohort of Norway (CONOR) (except Tromso and HUNT studies): Randi Selmer (Norwegian Institute of Public Health, Norway), Bjorn H Strand (Norwegian Institute of Public Health, Norway), Stein Emil Vollset (Norwegian Institute of Public Health and University of Bergen, Norway)."]}
{"par_id": 59106, "sentences": ["Cohort study from Porto Alegre, southern Brazil: Sandra C Fuchs (Postgraduate Studies Program in Cardiology, Universidade Federal do Rio Grande do Sul, School of Medicine, Porto Alegre, Brazil), Flavio D Fuchs (Hospital de Clinicas de Porto Alegre, Division of Cardiology, and the National Institute for Science and Technology for Health Technology Assessment (IATS), Brazil), Leila B Moreira (Postgraduate Studies Program in Cardiology, Universidade Federal do Rio Grande do Sul, School of Medicine, Porto Alegre, Brazil)."]}
{"par_id": 59107, "sentences": ["Corfu Cohort, Seven Countries Study: Ismene A Dontas (University of Athens, Greece), Cleo A Dontas (Corfu General Hospital, Greece)."]}
{"par_id": 59108, "sentences": ["Crete Cohort, Seven Countries Study: Anthony G Kafatos (University of Crete, Greece), Joanna Moschandreas (University of Crete, Greece)."]}
{"par_id": 59109, "sentences": ["Crevalcore, Montegiorgio and Rome Cohort, Seven Countries Study: Mariapaola Lanti (Association for Cardiac Research, Rome, Italy), Alessandro Menotti (Association for Cardiac Research, Rome, Italy)."]}
{"par_id": 59110, "sentences": ["Dalmatia and Slavonia Cohort, Seven Countries Study: Daan Kromhout (Division of Human Nutrition, Wageningen University, The Netherlands), Alessandro Menotti (Association for Cardiac Research, Rome, Italy)."]}
{"par_id": 59111, "sentences": ["Danish Diet, Cancer and Health study: Majken K Jensen (Department of Nutrition, Harvard School of Public Health, Boston), Kim Overvad (Section for Epidemiology, Department of Public Health, Aarhus University, Denmark; Department of Cardiology, Aalborg University Hospital, Aalborg, Denmark), Anne Tjonneland (Danish Cancer Society, Copenhagen, Denmark)."]}
{"par_id": 59112, "sentences": ["Diabetes Cardiovascular Risk-Evaluation: Targets and Essential Data for Commitment of Treatment (DETECT): Jens Klotsche (Institute of Clinical Psychology and Psychotherapy/Centre of Clinical Epidemiology and Longitudinal Studies (CELOS), Technische Universitaet Dresden, Germany), Hans-Ulrich Wittchen (Institute of Clinical Psychology and Psychotherapy/Centre of Clinical Epidemiology and Longitudinal Studies (CELOS), Technische Universitaet Dresden, Germany)"]}
{"par_id": 59113, "sentences": ["Diabetes Intervention Study: Sabine Fischer (Medical Clinic III, Technical University Dresden, Germany), Markolf Hanefeld (Centre for Clinical Studies, GWT, Technical University Dresden, Germany), Uta Schwanebeck (Coordination Centre for Clinical Trials, University of Technology, Germany)."]}
{"par_id": 59114, "sentences": ["Dubbo Study of the Elderly: Leon A Simons (University of NSW and St Vincents Hospital, Sydney, Australia), Judith Simons (St Vincents Hospital, Sydney, Australia)."]}
{"par_id": 59115, "sentences": ["Duesseldorf Obesity Mortality Study (DOMS): Ralf Bender (IQWiG, Cologne, Germany), Silke Matthies (Department of Mathematics and Technology, RheinAhrCampus, Koblenz University of Applied Sciences, Remagen, Germany)."]}
{"par_id": 59116, "sentences": ["East and West Finland Cohort, Seven Countries Study, Phase I: Aulikki Nissinen (National Institute for Health and Welfare, Department of Chronic Disease Prevention, Finland), Hanna K Tolonen (National Institute for Health and Welfare, Department of Chronic Disease Prevention, Chronic Disease Epidemiology and Prevention Unit), Jaakko Tuomilehto (Centre for Vascular Prevention, Danube-University Krems, Krems, Austria; Diabetes Prevention Unit, National Institute for Health and Welfare, Helsinki, Finland; Instituto de Investigacion Sanitaria del Hospital Universario La Paz (IdiPAZ), Madrid, Spain; King Abdulaziz University, Jeddah, Saudi Arabia)."]}
{"par_id": 59117, "sentences": ["East and West Finland Cohort, Seven Countries Study, Phase II: Aulikki Nissinen (National Institute for Health and Welfare, Department of Chronic Disease Prevention, Finland), Jaakko Tuomilehto (Centre for Vascular Prevention, Danube-University Krems, Krems, Austria; Diabetes Prevention Unit, National Institute for Health and Welfare, Helsinki, Finland; Instituto de Investigacion Sanitaria del Hospital Universario La Paz (IdiPAZ), Madrid, Spain; King Abdulaziz University, Jeddah, Saudi Arabia)."]}
{"par_id": 59118, "sentences": ["EURODIAB Prospective Complications Study: Nish Chaturvedi (National Heart and Lung Institute, Imperial College, London, UK), John H Fuller (Epidemiology and Public Health, Royal Free and University College London Medical School, London, UK), Sabita S Soedamah-Muthu (Division of Human Nutrition, Wageningen University, Wageningen, The Netherlands)."]}
{"par_id": 59119, "sentences": ["European Action on Secondary Prevention through Intervention to Reduce Events (EUROASPIRE): Dirk AO De Bacquer (Department of Public Health, Ghent University, Ghent, Belgium), Kornelia Kotseva (Department of Cardiovascular Medicine, National Heart and Lung Institute, Imperial College London, UK), David A Wood (Department of Cardiovascular Medicine, National Heart and Lung Institute, Imperial College London, UK)."]}
{"par_id": 59120, "sentences": ["EUROSTROKE: Michiel L Bots (Julius Centre For Health Sciences and Primary care, UMC Utrecht, The Netherlands), Karel G M Moons (Julius Centre For Health Sciences and Primary care, UMC Utrecht, The Netherlands)."]}
{"par_id": 59121, "sentences": ["Finnish Mobile Clinic Health Examination Survey (FMC): Markku Heliovaara (National Institute for Health and Welfare, Finland), Paul B Knekt (National Institute for Health and Welfare, Finland), Harri Rissanen (National Institute for Health and Welfare, Finland)"]}
{"par_id": 59122, "sentences": ["General Post Office Study (GPO): Jane E Ferrie (Department of Epidemiology and Public Health, University College London, UK), Martin J Shipley (Department of Epidemiology and Public Health, University College London, UK), George Davey Smith (School of Social and Community Medicine, University of Bristol, UK)."]}
{"par_id": 59123, "sentences": ["Goteborg BEDA study: Saga Johansson (AstraZeneca R&D, Molndal, Sweden), Georgios Lappas (Department of Medicine, Sahlgrenska Academy, University of Gothenburg, Gothenburg, Sweden), Annika Rosengren (Department of Medicine, Sahlgrenska Academy, University of Gothenburg, Gothenburg, Sweden)."]}
{"par_id": 59124, "sentences": ["Health Risks and Quality of Life in the Hong Kong Elderly: Aprille Sham (The Chinese University of Hong Kong, Hong Kong), Jean Woo (The Chinese University of Hong Kong, Hong Kong), Ruby HY Yu (The Chinese University of Hong Kong, Hong Kong)."]}
{"par_id": 59125, "sentences": ["Hisayama Study: Jun Hata (Department of Environmental Medicine, Graduate School of Medical Sciences, Kyushu University, Fukuoka, Japan), Yutaka Kiyohara (Department of Environmental Medicine, Graduate School of Medical Sciences, Kyushu University, Fukuoka, Japan), Toshiharu Ninomiya (Department of Medicine and Clinical Science, Graduate School of Medical Sciences, Kyushu University, Fukuoka, Japan)."]}
{"par_id": 59126, "sentences": ["Jichi Medical School-Ambulatory blood pressure monitoring (JMS-ABPM), wave 1: Satoshi Hoshide (Department of Cardiology, Jichi Medical University School of Medicine, Tochigi, Japan), Kazuomi Kario (Department of Cardiology, Jichi Medical University School of Medicine, Tochigi, Japan)."]}
{"par_id": 59127, "sentences": ["Kaunas Rotterdam Intervention Study (KRIS): Daiva Rastenyte (Department of Neurology, Medical Academy of Lithuanian University of Health Sciences, Lithuania), Abdonas Tamosiunas (Department of Population studies of Institute of Cardiology, Medical Academy of Lithuanian University of Health Sciences, Lithuania)."]}
{"par_id": 59128, "sentences": ["LIFE Study: Giovanni de Simone (Department of Translational Medical Sciences, Federico II University, Naples, Italy), Richard B Devereux (Department of Medicine, The New York Presbyterian Hospital, Weill-Cornell Medical College, New York, USA), Eva Gerdts (Department of Clinical Science, University of Bergen, Bergen, Norway)."]}
{"par_id": 59129, "sentences": ["Long term Intervention with Pravastatin in Ischaemic Disease (LIPID): David M Colquhoun (University of Queensland, Greenslopes and Wesley Private Hospitals, Australia), Anthony C Keech (NHMRC Clinical Trials Centre, University of Sydney, Australia), Adrienne C Kirby (NHMRC Clinical Trials Centre, University of Sydney, Australia)."]}
{"par_id": 59130, "sentences": ["Management of Elevated Cholesterol in Primary Prevention Group of Adult Japanese (MEGA): Kyoichi Mizuno (Nippon Medical School of Medicine, Tokyo, Japan), Haruo Nakamura (Mitsukoshi Health and Welfare Foundation, Tokyo, Japan), Shinichiro Uchiyama (Tokyo Women's Medical University, Tokyo, Japan)."]}
{"par_id": 59131, "sentences": ["Melbourne Collaborative Study (MCCS): Julie K Bassett (Cancer Council Victoria, Cancer Epidemiology Centre, Melbourne, Australia), Graham G Giles (Cancer Council Victoria, Cancer Epidemiology Centre, Melbourne, Australia), Allison M Hodge (Cancer Council Victoria, Cancer Epidemiology Centre, Melbourne, Australia)."]}
{"par_id": 59132, "sentences": ["Multifactor Primary Prevention Study: Georgios Lappas (Department of Medicine, Sahlgrenska Academy, University of Gothenburg, Gothenburg, Sweden), Annika Rosengren (Department of Medicine, Sahlgrenska Academy, University of Gothenburg, Gothenburg, Sweden), Lars Wilhelmsen (Department of Medicine, University of Gothenburg, Sweden)."]}
{"par_id": 59133, "sentences": ["National Heart Foundation Risk Factor Prevalence Study: Satvinder S Dhaliwal (School of Public Health, Curtin University, Western Australia, Australia), Timothy A Welborn (University of Western Australia, Australia)"]}
{"par_id": 59134, "sentences": ["NIPPON DATA80: Yasuyuki Nakamura (Kyoto Women's University, Kyoto, Japan), Akira Okayama (The First Institute for Health Promotion and Health Care, Japan Anti-Tuberculosis Association, Tokyo, Japan), Hirotsugu Ueshima (Shiga University of Medical Science, Otsu, Shiga, Japan)."]}
{"par_id": 59135, "sentences": ["NIPPON DATA90: Aya Kadota (Osaka Kyoiku University, Kashiwara, Osaka, Japan), Tomonori Okamura (Keio University, Tokyo, Tokyo, Japan), Hirotsugu Ueshima (Shiga University of Medical Science, Otsu, Shiga, Japan)."]}
{"par_id": 59136, "sentences": ["Nord-Trondelag Health Study 1 (HUNT 1): Marie S Sandvei (Department of Neuroscience, Norwegian University of Science and Technology, Trondheim, Norway; Nordland Hospital Bod\u00f8, Bod\u00f8, Norway), Lars J Vatten (Department of Community Medicine and General Practice, Norwegian University of Science and Technology, Trondheim, Norway), Anne Vik (Department of Neuroscience, Norwegian University of Science and Technology and Department of Neurosurgery, Trondheim University Hospital,, Trondheim, Norway)."]}
{"par_id": 59137, "sentences": ["Nord-Trondelag Health Study 2 (HUNT 2): Bjorn Morkedal (Department of Public Health and General Practice, Norwegian University of Science and Technology, Trondheim, Norway), Pal R Romundstad (Department of Community Medicine and General Practice, Norwegian University of Science and Technology, Trondheim, Norway), Marie S Sandvei (Department of Neuroscience, Norwegian University of Science and Technology, Trondheim, Norway; Nordland Hospital Bod\u00f8, Bod\u00f8, Norway)."]}
{"par_id": 59138, "sentences": ["Northern Manhattan Study (NOMAS): Mitchell SV Elkind (Department of Neurology, College of Physicians and Surgeons, and Department of Epidemiology, Mailman School of Public Health, Columbia University, New York, NY, USA), Hannah Gardener (University of Miami Miller School of Medicine, Department of Neurology, Miami, USA), Ralph L Sacco (Departments of Neurology and Public Health Sciences, University of Miami Miller School of Medicine, Miami, USA)"]}
{"par_id": 59139, "sentences": ["Norwegian Counties Study (NCS): Randi Selmer (Norwegian Institute of Public Health, Norway), Bjorn H Strand (Norwegian Institute of Public Health, Norway)."]}
{"par_id": 59140, "sentences": ["Prediction of cerebrovascular and cardiovascular events in patients with subclinical carotid atherosclerosis: the role of C-reactive protein: Antonino Mignano (Operative Unit of Cardiology AOUP \u201cPaolo Giaccone\u201d Palermo, Italy), Salvatore Novo (Operative Unit of Cardiology AOUP \u201cPaolo Giaccone\u201d Palermo, Italy), Manfredi Rizzo (Department of Internal Medicine and Clinical Specialties, University of Palermo, Italy)."]}
{"par_id": 59141, "sentences": ["Prospective Cardiovascular M\u00fcnster Study (PROCAM): Gerd Assmann (Assmann Foundation for Prevention, M\u00fcnster, Germany), Helmut Schulte (Assmann Foundation for Prevention, M\u00fcnster, Germany)."]}
{"par_id": 59142, "sentences": ["Prospective Study of Women in Gothenburg: Lauren Lissner (Department of Public Health and Community Medicine, University of Gothenburg, Sweden), Ingmar Skoog (Department of Psychiatry and Neurochemistry, University of Gothenburg, Sweden), Valter Sundh (Department of Public Health and Community Medicine, University of Gothenburg, Sweden)."]}
{"par_id": 59143, "sentences": ["Risk of ischaemic heart disease in Zaragoza (ZACARIS): Alejandro Marin (Centro De Salud Zaragoza Norte Zaragoza, Spain), Maria Jose Medrano (National Centre for Epidemiology, Carlos III Institute of Health (ISCIII), Madrid, Spain)."]}
{"par_id": 59144, "sentences": ["Rotterdam Study (RS): Albert Hofman (Department of Epidemiology, Erasmus Medical Centre, Rotterdam, The Netherlands), Maris Kuningas (Department of Epidemiology, Erasmus Medical Centre, Rotterdam, The Netherlands), Bruno H Stricker (Department of Epidemiology, Erasmus Medical Centre, Rotterdam, The Netherlands)."]}
{"par_id": 59145, "sentences": ["Secondary Manifestations of ARTerial Disease (SMART): Yolanda van der Graaf (Julius Centre for Health Sciences and Primary Care, University Medical Centre Utrecht, The Netherlands), Frank LJ Visseren (Vascular Medicine University Medical Centre Utrecht, The Netherlands)."]}
{"par_id": 59146, "sentences": ["Singapore Cardiovascular Cohort Study: Jeannette JM Lee (Saw Swee Hock School of Public Health, National University of Singapore, Singapore)."]}
{"par_id": 59147, "sentences": ["Study of Multifactorial Prevention of Ischemic Heart Disease: Daiva Rastenyte (Department of Neurology, Medical Academy of Lithuanian University of Health Sciences, Lithuania), Abdonas Tamosiunas (Department of Population studies of Institute of Cardiology, Medical Academy of Lithuanian University of Health Sciences, Lithuania)."]}
{"par_id": 59148, "sentences": ["Survey in Europe on Nutrition and the Elderly, a Concerted Action (SENECA): Wanda Bemelmans (National Institute for Public Health and the Environment, Bilthoven, The Netherlands), Lisette C P G M de Groot (Wageningen University, Wageningen, The Netherlands), Ellen L de Hollander (Wageningen University, Wageningen, the Netherlands and National Institute for Public Health and the Environment, Bilthoven, The Netherlands)."]}
{"par_id": 59149, "sentences": ["Tanushimaru and Ushibuka Cohort, Seven Countries Study: Hisashi Adachi (Department of Community Medicine, Kurume University School of Medicine, Kurume, Japan), Yuji Hirai (Department of Internal Medicine, Division of Cardio-Vascular Medicine, Kurume University School of Medicine, Kurume, Japan)."]}
{"par_id": 59150, "sentences": ["Tehran Lipid and Glucose Study (TLGS): Fereidoun Azizi (Endocrine Research Centre, Research Institute for Endocrine Sciences, Shahid Beheshti University of Medical Sciences, Tehran, Iran), Farzad Hadaegh (Prevention of Metabolic Disorders Research Centre, Research Institute for Endocrine Sciences, Shahid Beheshti University of Medical Sciences, Tehran, Iran), Davood Khalili (Prevention of Metabolic Disorders Research Centre, Research Institute for Endocrine Sciences, Shahid Beheshti University of Medical Sciences, Tehran, Iran)."]}
{"par_id": 59151, "sentences": ["Tromso Study: Ellisiv B Mathiesen (Department of Clinical Medicine, University of Tromso, Tromso, Norway), Inger Njolstad (Department of Community Medicine, University of Tromso, Tromso, Norway), Tom Wilsgaard (Department of Community Medicine, University of Tromso, Tromso, Norway)."]}
{"par_id": 59152, "sentences": ["Turkish Adult Risk Factor Study (TARF): Gunay Can (Department of Public Health, Cerrahpasa Medical Faculty, Istanbul University, Turkey), Altan Onat (Emeritus, Cerrahpasa Medical Faculty, Istanbul University, Turkey)."]}
{"par_id": 59153, "sentences": ["Uppsala Longitudinal Study of Adult Men (ULSAM): Johan Arnlov (Department of Public Health and Caring Sciences, Uppsala University, Sweden), Johan Sundstrom (Department of Medical Sciences, Uppsala University, Sweden)."]}
{"par_id": 59154, "sentences": ["US Railroad Cohort, Seven Countries Study: Henry W Blackburn (University of Minnesota School of Public Health, USA), David R Jacobs (University of Minnesota School of Public Health, USA)."]}
{"par_id": 59155, "sentences": ["Ventimiglia di Sicilia Heart Study: Maurizio R Averna (Department of Biomedicine, Internal Medicine and Medical Specialties, University of Palermo, Italy), Angelo B Cefalu (Department of Biomedicine, Internal Medicine and Medical Specialties, University of Palermo, Italy), Davide Noto (Department of Biomedicine, Internal Medicine and Medical Specialties, University of Palermo, Italy)."]}
{"par_id": 59156, "sentences": ["Vorarlberg Health Monitoring & Promotion Programme (VHM&PP): Hans Concin (Agency for Preventive and Social Medicine, Bregenz, Austria), Gabriele Nagel (Institute for Epidemiology and medical biometry, University of Ulm, Germany, and Agency for Preventive and Social Medicine, Bregenz, Austria), Hanno Ulmer (Department of Medical Statistics, Informatics and Health Economics, Innsbruck Medical University, Austria)."]}
{"par_id": 59157, "sentences": ["Western Collaborative Group Study (WCGS): Ruth E Krasnow (Centre for Health Sciences, SRI International, Menlo Park, USA), Gary E Swan (Centre for Health Sciences, SRI International, Menlo Park, USA)"]}
{"par_id": 59158, "sentences": ["Whitehall II Study: Mika Kivimaki (Department of Epidemiology and Public Health, University College London, UK), Martin J Shipley (Department of Epidemiology and Public Health, University College London, UK)."]}
{"par_id": 59159, "sentences": ["Whitehall I Study: G David Batty (Department of Epidemiology and Public Health, University College London, UK), Martin J Shipley (Department of Epidemiology and Public Health, University College London, UK)."]}
{"par_id": 59160, "sentences": ["Zrenjanin, Belgrade and Velika Krsna Cohort, Seven Countries Study: Natasa Milic (School of Medicine, University of Belgrade, Serbia), Miodrag C Ostojic (School of Medicine, University of Belgrade, Serbia), Biljana Parapid (Division of Cardiology, Clinical Centre of Serbia, Belgrade, Serbia)."]}
{"par_id": 59161, "sentences": ["Zutphen cohort, Seven Countries Study, Phase I: Johanna M Geleijnse (Division of Human Nutrition, Wageningen University, The Netherlands), Daan Kromhout (Division of Human Nutrition, Wageningen University, The Netherlands), Eveline Waterham (Division of Human Nutrition, Wageningen University, The Netherlands)."]}
{"par_id": 59162, "sentences": ["Zutphen cohort, Seven Countries Study, Phase II: Edith J Feskens (Division of Human Nutrition, Wageningen University, The Netherlands), Daan Kromhout (Division of Human Nutrition, Wageningen University, The Netherlands), Eveline Waterham (Division of Human Nutrition, Wageningen University, The Netherlands)."]}
{"par_id": 59163, "sentences": ["## Conflicts of interest"]}
{"par_id": 59164, "sentences": ["The members of the Writing and Pooling Group declare that they have no conflicts of interest."]}
{"par_id": 59165, "sentences": ["*Corresponding author."]}
{"par_id": 59166, "sentences": ["\u2020Cohort Collaborating Group members were listed by alphabetical order of last name."]}
{"par_id": 59167, "sentences": ["Supplementary appendix:"]}
{"par_id": 59168, "sentences": ["Click here to view.(1.3M, pdf)"]}
