{"par_id": 61000, "sentences": ["Quiescent hematopoietic stem cells are activated by IFN\u03b3 in response to chronic infection"]}
{"par_id": 61001, "sentences": ["## Summary"]}
{"par_id": 61002, "sentences": ["Lymphocytes and neutrophils are rapidly depleted by systemic infection1.", "Progenitor cells of the hematopoietic system, such as common myeloid progenitors (CMPs) and common lymphoid progenitors (CLPs), increase the production of immune cells to restore and maintain homeostasis during chronic infection, but the contribution of hematopoietic stem cells (HSCs) to this process is largely unknown2.", "Using an in vivo mouse model of Mycobacterium avium infection, we show that an increased proportion of long-term repopulating HSCs (LT-HSCs) proliferate during M. avium infection, and that this response requires interferon-gamma (IFN\u03b3) but not interferon-alpha (IFN\u03b1) signaling.", "Thus, the hematopoietic response to chronic bacterial infection involves the activation not only of intermediate blood progenitors but of LT- HSCs as well.", "IFN\u03b3 is sufficient to promote LT-HSC proliferation in vivo; furthermore, HSCs from mice deficient in IFN\u03b3 have a lower proliferative rate, indicating that baseline IFN\u03b3 tone regulates HSC activity.", "These findings are the first to implicate IFN\u03b3 both as a regulator of HSCs during homeostasis and under conditions of infectious stress.", "Our studies contribute to a deeper understanding of hematologic responses in patients with chronic infections such as HIV/AIDS or tuberculosis3-5."]}
{"par_id": 61003, "sentences": ["##"]}
{"par_id": 61004, "sentences": ["As the precursors of all blood cells, HSCs remain dormant during most of the life of an organism, entering the cell cycle only when necessary to generate differentiated progeny6, 7.", "Maintenance of the blood and immune systems imposes different stresses on HSCs, ranging from the routine demands of cellular senescence to the extreme stress of acute bleeding, when the production of peripheral blood cells must be increased many-fold8.", "The signals that trigger HSC activation remain largely unknown.", "Because infection is a common natural stressor that leads to the consumption of peripheral immune cells, we sought to determine whether replenishment of immune cells during chronic infection requires only immediate myeloid and lymphoid precursors or if activation of HSCs is also required9, 10.", "Further, we investigated the role of the interferon family of inflammatory cytokines in influencing HSC activation."]}
{"par_id": 61005, "sentences": ["Earlier studies by our group and others have noted an increase in the absolute and relative number of primitive progenitor cells of the bone marrow in response to chronic infection11-13.", "These results were obtained by phenotypically tracking cells that expressed the stem cell markers c-Kit and Sca-1 while lacking the canonical markers of lineage differentiation (so- called KSL cells).", "Thus far, however, neither the mechanism nor the functional consequence of this change has been fully explored.", "For instance, what signaling molecules affect HSCs during infection, and do they promote a proliferative response?", "To address these questions, we chose a mouse model of Mycobacterium avium infection, which affords an example of chronic systemic mycobacterial diseases, including tuberculosis14, and enables us to study HSCs without disrupting their natural microenvironment."]}
{"par_id": 61006, "sentences": ["When injected intravenously with M. avium, wild-type mice were systemically infected with large numbers of bacteria at 4 weeks postinjection and had larger spleens, consistent with sequestration of bacteria and lymphoid cells in the spleen (Supplementary Fig. 1)15.", "Despite infection with M. avium, the absolute numbers of lymphocytes, neutrophils, monocytes, eosinophils and basophils in peripheral blood remained stable; the only significant changes in blood composition were a decrease in platelet number at 2 weeks postinfection (Supplementary Fig. 2A) and a relative decrease of B cells with an associated increase of CD4+ T-cells and granulocytes at 4 weeks postinfection (Supplementary Fig. 2B).", "The bone marrow showed a loss of granulocyte-monocyte progenitors, common myeloid progenitors, and macrophage-erythroid progenitors from 2 to 4 weeks postinfection with a concomitant increase in common lymphoid progenitors (Supplementary Fig. 3).", "These changes are consistent with mobilization of a T-cell-mediated immune response, characteristic of ongoing mycobacterial disease15."]}
{"par_id": 61007, "sentences": ["Given the observed changes in intermediate progenitor populations in M. avium- infected mice, we asked whether earlier progenitors might be activated to expand during chronic infection.", "To assess the response of early hematopoietic progenitors to M. avium infection, we determined the absolute numbers of short-term repopulating HSCs (ST-HSCs: KSL, CD34+, Flk2\u2212) and multipotent progenitors (MPPs: KSL, CD34+, Flk2+; gating shown in Supplementary Figure 4) in mice observed over 4 weeks after infection.", "There was a sharp increase (P<0.001) in ST-HSCs (Fig. 1A), cells that are highly proliferative and can maintain pluripotency for several weeks16.", "These findings suggest that compensatory expansion of these progenitors maintains blood cell homeostasis over the course of a chronic M. avium infection."]}
{"par_id": 61008, "sentences": ["Figure 1"]}
{"par_id": 61009, "sentences": ["Infection with Mycobacterium avium induces changes in hematopoietic stem cells."]}
{"par_id": 61010, "sentences": ["(A) Absolute numbers of short-term HSCs (ST-HSCs), multipotent progenitors (MPPs), and long-term HSCs (KSL, Flk2\u2212, CD34\u2212) were determined after infection with M. avium.", "n=3-7.", "(B) LT-HSCs (side population, lineage-negative, Sca-1+, c-Kit+ (SPKLS)) were not significantly changed after infection with M. avium.", "Plot is representative of three independent experiments, each with n=3-5.", "(C) BrdU incorporation in SPKLS cells was determined at baseline and after infection.", "Data represent two independent experiments, each with n=2-5.", "(D) Engraftment efficiency was determined after transplantation of 500 SPKLS from WT or M. avium-infected WT mice into lethally irradiated WT recipients.", "Data represent two independent experiments, each with n=2 to 6.", "(E) The percentage of LT-HSCs (KSL CD150+) in the spleen was determined at baseline and 4 weeks after M. avium infection.", "n=4 or 5."]}
{"par_id": 61011, "sentences": ["To assess the effect of mycobacterial infection on the most primitive progenitor populations of the bone marrow, we analyzed the long-term repopulating HSCs (LT-HSCs).", "LT-HSCs were phenotypically defined by surface markers (KSL, CD34\u2212, Flk2\u2212 or KSL, CD150+)16, 17 or a combination of vital dye staining and surface markers (side population, or SP, along with KLS \u2013 SPKLS)18.", "Where experimentally possible, we conducted experiments using multiple phenotypic definitions of LT-HSCs in order to verify that our observations were not due to stress-induced alterations in marker expression.", "After conducting M. avium infection in wild type animals for 4 weeks, we found that the absolute numbers of LT-HSC were increased marginally (Fig 1A, KSL Flk2\u2212 CD34\u2212) or not at all (SPKLS, Fig. 1B)."]}
{"par_id": 61012, "sentences": ["The expansion in ST-HSCs with minimal increase in LT-HSC number suggested that the LT-HSCs may be proliferating to meet the increased demand for their immediate downstream progeny, namely ST-HSC and MPP.", "To examine this possibility, we determined the proliferative status of the LT-HSCs during M. avium infection by measuring their relative incorporation of 5-bromo-2\u2032-deoxyuridine (BrdU)19.", "The results demonstrated an increased percentage of proliferating LT-HSCs (SPKLS) in the bone marrow of infected mice compared with the level prior to infection (Fig. 1C).", "We also confirmed these findings by Hoechst and Pyronin Y staining to assess the cell cycle status of HSCs from uninfected and infected animals19.", "The M. avium infected mice had a significantly lower percentage of quiescent (G0) HSCs compared to uninfected mice (Supplementary Fig. 5).", "Thus, M. avium infection appears to stimulate an increase in the proliferative fraction of primitive LT-HSCs, along with a substantial increase in the numbers of early committed progenitors."]}
{"par_id": 61013, "sentences": ["If the proliferative fraction of LT-HSCs from infected mice is indeed increased, such cells may be expected to lose some regenerative function and to engraft less readily than HSCs from uninfected mice, as has been shown for proliferating HSCs20.", "To test this, we transplanted 500 LT-HSCs from na\u00efve or M. avium-infected mice into irradiated wild-type CD45.1 recipients together with a radioprotective dose of 2 \u00d7 106 recipient-type CD45.1 whole bone marrow (WBM) cells.", "At short time points after transplantation, the LT-HSCs from infected mice showed impaired engraftment compared with those from uninfected mice, consistent with their increased proliferative status (Fig. 1D).", "Of note, few if any M. avium bacteria could be isolated from the donor whole bone marrow, and no bacteria were isolated from the spleens of recipient mice 20 weeks after transplantation, indicating that infectious particles were not transmitted with the cell transplants.", "We conclude from these data that chronic mycobacterial infection induces proliferation of HSCs, with functional consequences that cannot be attributed to infection of the stem cells themselves."]}
{"par_id": 61014, "sentences": ["Given the finding that LT-HSCs are more highly proliferative during chronic M. avium infection without a large change in their absolute number in the bone marrow, we wondered if the cells were being increasingly mobilized to leave the bone marrow during infection.", "To assess this possibility, we measured the number of LT-HSCs detectable in the spleen following infection.", "Infection with M. avium led to a striking increase in the number of phenotypic-HSCs in the spleen (Fig. 1E), suggesting mobilization of some of these cells during infection."]}
{"par_id": 61015, "sentences": ["Soon after infectious stress is imposed, hematopoietic progenitors begin to proliferate in order to restore homeostasis, yet the signaling pathways involved in this response are largely unknown10, 21.", "Because IFN\u03b3 is strongly upregulated during M. avium infection15, 22, we focused our attention on the interferons23.", "We hypothesized that IFN\u03b3 is responsible for the proliferative response of HSCs during M. avium infection.", "To confirm that M. avium infection in mice leads to an increase of IFN\u03b3 in bone marrow, where HSCs reside, we collected bone marrow supernatants from naive and infected mice at 4 weeks postinfection.", "Consistent with previous findings in serum15, 22, analysis of the samples by a cytokine bead array method indicated strong upregulation of IFN\u03b3 in the bone marrow of mice infected with M. avium (Fig. 2A)."]}
{"par_id": 61016, "sentences": ["Figure 2"]}
{"par_id": 61017, "sentences": ["The HSC response to M. avium infection is dependent upon intact IFN\u03b3 signaling."]}
{"par_id": 61018, "sentences": ["(A) IFN\u03b3 levels in bone marrow supernatant were quantified by cytokine bead array at baseline and 4 weeks postinfection with M. avium.", "n=3-6.", "(B) BrdU incorporation by HSCs (KSL CD150+) of na\u00efve and M. avium-infected WT, Ifngr1-deficient, Stat1-deficient, and Ifnar1-deficient mice was quantified.", "n=3-6.", "(C) Absolute number of HSCs (KSL CD150+) in the whole bone marrow of na\u00efve and infected WT, Ifngr1-deficient, Stat1-deficient, and Ifnar1-deficient mice was determined.", "n=3-7."]}
{"par_id": 61019, "sentences": ["Because many different cytokines are active during periods of infectious stress, we sought to determine if IFN\u03b3 is necessary to influence the behavior of HSCs.", "We predicted that interference with IFN\u03b3 signaling would abrogate the HSC response to M. avium infection.", "Therefore, we analyzed the HSCs in bone marrow samples from na\u00efve and infected mice lacking essential components of the IFN\u03b3-signaling pathway, including mice lacking the interferon-gamma receptor 1 (Ifngr1) gene or the Stat1 gene encoding the downstream signal transducer for IFNGR1.", "Animals lacking functional Ifngr1 or Stat1 showed an impaired proliferative response of the LT-HSC compartment as measured by BrdU incorporation (Fig. 2B).", "However, proliferative activation of LT-HSCs occurred normally in mice lacking functional interferon-alpha receptor 1 (IFNAR1), suggesting that IFN\u03b1 signaling is not required for this response (Fig. 2B).", "Similarly, the modest numerical increase observed in phenotypically-defined HSC in response to infection was abrogated in IFN\u03b3 signaling mutants (Fig. 2C).", "Furthermore, when the same infection was carried out in mice lacking the IFN\u03b1 receptor (IFNAR1), the HSC response was intact.", "These results collectively support an essential role for IFN\u03b3 but not IFN\u03b1 in the proliferative activation of HSCs in response to in vivo infection by M. avium."]}
{"par_id": 61020, "sentences": ["We next turned our attention to determine whether LT-HSCs respond directly to IFN\u03b3 stimulation, and whether IFN\u03b3 alone is sufficient to induce these effects.", "Previous work from our group indicated that LT-HSCs express the IFN\u03b3 receptor subunit 1 (IFNGR1), allowing them to respond directly to IFN\u03b3 signaling24.", "We confirmed that Ifngr1 is expressed by HSCs using real-time quantitative PCR analysis (Fig. 3A).", "Indeed, the amount of Ifngr1 mRNA in HSCs was significantly higher than that in T-cells, B-cells, and granulocytes, all known to express high levels of this receptor25.", "To assess the function of the IFNGR1 receptor on LT-HSCs, we treated purified LT-HSCs with IFN\u03b3 in vitro and examined them for changes in mRNA levels of a known IFN-inducible gene, Irgm126.", "We found that Irgm1 expression is upregulated in response to IFN\u03b3 exposure in vitro, and that this response is abrogated in Ifngr1-deficient and Stat1-deficient HSCs (Fig. 3B).", "These results were confirmed by an increase in IRGM1 protein levels in IFN\u03b3-treated versus untreated mouse HSCs stained with anti-IRGM1 antibody and FITC-conjugated secondary antibody (green) (Fig. 3C).", "Furthermore, other interferon-regulated genes including Stat1, Irf1, and Irf9 were upregulated in HSCs after in vitro IFN\u03b3 exposure when measured by real- time quantitative PCR, indicating that typical IFN\u03b3-signaling pathways were activated in the purified cells (Supplementary Fig. 6)27."]}
{"par_id": 61021, "sentences": ["Figure 3"]}
{"par_id": 61022, "sentences": ["IFN\u03b3 is sufficient to induce HSC proliferation in vitro."]}
{"par_id": 61023, "sentences": ["(A) Relative quantities of Ifngr1 mRNA were determined in pooled samples of nucleated erythrocyte progenitors (\u201cEryth\u201d), B-cells, T-cells, granulocytes (\u201cGran\u201d), and LT-HSCs (SPKLS).", "n=2-3 independent samples per cell type.", "(B) Irgm1 mRNA was quantified by real-time PCR in LT-HSCs (SPKLS) after IFN\u03b3 treatment.", "(C) IRGM1 protein levels on LT-HSCs (SPKLS) were determined by immunofluorescence.", "(D) BrdU incorporation by primitive hematopoietic cells (KSL CD150+) was assessed after 12-hour in vitro treatment with PBS or IFN\u03b3.", "Data represent two independent experiments each performed in triplicate."]}
{"par_id": 61024, "sentences": ["The above findings suggested that one could trigger HSC proliferation with purified mouse recombinant IFN\u03b3 (rIFN\u03b3) alone.", "We measured HSC proliferation in response to induction by rIFN\u03b3 in vitro, and we found that primitive hematopoietic cells are significantly more proliferative after rIFN\u03b3 treatment (Fig. 3D) with no increase in apoptosis (Supplementary Figure 7).", "This rapid in vitro response suggests the IFN\u03b3\u2013dependent effects on the HSC are independent of other physiologic changes in the bone marrow."]}
{"par_id": 61025, "sentences": ["In order to determine if these effects also occurred in vivo, we injected wild-type mice intravenously with 10 mg of rIFN\u03b3, conducted BrdU injection 12 hours later, and analyzed the proliferative status of the HSC after 12 additional hours.", "Analysis of BrdU incorporation into LT-HSCs from treated and untreated mice showed a significant increase in the percentage of proliferating stem cells in response to IFN\u03b3 treatment (Fig. 4A).", "Transplants using WBM from rIFN\u03b3-treated mice showed modest impairment in the functional reconstitution capacity of rIFN\u03b3-exposed cells compared to WBM from untreated mice (Fig. 4B).", "Finally, increased mobilization of primitive hematopoietic cells to the spleen could also be detected following in vivo treatment with purified IFN\u03b3 (Fig. 4C).", "Together, these experiments demonstrate that IFN\u03b3 directly affects HSCs and that exposure to IFN\u03b3 alone is sufficient to induce their proliferation and mobilization."]}
{"par_id": 61026, "sentences": ["Figure 4"]}
{"par_id": 61027, "sentences": ["IFN\u03b3 is sufficient to induce HSC proliferation in vivo."]}
{"par_id": 61028, "sentences": ["(A) BrdU incorporation was measured in LT-HSCs (SPKLS) of WT mice 24 hours after injection with IFN\u03b3 or PBS and 12 hours after injection with BrdU.", "n=5.", "(B) Whole bone marrow was isolated from PBS or IFN\u03b3-injected WT mice 24 hours postinjection, and transplanted into lethally irradiated WT recipients in competitive transplant assays.", "Engraftment efficiency was determined 4, 8, 12, and 16 weeks after transplantation.", "n=5-6.", "(C) The percentage of primitive hematopoietic cells (KSL CD150+) in the spleen was determined 24 hours after injection with either PBS or IFN\u03b3.", "n=3."]}
{"par_id": 61029, "sentences": ["Given our findings that IFN\u03b3 is both necessary and sufficient for HSC proliferation and mobilization during M. avium infection, we hypothesized that mice lacking the IFN\u03b3 cytokine may show alterations in their HSC compartments.", "When we investigated the bone marrow of IFN\u03b3-deficient animals, we found that LT-HSCs were less proliferative even in the absence of infection (Fig. 5A), but the total number of phenotypically-defined LT-HSCs was not different between wild type and IFN\u03b3-deficient mice (Supplementary Fig. 8).", "We tested the functional capacity of the Ifng-/- HSCs in noncompetitive transplants (2\u00d7106 donor whole bone marrow cells) and competitive transplants (2\u00d7106 donor whole bone marrow cells competing against 2\u00d7106 CD45.1 whole bone marrow cells).", "Consistent with their decreased baseline proliferative status, HSCs from IFN\u03b3-deficient mice showed improved engraftment compared to wild-type HSCs in competitive transplant assays (Fig. 5B).", "Since the phenotypic HSC number appears to be the same in WT and IFN\u03b3-deficient mice, the improved engraftment is likely to result from the higher level of quiescence, as this property is inextricably linked to engraftment potential and HSC quality7,20.", "These results suggest that IFN\u03b3 stimulates HSCs even in the steady state, and that baseline IFN\u03b3 tone may influence HSC turnover and quality during normal homeostasis."]}
{"par_id": 61030, "sentences": ["Figure 5"]}
{"par_id": 61031, "sentences": ["Basal IFN\u03b3 tone affects HSC cycling and function."]}
{"par_id": 61032, "sentences": ["(A) BrdU incorporation by LT-HSCs (SPKLS) of WT and Ifng-deficient mice over 3 days was determined.", "n=4 or 5.", "(B) Engraftment efficiency was determined 4, 8, 12, and 16 weeks after transplantation of whole bone marrow from WT or Ifng- deficient mice into lethally irradiated WT recipients in either noncompetitive or competitive transplant assays.", "n=5."]}
{"par_id": 61033, "sentences": ["This work provides evidence that long-term repopulating HSCs can respond directly to IFN\u03b3 stimulation in the context of a chronic infection.", "The LT-HSC numbers, defined phenotypically and functionally, remain relatively constant, but a larger proportion are in cycle.", "This activation is accompanied by a substantial increase in the number of immediate downstream progenitors and maintenance of stable numbers of differentiated peripheral blood cells.", "These findings suggest that IFN\u03b3 promotes proliferation of the HSC to feed the generation of the immediate downstream progenitors, which in turn replenish immune effector cells during an ongoing infectious process.", "A recent report found that acute treatment of mice with purified IFN\u03b1 or the IFN\u03b1-inducing agent poly(I:C) leads to cell-autonomous HSC proliferation, which was absent in Ifnar-/- and Stat1-/- mice28.", "In that study, HSCs lacking the IFN\u03b1 receptor were still able to respond to IFN\u03b1 treatment when mixed with a high percentage of wild-type cells, indicating that other signaling pathways can compensate for the lack of IFN\u03b1 in HSC activation.", "Our study raises the intriguing possibility that IFN\u03b1 and IFN\u03b3 can coordinately regulate HSC activation in the context of an infection, most likely in a pathogen-specific manner."]}
{"par_id": 61034, "sentences": ["A working model of IFN\u03b3-mediated stimulation of quiescent HSCs, with increased proliferation and mobilization during a chronic bacterial infection, is shown in Supplementary Figure 9.", "In contrast to the very low proliferative/differentiative activity of dormant HSCs associated with low levels of IFN\u03b3 under normal physiological conditions (top panel), our model predicts that bacterial infection detected by sentinel immune cells stimulates the increased release of IFN\u03b3, which then travels through the bloodstream to activate HSCs in the bone marrow, leading to expansion and mobilization of the immune progenitor pool (lower panel).", "While cell division is required for HSC to generate large numbers of downstream progenitors to replenish a stressed hematopoietic system, sustained HSC proliferation has repeatedly been shown to compromise long-term HSC quality and bone marrow transplant capacity 7, 20.", "We show here that increased proliferation in the context of chronic infection or direct exposure to IFN\u03b3 can lead to at least transient impairment of HSC function.", "We speculate that in some contexts, chronic infection or inflammation can ultimately lead to more substantive deficits in the ability of the LT-HSC compartment to sustain blood production.", "Deepened understanding of the molecular mechanisms used by HSCs to respond to chronic inflammatory stimuli could lead to improved clinical insight into the pathophysiology of bone marrow suppression in patients with chronic infections such as tuberculosis and HIV/AIDS3, 4."]}
{"par_id": 61035, "sentences": ["## Methods Summary"]}
{"par_id": 61036, "sentences": ["### Mice"]}
{"par_id": 61037, "sentences": ["Mice were 6 to 12 weeks of age, including wild-type C57Bl/6 (CD45.2), wild- type C57Bl/6.SJL (CD45.1), C57Bl/6 Ifng-/-, and C57Bl/6 Ifngr1-/- mice from Jackson Laboratories (Bar Harbor, ME), C57Bl/6 Stat-/- mice from David Levy (NYU), and C57Bl/6 Ifnar1-/- mice from Christian Schindler (Columbia University)."]}
{"par_id": 61038, "sentences": ["### Mycobacterial infection and interferon treatment"]}
{"par_id": 61039, "sentences": ["Mice were infected intravenously (IV) with 2 \u00d7 106 colony-forming units of M. avium as described30.", "For IFN\u03b3 treatments, HSCs were incubated with 100 ng/mL rIFNgR&D [Minneapolis, MN]) at 37\u00b0C for 1 hour before real-time PCR, 12 hours for BrdU analysis, and 18 hours before immunofluorescence.", "For in vivo treatments, each mouse was injected with 10 \u03bcg IFN\u03b3 IV."]}
{"par_id": 61040, "sentences": ["### Flow cytometry and BrdU analysis"]}
{"par_id": 61041, "sentences": ["Peripheral blood was analyzed with a Hemavet 950.", "MoFlo, LSRII, and FACS-Scan instruments were used for flow cytometric analysis and sorting.", "Progenitor and HSC populations were identified, and HSC BrdU analysis performed as described21."]}
{"par_id": 61042, "sentences": ["### Immunohistochemistry"]}
{"par_id": 61043, "sentences": ["HSCs were stained with anti-IRGM1 antibody (1:100 v/v) (Santa Cruz sc-11077) by standard methods.", "Images were gathered with a DeltaVision restoration microscope and Softworx\u00a9 imaging software."]}
{"par_id": 61044, "sentences": ["### Quantitative real-time PCR and cytokine detection"]}
{"par_id": 61045, "sentences": ["Irgm1, Ifngr1, Stat1, Irf1, and Irf9 probes were used with Taqman PCR Mastermix and a 7900HT Fast Real-Time PCR system.", "Triplicate samples were normalized to internal 18S controls (Applied Biosystems [Foster City, CA])."]}
{"par_id": 61046, "sentences": ["IFN\u03b3 levels were determined using an IFN\u03b3 BD cytokine bead array and BD FacsArray plate reader.", "Protein content of bone marrow supernatant was quantified using a NanoDrop spectrophotometer (NanoDrop Technologies [Oxfordshire, U.K.])."]}
{"par_id": 61047, "sentences": ["### Transplants"]}
{"par_id": 61048, "sentences": ["For bone marrow transplants, a mixture of test CD45.2 WBM and wild-type CD45.1 WBM was injected IV into CD45.1 mice that were irradiated with a split dose of 10.5", "Gy, as described13.", "Engraftment was assessed at 4-week intervals."]}
{"par_id": 61049, "sentences": ["### Statistics"]}
{"par_id": 61050, "sentences": ["Mean values \u00b1 SEM are shown.", "Student\u2019s t-test or ANOVA was used for comparisons (GraphPad Prism Version 5.0).", "* P<0.05, ** P<0.01, *** P<0.001."]}
{"par_id": 61051, "sentences": ["### Mice"]}
{"par_id": 61052, "sentences": ["Wild-type C57Bl/6 (CD45.2) and C57Bl/6.SJL (CD45.1) mice 6-12 weeks of age were used.", "C57Bl/6 Ifng-/- (Stock #2287) and Ifngr1-/- (Stock #3288) mice were obtained from Jackson Laboratories (Bar Harbor, ME).", "C57Bl/6 Stat1-/- mice were obtained from David Levy (NYU)31, and C57Bl/6 Ifnar1-/- mice were obtained from Christian Schindler (Columbia University)32.", "All mouse strains were maintained at an AALAC-accredited, specific-pathogen-free animal facility.", "All mice were between 6 and 12 weeks of age at the time of experimentation."]}
{"par_id": 61053, "sentences": ["### Mycobacterial infection and interferon treatment"]}
{"par_id": 61054, "sentences": ["Mice were infected intravenously (IV) with 2 \u00d7 106 colony-forming units of Mycobacterium avium (SmT 2151) in a volume of 200 \u03bcL saline by IV retroorbital injection as previously described33.", "Unless otherwise noted, M. avium infections were allowed to proceed for 4 weeks prior to analysis of the infected animals.", "Bacterial colony counts were confirmed by growth of bacterial or whole bone marrow suspensions on Middlebrook 7H10 agar (Difco) plates at 37\u00b0C with 5% CO2 for 10-14 days.", "Experiments were repeated a minimum of two times with a minimum of 3 animals per cohort."]}
{"par_id": 61055, "sentences": ["For in vitro IFN\u03b3 treatments, WBM was incubated in StemPro media (Invitrogen [Carlsbad, CA]) supplemented with thrombopoietin and stem cell factor as well as 100 ng/mL rIFN\u03b3 (R&D [Minneapolis, MN]) at 37\u00b0C prior to further analysis or sorting.", "Incubation times were for 1 hour before real-time PCR, 12 hours for BrdU analysis, and 18 hours before immunofluorescence.", "For in vivo IFN\u03b3 treatments, mice were injected by retroorbital IV injection with 10 \u03bcg IFN\u03b3 in a volume of 200 \u03bcL saline 24 hours prior to analysis."]}
{"par_id": 61056, "sentences": ["### Flow cytometry and BrdU analysis"]}
{"par_id": 61057, "sentences": ["Peripheral blood was analyzed with a Hemavet 950.", "MoFlo, LSRII, and FACS-Scan instruments were used for flow cytometric analysis and cell sorting.", "Progenitor and HSC populations were identified and purified as previously described34,35.", "Briefly, antibodies against the following lineage markers were used: Mac-1, CD4, CD8, Ter119, Gr-1, and B220 (eBiosciences [San Diego, CA]).", "For immunophenotypic characterization of LT-HSCs, whole bone marrow was stained with antibodies against lineage markers, cKit, Sca-1, and CD150.", "For Figure 2A, LT-HSCs are defined as cKit+, Sca-1+, Lineage-(KSL), Flk2\u2212, CD34\u2212.", "For spleen, LT-HSCs are defined as KSL CD150+.", "Multipotent progenitors were identified by staining for the following markers: KSL, CD34+, Flk2+; for ST- HSC, cKit+, Lin\u2212, CD34+, Flk2+; for CMPs, cKit+, Lin\u2212, CD34+, FCgr\u2212, Il7ra\u2212; for GMPs, cKit+, Lin\u2212, CD34+, FCgr+, Il7ra\u2212; for MEPs, cKit+, Lin\u2212, CD34\u2212, FCgr\u2212, IL7ra\u2212; and for CLPs, cKit+, Lin\u2212, Il7ra+4.", "For Hoechst dye efflux, whole bone marrow was incubated with Hoechst 33342 dye for 90 minutes at 37\u00b0C prior to staining with antibodies against cell surface markers.", "Pyronin Y/Hoechst analysis and Annexin V/PI staining were performed as previously described34,36."]}
{"par_id": 61058, "sentences": ["HSC BrdU analysis was performed as described with 1 mg BrdU per 6g of mouse weight injected intraperitoneally 12 hours or 3 days prior to analysis21.", "For the 3-day experiment, BrdU (Sigma) was also added at 1 mg/mL to the drinking water.", "For in vitro analysis, BrdU was added at a concentration of 10 \u03bcM to the media for 12 hours.", "HSCs were sorted into a tube containing 300,000-500,000 carrier B220+ cells prior to fixation, DNase treatment, and cell staining using the BrdU FITC Flow Kit (BD PharMingen).", "Flow cytometric analysis of cells was conducted using a FacScan flow cytometer.", "Analysis of all flow cytometry data was conducted using FlowJo (Treestar, [Ashland, OR]).", "Data reflect at least two independent experiments, each conducted in triplicate."]}
{"par_id": 61059, "sentences": ["### Immunohistochemistry"]}
{"par_id": 61060, "sentences": ["HSCs were fixed with 4% paraformaldehyde, permeabilized with 10% Triton-X 100 for 30 minutes and blocked with 10% goat serum for 1 hour (Sigma [St. Louis,MO]).", "Slides were stained with anti-IRGM1 antibody (Santa Cruz sc-11077) at 1:100 v/v concentration at 4\u00b0C overnight and counterstained with rabbit anti-goat 488 secondary antibody at 1:400 v/v concentration for 30 minutes at room temperature.", "Cells were visualized with a DeltaVision restoration microscope with 100x objective and images processed with Softworx\u00a9 imaging software."]}
{"par_id": 61061, "sentences": ["### Quantitative real-time PCR and cytokine detection"]}
{"par_id": 61062, "sentences": ["RNA was prepared using a column purification system (RNaqueous, Ambion) and cDNA was made using random hexamers and Superscript II reverse transcriptase (Invitrogen).", "Irgm1, Ifngr1, Stat1, Irf1, and Irf9 probes (Applied Biosystems [Foster City, CA]) were used with Taqman PCR Mastermix and a 7900HT Fast Real- Time PCR system.", "Samples run in triplicate were normalized to internal 18S controls (Applied Biosystems [Foster City, CA])."]}
{"par_id": 61063, "sentences": ["IFN\u03b3 levels were detected with a mouse IFN\u03b3 BD cytokine bead array and BD FacsArray plate reader.", "Bone marrow supernatant was isolated from mouse tibias and femurs by suspending the bones in P200 pipette tips trimmed to fit into 1.5-mL Eppendorf tubes containing 10 mL PBS and centrifuging them at 3000 rpm for 8 minutes.", "The discharged marrow was pooled and centrifuged again, then the clear supernatant isolated and total protein quantified with a NanoDrop spectrophotometer (NanoDrop Technologies [Oxfordshire, U.K.])."]}
{"par_id": 61064, "sentences": ["### Transplants"]}
{"par_id": 61065, "sentences": ["For assessment of functional self-renewal capacity, whole bone marrow from donor CD45.2 animals was admixed with an equal radioprotective dose of whole bone marrow from a wild type, uninfected CD45.1 mouse.", "The serum-free suspension was injected IV into CD45.1 mice that had been lethally irradiated with a split dose of 10.5", "Gy, as previously described13.", "For competitive transplants, 2 \u00d7 106 CD45.2 donor WBM cells were mixed with 2 \u00d7 106 wild type CD45.1 competitor WBM cells prior to injection into CD45.1 recipients.", "For noncompetitive transplants, only 2 \u00d7 106 CD45.2 donor WBM cells were used.", "Bone marrow transplantation of purified HSCs was done using 500 LT-HSCs (SPKLS) isolated from CD45.2 mice mixed with a radioprotective dose of 2 \u00d7 105 wild-type CD45.1 competitor WBM cells prior to injection into CD45.1 recipients.", "A minimum of 2 donor mice and 5 transplanted recipient mice were used for every cohort.", "Engraftment was assessed at 4-week intervals by determining the relative percentage of peripheral WBCs carrying the CD45.1 versus CD45.2 marker."]}
{"par_id": 61066, "sentences": ["### Statistics"]}
{"par_id": 61067, "sentences": ["Mean values \u00b1 SEM are shown.", "Student\u2019s t-test or ANOVA was used for comparisons (GraphPad Prism Version 5.0).", "* P<0.05, ** P<0.01, *** P<0.001."]}
{"par_id": 61068, "sentences": ["#### 1"]}
{"par_id": 61069, "sentences": ["Click here to view.(5.4M, pdf)"]}
{"par_id": 61070, "sentences": ["#### 2"]}
{"par_id": 61071, "sentences": ["Click here to view.(27K, doc)"]}
{"par_id": 61072, "sentences": ["## Acknowledgements"]}
{"par_id": 61073, "sentences": ["We thank Carl Feng and Alan Sher for providing Mycobacterium avium.", "We also thank David Levy and Christian Schindler for providing us with Stat1 and Ifnar1 knock-out mice.", "We are grateful to Grant Challen for providing information about IFNgR1, to Yayun Zheng and Shihua Wu for technical assistance, and to John Gilbert for critical reading of the manuscript.", "M.T.B. is supported by the NIDDK institute of the NIH, and K.Y.K. was supported by the Adeline B. Landa Fellowship of the Texas Children\u2019s Hospital Auxiliary and the Simmons Foundation Collaborative Research Fund.", "This work was supported by the NIDDK, NHLBI, and NIBIB institutes of the NIH.", "The content is solely the responsibility of the authors and does not necessarily represent the official views of the National Institutes of Health."]}
{"par_id": 61074, "sentences": ["Supplementary Information is linked to the online version of the paper at www.nature.com/nature."]}
{"par_id": 61075, "sentences": ["Author information Reprints and permissions information is available at npg.nature.com/reprintsandpermissions."]}
