{"par_id": 71000, "sentences": ["Persistent HIV-1 replication maintains the tissue reservoir during therapy"]}
{"par_id": 71001, "sentences": ["Lymphoid tissue is a key reservoir established by HIV-1 during acute infection.", "It is a site of viral production, storage of viral particles in immune complexes, and viral persistence.", "Whilst combinations of antiretroviral drugs usually suppress viral replication and reduce viral RNA to undetectable levels in blood, it is unclear whether treatment fully suppresses viral replication in lymphoid tissue reservoirs.", "Here we show that virus evolution and trafficking between tissue compartments continues in patients with undetectable levels of virus in their bloodstream.", "A spatial dynamic model of persistent viral replication and spread explains why the development of drug resistance is not a foregone conclusion under conditions where drug concentrations are insufficient to completely block virus replication.", "These data provide fresh insights into the evolutionary and infection dynamics of the virus population within the host, revealing that HIV-1 can continue to replicate and refill the viral reservoir despite potent antiretroviral therapy."]}
{"par_id": 71002, "sentences": ["##"]}
{"par_id": 71003, "sentences": ["Combinations of antiretroviral drugs routinely cripple HIV-1 production and replication to levels undetectable in the blood within weeks of starting treatment1.", "None of the current treatments, however, are capable of eradicating the virus from a long-lived reservoir in resting memory CD4+ T cells and other potential cell types that insulate the virus from antiretroviral drugs or immune surveillance2-5.", "Intermittent virus production from reactivation of a small proportion of latently infected CD4+ T cells (rather than low levels of ongoing replication) is thought to drive viral rebound detected in blood of well-suppressed patients on treatment6-8.", "Ongoing replication is considered unlikely because neither viral genetic divergence over time, nor the emergence of drug resistance mutations have been convincingly documented9,10.", "As earlier studies only examined viral sequences derived from the blood of patients who continued to suppress viral replication in that anatomic compartment11, the conclusions are not necessarily generalizable to other compartments in the body, particularly to lymphoid tissue where the frequency of infection per cell is mostly higher12 and the intracellular drug concentrations are much lower than in blood13.", "Under low drug concentrations, the virus may continue to replicate and evolve in sanctuary sites within the reservoir of cells in lymphoid tissue, and remain undetectable in the bloodstream for a time depending on viral population migration dynamics between the two compartments.", "Here we use a multi-pronged strategy of deep-sequencing, time-calibrated phylogenetic analysis, and mathematical modeling to characterize the distinct temporal structure and divergence of compartmentally sampled viral sequences.", "We discover ongoing replication in lymphoid tissue sanctuaries of patients despite undetectable blood levels of virus.", "Our sampling approach differs fundamentally from those of previous studies14-16, which do not address evolutionary dynamics within lymphoid tissue, and better suits investigation of the dynamic nature of the viral reservoir during treatment with potent antiretroviral drugs."]}
{"par_id": 71004, "sentences": ["## HIV-1 sequence determination"]}
{"par_id": 71005, "sentences": ["To investigate the evolution and spatial dispersion of virus with high accuracy, we deep sequenced (using the Roche 454 Sciences\u2019 GS-FLX sequencing platform) HIV-1 DNA in cells from blood and inguinal lymph nodes collected from three subjects at three separate times (at day 0, and after 3 and 6 months of treatment) described elsewhere13.", "Previous work established that viral sequences contemporaneously sampled from lymphoid tissue in different locations are genetically homogeneous17, consistent with CD4+ T cell homing and trafficking18.", "Consequently, detailed assessment of a portion of a solitary lymph node is no more susceptible to bias than wider anatomical sampling.", "We also sequenced viral RNA in the plasma (day 0) from these three study subjects.", "Two subjects (1727 and 1679) had well-suppressed infections (< 48 copies/mL of plasma); and the third subject (1774) continued to have measureable amounts of viral RNA in plasma after 3, but not 6, months of treatment (Extended Data Fig. 1).", "Subjects 1727 and 1679 were each infected with HIV-1 for approximately 3 to 4 months and were antiretroviral drug na\u00efve before the study.", "Subject 1774 was infected with HIV-1 for approximately 17 years and was antiretroviral-therapy experienced, but had not received any treatment for at least 1 year prior to the study."]}
{"par_id": 71006, "sentences": ["We aligned individual reads with an average length of 548bp to a consensus sequence using reference-guided assembly, and corrected sequencing errors for potentially inflated estimates of genetic diversity19.", "We then used a previously described approach20 to reconstruct the minimum number of viral haplotypes needed to adequately explain the observed reads.", "We calculated the sequencing error rate and set the cut-off for the subsequent analyses using a known internal control sequence.", "We found no significant evidence for recombinant sequences that could bias the analysis.", "High coverage enabled us to correct PCR and sequencing errors (leaving an average 25,000 final long- reads per sample) to detect variants present in at least 0.04% of the virus population (see Methods).", "The sequences from the Pol region of HIV-1 that spanned the genomic region encoding the viral enzymes protease or reverse transcriptase showed no evidence of new mutations that confer resistance to the particular antiretroviral drug used (data not shown)."]}
{"par_id": 71007, "sentences": ["To avoid uncertainties in the haplotype detection due to sparse sampling and prevent systematically biased evolutionary analyses, we established a higher number of template molecules than the depth of the sequence data by a median 9.6 fold (range 3.2 to 362 fold).", "The high coverage of ultra deep sequencing ensured reliable detection of low-frequency viral variants (see Methods).", "In support of this conclusion, we found limited variability across inferred haplotypes in two completely independent technical replicates made from the same RNA or DNA sample at each time point from each subject using the same procedures (average Spearman rank correlations coefficient between single nucleotide polymorphism frequencies across replicates of \u03c1 = 0.832, interquartile range across samples, \u03c1 = 0.820 to 0.851; 93.7% of haplotypes above 1% frequency appeared above 1% frequency in the replicate; 97.7% of haplotypes below 1% frequency appeared below 1% frequency in the replicate), indicating that the haplotype representation is not notably biased from random amplification of some sequences and not others.", "The high degree of concordance between technical replicates validated our approach for the computational characterization of the viral populations, which is robust with respect to experimental error and stochastic effect20."]}
{"par_id": 71008, "sentences": ["## Phylogenies show temporal structure"]}
{"par_id": 71009, "sentences": ["The inferred haplotypes corresponding to the Gag or Pol regions of HIV-1 were subjected to maximum-likelihood methods of phylogeny estimation (Extended Data Figs. 2 and 3).", "We masked out the guanosines in the APOBEC3 trinucleotide contexts of the edited sites from the alignments to avoid distortion and retain the phylogenetic information20 (Extended Data Figs. 2 and 3).", "Phylogenetic relationships between the distinct haplotypes showed a temporal structure consistent with the molecular clock (continuing nucleotide substitutions occurring at a constant rate), as evidenced by strong correlation between root-to-tip distance and sampling date in the regression analyses (despite the short branches).", "Branch support computed using an approximate likelihood ratio test and the proportion of sites that are different (p-distance) verify the divergence of haplotypes between day 0 and after 6 months of treatment in most of the Gag and Pol regions of HIV-1 analyzed (Extended Data Table 1).", "Consistent with ongoing replication rather than sampling of different virus populations in lymph nodes, viral sequences contemporaneously sampled from lymphoid tissue and blood showed a similar degree of divergence.", "With removal of the haplotypes found to harbor repetitive inactivating base substitutions of guanosine-to-adenosine (G-to-A) the evolutionary lineage emerged that lead up to the APOBEC3-mediated hypermutation event, and the evolutionary rate estimates (range, 6.24 \u00d7 10\u22124 to 1.02 \u00d7 10\u22123 substitutions per site per month; Extended Data Table 2) are consistent with those of intra-host virus estimations (range, 5.22 \u00d7 10\u22124 to 8.42 \u00d7 10\u22124 substitutions per site per month)21.", "We therefore conclude that continued virus replication contributes to the viral reservoir."]}
{"par_id": 71010, "sentences": ["Figure 3"]}
{"par_id": 71011, "sentences": ["Drug-dependent fitness landscape"]}
{"par_id": 71012, "sentences": ["Effective reproductive numbers for drug-sensitive (RS, orange line) and partially drug-resistant (RR, blue line) strains are driven by the effective drug concentration of a single drug in the relevant compartment.", "Grey lines mark thresholds separating three possible outcomes.", "When effective drug concentrations are low, the benefit of drug resistance does not overcome the fitness cost of mutations and drug-sensitive strains dominate.", "This ceases to be true at intermediate effective drug concentrations and drug-resistant strains dominate.", "At high concentrations, both RS and RR fall below one (red line), neither strain can grow and virus replication is halted."]}
{"par_id": 71013, "sentences": ["## Genetic differentiation due to migration"]}
{"par_id": 71014, "sentences": ["The pairwise fixation index (FST), a standard measure of genetic differentiation between populations, confirmed significant genetic variation between lymph node and blood at each time point (Extended Data Table 3)22,23.", "Because FST measures of population structure among sampled haplotypes in spatially distinct compartments can be affected by selection and migration, we used an unrestricted branch-site random effects model to test whether the proportion of sites along the branches of the phylogeny significantly differ among lineages, indicating episodic diversifying selection24 (see Methods and Extended Data Table 4).", "We restricted the test to internal branches, which capture at least one and likely multiple rounds of virus replication, to mitigate the biasing effects of neutral or deleterious mutations on the ratio of nonsynonymous-to-synonymous substitution rates (\u03c9) estimates where selection has not yet fully filtered such population level variation25,26.", "Except for one study subject (1679), where a small proportion of sites (0.3%) were under strong diversifying positive selection along internal tree branches (likelihood ratio test, P~10\u22126), we found scarce evidence to suggest the virus is evolving in response to strong selective forces.", "We concluded that the FST values are more likely due to migration of haplotypes from one compartment to another."]}
{"par_id": 71015, "sentences": ["## The phyloanatomic history of HIV-1"]}
{"par_id": 71016, "sentences": ["To infer evolutionary patterns and population dynamic processes from the time- structured sequence data, we used a Bayesian statistical framework that estimates the substitution rate, divergence time, and demographic history of the sampled viral lineages to structure-rooted, time-resolved phylogenies27,28 (see Methods).", "This approach resolves evolutionary patterns to infer the timing and direction of the key migrations of the virus within hosts.", "Figure 1 shows the phyloanatomic history of HIV-1 within the study subjects inferred from the ancestral and descendent haplotypes on a Bayesian maximum clade credibility (MCC) phylogenetic tree.", "The branching patterns in the trees, which reconstruct the origins and trace the flow of HIV-1 within hosts, and the tissue of origin of the internal nodes, show strong statistical support (highlighted by their posterior probabilities).", "Branch lengths in these time- structured trees (left panels with all haplotypes; right panels with the putative G-to-A hypermutant sequences removed to avoid distortion) represent posterior median estimates of calendar time.", "The temporal structure in the trees shows a strong clock-like signal and rates consistent with HIV-1 within- host evolution.", "The best-fit model included a strict molecular clock and assumed a constant population size, though a model with a relaxed molecular clock gave qualitatively similar results (data not shown)."]}
{"par_id": 71017, "sentences": ["Figure 1"]}
{"par_id": 71018, "sentences": ["Time-structured phyloanatomic history of haplotypes in lymph nodes and blood"]}
{"par_id": 71019, "sentences": ["MCC phylogenetic trees constructed from the complete alignments of the haplotypes from the Gag region of HIV-1 for subjects 1774, 1727 and 1679 with all haplotypes (a, b and c, respectively) and with the haplotypes containing G-to-A hypermutations removed (d, e and f, respectively).", "Branch colors represent the most probable (modal) anatomic location of their descendent node inferred through Bayesian reconstruction of the ancestral state, along with the posterior probabilities for the location of their parental nodes."]}
{"par_id": 71020, "sentences": ["Based on inferred MCC tree topologies and the compartment assignments to unobserved internal nodes, an underlying conformity and strong correlation exist between genetic and anatomic locations and the direction of the virus's spread in the body.", "A particular pattern recurs: the haplotypes in lymph nodes are the source of viral lineages that migrate from lymph node to blood (Fig. 1).", "We deduce that viral lineages in blood are derived from replicating virus in lymph nodes with little or no evidence of an additional source in blood.", "The time-scaled trees show a strong and significant result and are robust to different substitution models (see Methods).", "These data, only revealed through temporarily and spatially resolved sampling, further support the conclusion that the pattern does not result from distinct populations of haplotypes being sampled from different compartments, but rather migration and colonization of haplotypes between lymphoid tissue and blood.", "A structured coalescent model29, less prone to potential bias in spatial inference estimates, shows higher migration rates from lymph node to blood (Extended Data Table 5), confirming that the direction of flow is not due to oversampling of a particular anatomic location that would have increased estimates of traffic into that location30."]}
{"par_id": 71021, "sentences": ["Our results, which reconstruct the dynamics of HIV-1 spread within the body, imply that in patients with no detectable viral RNA in plasma, the virus reservoir is constantly replenished by low-level virus replication in lymphoid tissue.", "Distinguishing between low amounts of viral replication and pools of latently infected cells that may persist and rekindle HIV-1 infection is methodologically difficult.", "A small number of HIV-1 sequences isolated at consecutive time points that persisted without evidence of genetic change might be due to long-lived central memory cells, a fraction of which may have reverted to a resting state, or latently infected transitional memory cells that persist by clonal expansions (driven by homeostatic proliferation) or survivorship for long-lived infected CD4+ T cells that contain replication- competent virus8,15,22,31-34.", "Two of the subjects (1774 and 1679) showed that some haplotypes persist as a single tree branch through time (Fig. 1d and f), consistent with proliferation of HIV-1 infected cells or long-term cell survival33,34.", "Regardless of the different mechanisms for self-renewal and/or persistence by which some of these quite similar latent or defective viral lineages may have persisted, these quiescent viruses differ from others that have evolved and trafficked between compartments.", "The temporally and compartmentally sampled data show that viral lineages continue to diverge in well-suppressed patients and help explain the persistence of infectious viral reservoirs with scant decay of the virus pool35.", "The dynamic nature of the viral population in lymphoid tissue sanctuaries, where infected cells can still produce new viruses, infect new target cells and replenish the pool, undermines previous estimates of the time necessary to purge the reservoir of latently infected cells and achieve virus eradication3."]}
{"par_id": 71022, "sentences": ["## A spatial dynamic model"]}
{"par_id": 71023, "sentences": ["Even though viral genetic diversity accumulated over time, the infected cells did not produce new virus with drug-resistance mutations, conferring a putative fitness advantage that might have led to a systemic viral rebound.", "To provide a mechanistic explanation of this scenario, we developed a drug concentration-dependent mathematical model of virus replication and spread between spatially distinct compartments to explore the deterministic components of viral dynamics36.", "In this model (see Fig. 2 and Supplementary Information), the virus can occupy two spatially distinct compartments that have limited traffic of virus particles or cells.", "The main compartment has a larger volume and high effective drug concentration.", "The other, smaller volume compartment (<0.01% of the size of the main compartment) has a lower drug concentration and represents a sanctuary site within the lymphoid tissue reservoir 37.", "The model includes competition between two viral strains, one that is sensitive to a potent multidrug regimen and one that is partially resistant to the full complement of antiretroviral drugs, but less fit than the drug-sensitive strain in the absence of treatment.", "Within each compartment the balance between the strains is determined by the difference in their replicative fitness without treatment, the effectiveness of drug therapy to curb new rounds of infection in that region (determined by drug concentration) and the susceptibility of each strain to antiretroviral therapy."]}
{"par_id": 71024, "sentences": ["Figure 2"]}
{"par_id": 71025, "sentences": ["Cartoon illustration of the drug concentration-dependent spatial model"]}
{"par_id": 71026, "sentences": ["In the main compartment (i=0; the majority of lymphoid tissue and the blood) drug concentration is high (grey and red).", "In the sanctuary site (i=1; a small fraction of the lymphoid tissue and localized extracellular fluid) drug concentration is low (pink).", "There are uninfected cells (Xi), long-lived infected cells (Yi), and short-lived infected cells (Qi), as well as virus particles (Vi) that can be bound by few (Fi) or many (Gi) receptors on the follicular dendritic cell network.", "The dashed lines represent the effect of treatment in blocking infection and production of infectious virus particles.", "For graphical simplicity, we do not show the emergence of drug resistance, the production of noninfectious virus particles, virus clearance, nor cell death."]}
{"par_id": 71027, "sentences": ["Figure 3 illustrates a hypothetical fitness landscape, which portrays the relationship between the fitness of each strain and the evolutionary adaptation across a range of drug concentrations.", "The fitness landscape illuminates the persistence of the pool of virus that is unaffected by antiretroviral drugs.", "The effective reproductive number R (the average number of secondary de novo infections of cells produced by one infected cell) is a function of the basic reproductive number R0 and the effectiveness of treatment (R = R0 in the absence of treatment).", "The fitness cost for drug resistance determines the difference between the effective reproductive numbers for drug-sensitive and drug-resistant strains (RS and RR, respectively) at zero effective drug concentration.", "In a competitive system where both strains are present, the maximum of the two effective reproductive numbers RS and RR equals the effective reproductive number R for the system as a whole at that effective drug concentration."]}
{"par_id": 71028, "sentences": ["With two spatial compartments, heterogeneity in the distribution of the drug can lead to heterogeneity in R. In the sanctuary site, where drug-penetrance is low, the drug-selective pressure on the replicating virus population is too low to compensate for the fitness costs associated with resistance; thus, the effective reproductive number for a drug-sensitive strain is greater than that of the partially drug-resistant strain (RS > RR), enabling de novo infection dominated by the drug-sensitive strain38.", "As drug effectiveness increases, the partially drug-resistant strain gradually becomes more fit relative to the drug-sensitive strain such that at some intermediate drug concentrations, characterized by threshold levels, the effective reproductive number for the resistant strain can be greater than that for the drug-sensitive strain (RR > RS).", "This would allow for de novo infection dominated by the partially drug- resistant strain.", "In our model, however, we assume that drug concentration in the main compartment exceeds this threshold.", "At this high drug concentration, infection is no longer sustainable because the effective reproductive numbers are less than unity for both strains (RR and RS)."]}
{"par_id": 71029, "sentences": ["By assuming a relatively simple two-compartment model with drug concentration differences between them, the model predicts that virus, dominated by the drug-sensitive strain, can proliferate in a small sanctuary site where the drug concentration is low (Fig. 4a).", "Although all single point mutations will be generated sufficiently often to prompt partially drug-resistant strains within individuals, their numbers will remain low through competition.", "The likelihood is exceedingly low (see Supplementary Information and Supplementary Table 2) of stepwise accumulation of mutations from a partially drug-resistant strain to one that confers resistance to all drugs, each of which would have to come to fixation in the absence of drug selection (Extended Data Fig. 4), or the presence or absence of recombination.", "The model calculations show that increasing drug effectiveness or penetration across spatial regions can affect evolutionary dynamics, and lead either to the emergence of drug-resistant strains (Fig. 4b) or the elimination of ongoing replication (Fig. 4c).", "Our model predictions fit the data well (Extended Data Fig. 5) and confirm that both competition between strains and regional spatial heterogeneity in antiretroviral concentrations help capture the observed dynamics of the viral reservoir in these well-suppressed patients."]}
{"par_id": 71030, "sentences": ["Figure 4"]}
{"par_id": 71031, "sentences": ["Modelling replication dynamics and treatment effectiveness in the viral reservoir"]}
{"par_id": 71032, "sentences": ["In the main compartment, antiretroviral therapy is wholly effective against drug-sensitive virus (z0 = z\u03030 = 1).", "In the sanctuary site, a, low treatment effectiveness (z1 = z\u03031 = 0.3) favors drug-sensitive strains.", "Partially drug- resistant strains will exist, but at levels below those favoring stepwise evolution towards a fully drug-resistant strain.", "b, Intermediate treatment effectiveness (z1 = z\u03031 = 0.6), favors partially drug-resistant virus at levels that may suffice for evolution towards a fully drug-resistant strain.", "c, high treatment effectiveness (z1 = z\u03031 = 1) favors the decline of all strains and the cessation of virus replication."]}
{"par_id": 71033, "sentences": ["Though probabilistic models suggest (and this model allows) production of partially drug-resistant strains, any which arise cannot populate the sanctuary site because of low drug penetration and competition from drug- sensitive strains.", "Equally, they cannot repopulate the larger, main compartment where drug concentrations preclude any ongoing replication.", "In agreement with our phylogenetic inferences, these results suggest that the low-level viral replication in lymphoid tissues where antiretroviral drugs concentration are low could allow drug-sensitive strains to grow and spillover to the blood39."]}
{"par_id": 71034, "sentences": ["## Conclusion"]}
{"par_id": 71035, "sentences": ["This study reveals how dynamic and spatial processes work together to permit HIV-1 to persist within the infected host and avoid development of resistance despite antiretroviral therapy.", "From these temporally and compartmentally structured sequence data, we conclude that continued virus production from infected cells in lymphoid tissue sanctuary sites, where drug concentrations are not fully suppressive, can continue to refill the viral reservoir and traffic to blood or lymphoid tissue18.", "We further show that the virus does not inexorably develop resistance to antiretroviral drugs because the lower concentrations of drug in the sanctuaries are not sufficient to confer a competitive advantage upon drug-resistant strains.", "Our findings explain the failure of treatment intensification to fully suppress de novo infection and highlight issues surrounding the barriers to delivering antiretroviral drugs at clinically effective concentrations in the infectious viral reservoir.", "The state-of-the-art sequencing approach, innovative time-calibrated phyloanatomic tree construction, and a novel model of compartmentalized intra-host population dynamics provide a new perspective on HIV-1's seemingly untouchable strongholds in the body.", "Achieving optimal cellular pharmacokinetics and spatial distribution of antiretroviral drugs in lymphoid tissue to fully suppress viral replication and preserve immune function is, therefore, a prerequisite to the elimination of the viral reservoir and ultimately a cure for HIV-1 infection."]}
{"par_id": 71036, "sentences": ["### Study subjects"]}
{"par_id": 71037, "sentences": ["The three study subjects were enrolled into a clinical protocol where treatment was started after we obtained peripheral blood by venipucture, inguinal lymph nodes by excisional biopsy, and ileum and rectal biopsies through colonoscopy13.", "Two subjects were antiretroviral drug na\u00efve (1727 and 1679) and one subject (1774) had not received any drugs for at least 1 year before enrollment.", "Subjects 1679 and 1774 received emtricitabine (FTC), tenofovir (TFV; as the disoproxil fumarate [TDF]), and atazanavir with ritonavir (ATV/R).", "Subject 1727 received FTC, TDF and efavirenz (EFV).", "In all three subjects, conventional typing methods confirmed that the plasma virus was sensitive to the potent antiretroviral regimen that they received.", "Subjects 1727 and 1679 were well-suppressed patients.", "Subject 1774 continued to have measureable amounts of HIV-1 RNA in plasma after 3, but not 6 months of treatment.", "We obtained peripheral blood, inguinal lymph node, and terminal ileum and rectum biopsies once again at 3 and 6 months after starting treatment.", "Laboratory procedures for tissue management, in situ hybridization, and analytical pharmacology are described elsewhere13."]}
{"par_id": 71038, "sentences": ["### Extraction and quantification of viral nucleic acids"]}
{"par_id": 71039, "sentences": ["Nucleic acids were extracted from frozen cells obtained from blood or lymphoid tissue using the MasterPure Complete DNA and RNA Purification Kit (Epicentre, Madison, WI).", "Viral RNA was isolated from plasma using the PureLink Viral RNA/DNA Mini Kit (Life Technologies, Carlsbad, CA).", "HIV-1 was quantified using a quantitative reverse transcription PCR assay.", "The relative amount of HIV-1 target DNA was normalized to the quantification cycle for a concentration calibrator by using an external standard curve of serial 10-fold dilutions of reference DNA for the Gag region of HIV-1 derived from the plasmid pNL-43.", "All reactions were performed in triplicate on the ABI 7900HT sequence detector (Applied Biosystems, Foster City, CA)."]}
{"par_id": 71040, "sentences": ["### Library preparation for deep sequencing"]}
{"par_id": 71041, "sentences": ["As the number of viral templates in the sampled material is low, we used an amplicon-based deep sequencing strategy.", "To minimize biased amplification of the target sequence, primer locations in the Gag and Pol regions of HIV-1 were selected on the basis of the alignment positional entropy in the multiple sequences aligned from the Los Alamos National Laboratory HIV-1 sequence database (http://www.hiv.lanl.gov/).", "The primers were computationally screened for cross-dimer interactions and the concentration of each primer was optimized for amplification.", "For each sample, blanks were included to screen for contamination.", "We used designated, physically separated areas within the laboratory to set-up PCR, which avoids contact with potentially contaminating amplicons."]}
{"par_id": 71042, "sentences": ["To generate the long read-length PCR amplicons sequenced in this study (range, 509bp to 587bp read-lengths per run depending on the gene region being analyzed), we amplified the Gag and Pol regions of HIV-1.", "For the Gag region of HIV-1, we used forward primer gag_632F_EK (5\u2032-GCAGTGGCGCCCGAAC-3\u2032 (corresponding to HXB2 nucleic acid sequence numbering positions 632 \u2192 647) and reverse primer gag_1788R_EK (5\u2019-AATAGTCTTACAATCTGGGTTCGC -3\u2032 (1788 \u2192 1765).", "For the Pol region of HIV-1 that spanned the genomic region encoding the viral enzyme protease and reverse transcriptase, we used forward primer HIV-Pro1_2137F(5\u2019-CAGAGCAGACCAGAGCCAAC-3\u2032, corresponding to positions 2137 \u2192 2156) and reverse primer HIV-RT1_3531R (5\u2019-CTGCTATTAAGTCTTTTGATGGGTC-3\u2032 (3531 \u2192 3507).", "PCR amplification was performed using the High Fidelity Platinum Taq DNA Polymerase (Invitrogen, Carlsbad, CA) with thermal cycling conditions of 94\u00b0C for 2 mins, followed by 35 cycles of 94\u00b0C for 15s, 54\u00b0C for 15s, 68\u00b0C for 1 mins, with a final extension step at 68\u00b0C for 5 mins."]}
{"par_id": 71043, "sentences": ["We used an integrated sequencing pipeline for library construction, template amplification, and DNA sequencing as in20.", "Multiplex Identifiers were included during library preparation for sample barcoding.", "For the Gag region of HIV-1, we used the forward primer A-Gag_977F_degEK 5\u2032-primer A-GCTACAACCAKCCCTYCAGACAG-3\u2032 (977 \u2192 1000) and the reverse primer B-Gag_1564R_degEK 5\u2032-primer B-CTACTGGGATAGGTGGATTAYKTG-3\u2032 (1564 \u2192 1541) to generate a 587bp amplicon (977 \u2192 1564).", "For the Pol region of HIV-1 that spanned the genomic region encoding the viral enzyme protease, we used forward primer A-Pol1_2235F 5\u2032-primer A-ACTGTATCCTTTAGCTTCCCTCA-3\u2032 (2235 \u2192 2262) and the reverse primer B-Pol1_2744R 5\u2032-primer B-TTTCTTTATGGCAAATACTGGAG-3\u2032 (2744 \u2192 2721) to generate a 509bp amplicon (2235 \u2192 2744).", "For the Pol region of HIV-1 that spanned the genomic region encoding the viral enzyme reverse transcriptase, we used forward primer A-Pol2_2700F 5\u2032-primer A- GGGCCTGAAAATCCATACAAT-3\u2032 (2700 \u2192 2721) and the reverse primer B-Pol2_3265R 5\u2032-primer B-CATTTATCAGGATGGAGTTCATA-3\u2032 (3265 \u2192 3242) to generate a 565bp amplicon (2700 \u2192 3265).", "PCR was performed using the High Fidelity Platinum Taq DNA Polymerase (Invitrogen, Carlsbad, CA) with thermal cycling conditions of 94\u00b0C for 2 mins, followed by 35 cycles of 94\u00b0C for 15s, 54\u00b0C for 15s, 68\u00b0C for 1 mins, with a final extension step at 68\u00b0C for 5 mins.", "DNA amplicon libraries were resolved on a pre-cast 2% agarose gel and purified with QIAquick Gel Extraction kit (Qiagen, Hilden, Germany) and AMPure XP SPRI beads (Beckman Coulter, Indianapolis, IN)."]}
{"par_id": 71044, "sentences": ["Libraries were quantified with KAPA Library Quant Kit (Kapa Biosystems, Wilmington, MA) on Agilent 2100 Bioanalyzer High Sensitivity DNA chip (Agilent, Santa Clara, CA) for concentration and size distribution.", "The concentration of the product DNA was normalized before pooling to achieve sequence uniformity across amplicons.", "Controls were spiked into the reaction to monitor the library construction process and potential index cross- contamination.", "The known internal control sequence (clonal sequence of 456 bp) introduced into the reaction was used to calculate the single nucleotide error rate and set the cut-off for the sequence analysis where no control errors could be detected.", "PCR errors are more common in later cycles of amplification, and being limited to small copy numbers they have little impact on the haplotype distribution.", "Bidirectional sequencing using the 454 Life Sciences\u2019 GS-FLX sequencing platform (Roche, Basel, Switzerland) provided independent confirmation of sequence information.", "The long read-length sequences were sorted based on index sequences, trimmed to remove residual adapter bases from the ends of the reads, and filtered for length and duplicates prior to alignment.", "Read depth and coverage estimation that met predetermined coverage thresholds were performed as in20.", "Sequencing quality metrics were calculated for all samples using FastQC and only high-quality sequencing libraries were used in the ensuing analyses."]}
{"par_id": 71045, "sentences": ["### Sequence clean up and assembly"]}
{"par_id": 71046, "sentences": ["Experimental precision along with deep coverage allows for accurate estimation of the underpinning diversity of the virus population.", "We binned the sequence reads by multiplex identifier barcodes, and identified and excluded sequencing errors and misaligned regions from the analysis by computational methods.", "A small number of reads had a disproportionate number of errors that accounted for most of the inaccuracy in the full dataset.", "After quality filtering and trimming to a uniform length, we proceeded to build the different haplotypes present in each of the samples.", "We began by collapsing the identical sequences into haplotypes using reference-guided assembly to avoid the use of uninformative sequence repeats.", "Haplotypes at prevalence above the error threshold (defined by the internal control spiked in the sequencing runs), which corresponded to variants present above 0.04% of the total existing variants in the collapsed alignments, were used in the analysis."]}
{"par_id": 71047, "sentences": ["For the processing of the temporally and spatially linked deep-sequencing data for studying viral diversity, the viral sequences were first aligned against the HXB2 reference sequence (GenBank accession number K03455) using Segminator II (version 0.1.1).", "We then generated a consensus viral sequence for each patient as a reference for assembly to improve the alignment quality.", "A statistical model that utilizes platform error rates in conjunction with patterns within nucleotide frequencies derived from data obtained from related samples, that is, different compartments within the host or temporally linked samples, was used to separate low frequency platform error from true variation.", "This model is termed \u201cprobabilistic read error detection across temporally obtained reads\u201d (PREDATOR) and is implemented within Segminator II.", "This statistical framework maintains the reading frame and corrects for deep sequencing errors19.", "We corroborated the number of haplotypes and the frequency of haplotypes that explain the data using a second reconstruction algorithm based on combinations of multinomial distributions to analyze the k-mer frequency spectrum of the sequencing data implemented with QuRe40.", "We screened the sequence alignments for recombinant sequences using the GARD algorithm implemented in HyPhy41,42."]}
{"par_id": 71048, "sentences": ["### Sampling variance"]}
{"par_id": 71049, "sentences": ["The high coverage of massively parallel sequencing is necessary to ensure reliable detection of low-frequency viral variants.", "A simple calculation based on the geometric distribution shows that in order to guarantee that a viral template occurring at frequency f is detected with probability p or better, it is necessary to sequence at least log (1-p) / log (1-f) \u2013 1 templates.", "A variant of frequency 0.01 (that is, 1%), for example, would require 450 sequences to ensure its detection at probability 0.99 (that is, 99%) or better.", "Conversely, a study using 100 single-genome sequences would detect a variant of frequency 0.01 with probability 0.64.", "A low number of input DNA templates derived from one compartment that catches the spillover from another does not account for the complexities of partial observation and spatial heterogeneity that could lead to measurement error elsewhere16.", "This complication emphasizes the challenge in trying to extrapolate from single template sequencing the magnitude and character of the virus population that comprises the viral reservoir."]}
{"par_id": 71050, "sentences": ["### Maximum-likelihood tree construction"]}
{"par_id": 71051, "sentences": ["Maximum-likelihood phylogenies were created with PhyML using the general time- reversible model with the proportion of invariant sites and gamma distribution of among-site rate variation (GTR+I+\u03934) nucleotide substitution model43 applying an approximate likelihood ratio test for branch support44.", "We estimated trees on viral sequence sets from which gaps in the alignment were removed and considered as missing data for the reason that maximum-likelihood tree error may increase with inclusion of unreliable sites.", "We assessed the temporal structure of the trees by performing linear regression on the root- to-tip distances of samples versus the time of sampling and tested the validity of the time-dependency of the evolution rate estimates with the assumption of a strict molecular clock using the program Path-O-Gen v1.4 (http://tree.bio.ed.ac.uk/software/pathogen/).", "We used the Highlighter sequence visualization tool (www.HIV.lanl.gov) to trace commonality between sequences in an alignment based on individual nucleotide changes."]}
{"par_id": 71052, "sentences": ["### Compartmentalization"]}
{"par_id": 71053, "sentences": ["We tested for subdivision of viral sequences into sub-populations in the different compartments at each time point.", "We calculated genetic distances using the Wright's FST and Snn test statistics45,46.", "We used a bootstrap test to determine the confidence of the estimates and performed a permutation test (1000 iterations) to assess the significance levels of the obtained scores."]}
{"par_id": 71054, "sentences": ["### Identifying selection"]}
{"par_id": 71055, "sentences": ["We used a modification of a random effects branch-site model to detect positive selection and test whether the phylogeny diverged over time47.", "A likelihood ratio hypothesis test compared the fit of the model using a 3-bin \u03c9 distribution (\u03c91 and \u03c92 in [0,1], \u03c93 unrestricted) to describe the evolution of all branches in the tree, to the fit of the model where all \u03c93 is restricted to be in [0,1].", "We tested whether or not a proportion of sites along internal branches of the intra-host viral phylogeny have been subject to episodic selection (\u03c9 > 1)24, restricting the test to internal branches to lessen the biasing effects of neutral or deleterious mutations on \u03c9 estimates48,49 and serve as a proxy for population level selection25,26."]}
{"par_id": 71056, "sentences": ["### Time-calibrated phylogenetic tree construction"]}
{"par_id": 71057, "sentences": ["To resolve the phyloanatomy, we reconstructed the temporal and spatial dynamics of the viral haplotype lineages with a Bayesian statistical framework using Markov chain Monte Carlo (MCMC) sampling for evolutionary hypothesis testing, as implemented in BEAST version 2.1.227.", "This approach was used to sample phylogenies from their joint posterior distribution, in which the viral haplotypes are restricted by their known date of sampling, using a simple substitution model described by Hasegawa\u2013Kishino\u2013Yano (HKY) to avoid over- parameterization50.", "Models differing in assumptions on mutation rate and effective population size were run for 100 million generations each and compared using the Bayes factor as implemented in Tracer version 1.6.", "We determined that the best-fit model included a strict molecular clock and assumed a constant population size.", "We used a symmetric transition model with constant rates over time that considered a discretized diffusion process among the different compartments.", "This was formalized as a continuous time Markov chain model to reconstruct the spatial dynamics between compartments.", "All chains were run for sufficient length and convergence of the relevant parameters was assessed using Tracer version 1.6, ignoring 10% of the chain as burn-in."]}
{"par_id": 71058, "sentences": ["We summarized the connections between virus evolution and anatomical compartment history using an annotated MCC phylogenetic tree estimated with BEAST.", "The model and its parameters were chosen after computing the posterior probability of several models to obtain the discriminatory Bayes factors.", "Because population structure, whether due to spatial segregation or limitations to gene flow, may affect evolutionary dynamics, we confirmed that the direction of flow was not due to oversampling of a particular environment, by running a two-deme Bayesian inference under a structured coalescent model with a HKY substitution model assuming a strict molecular clock29, which is less susceptible to sampling issues than our trait-based analysis.", "For completeness, we conducted a search for topologies and divergence times assuming a relaxed molecular clock as well.", "In the analyses performed, HIV-1 showed a high degree of clock-like evolution and a mean nucleotide substitution rate expected to be within the bounds necessary to obtain meaningful phyloanatomic information from sequence data.", "Using the location of each of the haplotypes, a discrete trait was included in the inference.", "We used BEAST to estimate the probabilities of each of the possible states."]}
{"par_id": 71059, "sentences": ["### Statistical analysis"]}
{"par_id": 71060, "sentences": ["Standard descriptive statistics were performed with the use of the STATA, GraphPad or R packages."]}
{"par_id": 71061, "sentences": ["## Extended Data"]}
{"par_id": 71062, "sentences": ["### Extended Data Figure 1"]}
{"par_id": 71063, "sentences": ["The amounts of virus and the concentrations of drugs measured during antiretroviral therapy"]}
{"par_id": 71064, "sentences": ["Panels a-c show how the number of copies HIV-1 RNA per ml of blood, the number of the HIV-1 RNA particles bound to the follicular dendritic cell network per gram of lymphoid tissue, and the number HIV-1 RNA positive cells per gram of lymphoid tissue change over the first 6 months of treatment in subjects 1774, 1727 and 1679 (a, b and c, respectively).", "Filled circles represent detectable measures.", "Unfilled circles represent undetectable measures and are plotted at the limit of detection.", "Panels d-f show antiretroviral concentrations in cells from lymph node (dashed line) or blood (solid line) in subjects 1774, 1727 and 1679 (d, e and f, respectively) (see Methods).", "Intracellular TFV-diphosphate concentrations (fmol/106 cells) are shown in orange, FTC-triphosphate (fmol/106 cells) in green, ATV (ng/mL) in purple, and EFV (ng/mL) in blue.", "Samples with concentrations that were below the limits of quantification (2.5 fmol/106 cells, 2.5 fmol/106 cells, 0.014 ng/mL and 0.063 ng/mL, respectively) were assigned a value of 1 for graphical illustration purposes."]}
{"par_id": 71065, "sentences": ["### Extended Data Figure 2"]}
{"par_id": 71066, "sentences": ["Phylogenies and Highlighter plots for the Gag region of HIV-1"]}
{"par_id": 71067, "sentences": ["Maximum-likelihood trees were constructed using gene sequences from the Gag region of HIV-1 from lymph node and blood before and after the guanosines within all possible APOBEC3 trinucleotide sequence context of edited sites were masked in the alignments, regardless of their presence in hypermutant or non-hypermutant sequences, to avoid their distortion in the phylogenetic reconstructions.", "Branch tips are colored according to compartment sampled: red for plasma; gold for lymph node; and blue for blood.", "The progressive shading of the colors of the branch tips indicate the points in time sampled.", "Phylogenetic trees reconstructed from the haplotypes in which the guanosines in the APOBEC3 trinucleotide context of the edited sites are masked in the alignments correct the skewing effect caused by clustering of shared haplotypes that harbor repetitive G-to-A substitutions and longer branch lengths caused by a larger number of these mutations in the hypermutated sequences whilst retaining the phylogenetic information.", "The horizontal scale indicates the expected number of substitutions per nucleotide site per unit time with haplotypes from later time points having diverged more.", "The Highlighter plots show the haplotypes from the lymphoid tissue and blood time point clusters aligned to the plasma virus sequence from day 0.", "The particular nucleotide changes are color coded in the alignment (thymidine, red; adenosine, green; cytosine, blue; and guanosine, orange).", "Magenta circles represent APOBEC3-induced G-to-A change in a trinucleotide context of the edited sites, which are distinguishable from the more random error-prone viral reverse transcriptase and RNA polymerase II replicating enzyme induced mutations6.", "Gene sequences from the Gag region of HIV-1 from Subject 1774, who continued to have measureable amounts of HIV-1 RNA in plasma on treatment, and Subjects 1727 and 1679 who were well-suppressed on treatment (a, b and c, respectively) before and after the guanosines within the particular APOBEC3 trinucleotide sequence context of edited sites were masked in the entire sequence alignment (left and right panels, respectively)."]}
{"par_id": 71068, "sentences": ["### Extended Data Figure 3"]}
{"par_id": 71069, "sentences": ["Phylogenies and Highlighter plots for the Pol region of HIV-1"]}
{"par_id": 71070, "sentences": ["Maximum-likelihood trees were constructed using gene sequences from the Pol region (retrotranscriptase [pol2]) of HIV-1 from lymph node and blood before and after the guanosines within all possible APOBEC3 trinucleotide sequence context of edited sites were masked in the alignments, regardless of their presence in hypermutant or non-hypermutant sequences, to avoid their distortion in the phylogenetic reconstructions.", "Branch tips are colored according to compartment sampled: red for plasma; gold for lymph node; and blue for blood.", "The progressive shading of the colors of the branch tips indicate the points in time sampled.", "The horizontal scale indicates the expected number of substitutions per nucleotide site per unit time with haplotypes from later time points having diverged more.", "The Highlighter plots show the haplotypes from the lymphoid tissue and blood time point clusters aligned to the plasma virus sequence from day 0.", "The particular nucleotide changes are color coded in the alignment (thymidine, red; adenosine, green; cytosine, blue; and guanosine, orange).", "Magenta circles represent APOBEC3-induced G-to-A change in a trinucleotide context of the edited sites.", "Gene sequences from the Pol region of HIV-1 that spanned the genomic region encoding the viral enzyme reverse transcriptase from Subjects 1774, 1727, and 1679 (a, b and c, respectively) before and after the guanosines within the particular APOBEC3 trinucleotide sequence context of edited sites were masked in the entire sequence alignment (left and right panels, respectively)."]}
{"par_id": 71071, "sentences": ["### Extended Data Figure 4"]}
{"par_id": 71072, "sentences": ["Alternative drug-dependent fitness landscape plots"]}
{"par_id": 71073, "sentences": ["a, Fitness landscape plot for a partially drug-resistant strain that confers relatively low-level resistance to drugs as compared with the fitness costs imposed by the drug-resistant mutations.", "The drug-resistant strain (blue line) does not outcompete the drug-sensitive strain (orange line) at any effective treatment concentration where it can grow.", "There are two phases to the dynamics.", "At lower effective drug concentrations (left of grey line) the drug- sensitive strain thrives.", "Beyond this threshold, neither strain can continuously replicate.", "b, Fitness landscape plot for a highly drug-resistant strain.", "This strain confers a high-level of drug resistance relative to the replicative fitness cost imposed by the resistance mutations.", "At low effective drug concentrations (left of grey line), the drug-sensitive strain outcompetes the drug-resistant strain.", "At high effective drug concentrations, the drug- resistant strain outcompetes the drug-sensitive strain and can continuously replicate.", "We argue that, typically, fully drug resistant mutants of this sort neither exist in the viral population of patients before treatment, nor arise through random mutation during the course of antiretroviral therapy (see Supplementary Information and Supplementary Table 2).", "Drug-resistant strains, which are capable of ongoing replication at high effective drug concentrations are not typically generated in individuals because: they are generated in a single step very rarely; and stepwise generation from partially resistant strains is also rare because partially resistant strains are outcompeted in the sanctuary site which constantly refills the pool.", "The strain specific effective reproductive numbers for the drug-sensitive RS (orange) and drug- resistant RR (blue) strains are shown.", "For simplicity, only the impact of changes to the effectiveness of a single drug in a single compartment is shown."]}
{"par_id": 71074, "sentences": ["### Extended Data Figure 5"]}
{"par_id": 71075, "sentences": ["Model of replication dynamics and treatment effectiveness in the viral reservoir fitted to the data"]}
{"par_id": 71076, "sentences": ["The model is fitted to the total inferred average body counts of free virus particles (green line), infected CD4+ T cells (orange line) and virus bound to the follicular dendritic cell network of B cell follicles (grey line).", "a, Demonstrates the dynamics over the first 200 days of treatment.", "Note that early on during antiretroviral therapy, HIV-1 RNA in plasma declines more rapidly than virus bound to the follicular dendritic cell network of B cell follicles.", "Circles demonstrate average data from the 3 patients discussed in detail in this study and an additional 9 patients presented elsewhere13.", "Where the average value was indeterminate because of test sensitivity, the data are fitted below the upper limit of the average log10 infectious units.", "b, Demonstrates the dynamics over a longer period.", "The model predicts the persistent low-level viral RNA in plasma.", "The diamond symbol represents data relating to the long-term persistent virus, as measured using quantitative reverse transcription PCR (see Methods).", "The optimal model fit parameters are presented in Supplementary Table 1."]}
{"par_id": 71077, "sentences": ["### Extended Data Table 1"]}
{"par_id": 71078, "sentences": ["The genetic distance measured between the haplotypes in the Gag or Pol regions of HIV-1"]}
{"par_id": 71079, "sentences": ["We used sequence data from the Gag or Pol regions (protease [pol1] and retrotranscriptase [pol2]) regions of HIV-1 (range, 315bp to 487bp) to perform a genetic distance analysis.", "We masked the guanosines in APOBEC3 trinucleotide contexts of the edited sites from the alignments.", "We compared the proportion of substitutions per site (p-distance) for haplotypes within lymph node or blood from each subject at 6 months to the most common haplotype present at day 0.", "Most comparisons were statistically significant (Mann-Whitney U test, P-values < 0.1), indicating ongoing diversification of the viral populations."]}
{"par_id": 71080, "sentences": ["Patient| Compartment| Region| time=0| time=6| p-value   ---|---|---|---|---|---   1774| LN| gag| 4.96E-03| 1.14E-02|  <0.0001   poll| 6.38E-03| 5.58E-03| 0.3783   pol2| 5.85E-03| 1.26E-02|  0.0208      * * *      | PB| gag| 4.20E-03| 1.20E-02|  <0.0001   poll| 1.83E-03| 1.20E-02|  <0.0001   pol2| 9.72E-03| 1.07E-02|  0.0070      * * *      1727| LN| gag| 5.73E-05| 8.59E-03|  <0.0001   pol1| 1.35E-03| 1.59E-02|  <0.0001   pol2| 1.08E-03| 5.26E-03|  <0.0001      * * *      | PB| gag| NA| NA| NA   pol1| 1.87E-03| 5.26E-03| 0.3280   pol2| 1.16E-03| 1.01E-02|  <0.0001      * * *      1679| LN| gag| 6.68E-04| 3.85E-04| 0.5050   pol1| 1.73E-04| 2.16E-03|  <0.0001   pol2| 1.54E-03| 3.28E-03|  0.0023      * * *      | PB| gag| 4.35E-03| 5.97E-03| 0.8799   pol1| 2.23E-03| 4.36E-03|  0.0989   pol2| 0.00E+00| 1.57E-03| 0.2383"]}
{"par_id": 71081, "sentences": ["### Extended Data Table 2"]}
{"par_id": 71082, "sentences": ["HIV-1 evolutionary rate calculated after removing hypermutated haplotypes"]}
{"par_id": 71083, "sentences": ["We used a linear regression model to estimate the evolutionary rate for the Gag or Pol regions (protease [pol1] and retrotranscriptase [pol2]) of HIV-1.", "We calculated the slope (\u03bc) of the linear regression between time and the direct pairwise genetic distances (number of substitutions per site per month) from the most common haplotype at day 0 for each subject.", "Haplotypes found to harbor G-to-A hypermutant sequences were removed from the analysis to limit the effect of inactivating mutations on the estimates.", "There is very strong evidence, now presented in numerous studies17, that acute HIV-1 infections are by and large founded by a single (or at best a few) viral strains; this initial bottleneck is followed by rapid population diversification in the absence of treatment.", "The structures of our intra-host phylogenies at day 0 support this pattern.", "Even if multiple populations are transmitted and are able to establish infection and co-circulate, Bayesian phylodynamics models can properly account for it, and estimate evolutionary rates accurately."]}
{"par_id": 71084, "sentences": ["Patient| Region| Compartment|  \u03bc | Std Err   ---|---|---|---|---   1774| gag| LN| 1.54E-03| 1.42E-05   PB| 1.55E-03| 9.33E-06      * * *      poll| LN| \u22124.87E-04| 2.17E-05   PB| 1.58E-03| 1.04E-05      * * *      pol2| LN| 1.79E-03| 2.44E-05   PB| 1.60E-04| 3.90E-05      * * *      1727| gag| LN| 1.87E-03| 1.49E-05   PB| NA| NA      * * *      poll| LN| 1.81E-03| 1.25E-05   PB| 6.19E-04| 1.13E-05      * * *      pol2| LN| 1.44E-03| 1.36E-05   PB| 1.70E-03| 6.56E-06      * * *      1679| gag| LN| 4.74E-04| 2.25E-05   PB| 8.34E-04| 5.09E-05      * * *      poll| LN| 1.05E-03| 8.89E-06   PB| 3.90E-04| 2.77E-05      * * *      pol2| LN| 4.89E-04| 2.20E-05   PB| 5.12E-04| 7.56E-05"]}
{"par_id": 71085, "sentences": ["### Extended Data Table 3"]}
{"par_id": 71086, "sentences": ["Patterns of genetic divergence measured between viral haplotypes in lymphoid tissue and blood"]}
{"par_id": 71087, "sentences": ["Snn and FST pairwise genetic differentiation (a and b, respectively) between peripheral blood and lymph samples for the Gag and Pol regions of HIV-1 from subjects 1774, 1727, and 1679 at day 0 and after 6 months of antiretroviral therapy."]}
{"par_id": 71088, "sentences": ["a| Day 0| Month 6   ---|---|---   Snn | Probability (Random Snn > Observed Snn)|  Snn | Probability (Random Snn > Observed Snn)   1774| Gag| 0.71| 0| 0.53| 0.086   | Pol1| 0.71| 0| 0.91| 0   | Pol2| 0.86| 0.001| 0.90| 0.003   1727| Gag| NA| NA| 1.00| 0   | Pol1| 0.91| 0| 0.98| 0   | Pol2| 0.98| 0| 1.00| 0   1679| Gag| 0.72| 0| 0.97| 0   | Pol1| 0.75| 0.04| 0.77| 0.011   | Pol2| 0.86| 0.003| 0.86| 0   b| Day 0| Month 6   Fst | Probability (Random Fst > Observed Fst)|  Fst | Probability (Random Fst > Observed Fst)   1774| Gag| 0.13| 0| \u22120.01| 0.51   | Pol1| 0.13| 0| 0.41| 0   | Pol2| 0.05| 0.236| 0.36| 0   1727| Gag| NA| NA| 0.76| 0   | Pol1| 0.51| 0| 0.58| 0   | Pol2| 0.73| 0| 0.34| 0   1679| Gag| \u22120.06| 0.75| 0.67| 0   | Pol1| 0.37| 0.018| 0.02| 0.394   | Pol2| 0.23| 0.154| 0.35| 0"]}
{"par_id": 71089, "sentences": ["### Extended Data Table 4"]}
{"par_id": 71090, "sentences": ["Episodic selection estimated across sites along internal branches of the phylogeny"]}
{"par_id": 71091, "sentences": ["A branch-site evolutionary model provided a statistical framework to search for evidence of episodic selection on internal branches in the tree.", "The \u03c9 distribution is given for both internal and external branches."]}
{"par_id": 71092, "sentences": ["Subject ID| Gene| Branch-site \u03c9 distribution (internal branches)| Branch-site \u03c9 distribution (terminal branches)| P-value for episodic diversifying selection on internal branches   ---|---|---|---|---   JS1774| gag| \u03c91 = 0.09 (81%)   \u03c92 = 0.35 (5%)   \u03c93 = 1.00 (14%)| \u03c91 = 0.09 (69%)   \u03c92 = 0.15 (14%)   \u03c93 = 0.32 (17%)| 1.0   JS1774| pol (PR)| \u03c91 = 0.03 (95%)   \u03c92 = 0.07 (3%)   \u03c93 = 1.00 (2%)| \u03c91 = 0.09 (99.9%)   \u03c92 = \u221e (0.1%)| 1.0   JS1774| pol (RT)| \u03c91 = 0.11 (89%)   \u03c92 = 0.35 (11%)| \u03c91 = 0.16 (71%)   \u03c92 = 0.22 (29%)| 1.0   SM1727| gag| \u03c91 = 0.16 (91%)   \u03c92 = 0.36 (9%)| \u03c91 = 0.00 (87%)   \u03c92 = 5.00 (13%)| 1.0   SM1727| pol (PR)| \u03c91 = 0.05 (94%)   \u03c92 = 0.24 (2%)   \u03c93 = 1.00 (4%)| \u03c91 = 0.09 (60%)   \u03c92 = 0.21 (13%)   \u03c93 = 0.25 (27%)| 1.0   SM1727| pol (RT)| \u03c91 = 0.09 (87%)   \u03c92 = 0.51 (2%)   \u03c93 = 1.00 (11%)| \u03c91 = 0.13 (99.6%)   \u03c92 = \u221e (0.4%)| 1.0   TM1679| gag| \u03c91 = 0.15 (63%)   \u03c92 = 1.19 (37%)| \u03c91 = 0.68 (100%)| 1.0   TM1679| pol (PR)| \u03c91 = 0.14 (82%)   \u03c92 = 0.54 (0.5%)   \u03c93 = 1.00 (17%)| \u03c91 = 0.19 (97%)   \u03c92 = 0.15 (2.8%)   \u03c93 = \u221e (0.4%)| 1.0   TM1679| pol (RT)| \u03c91 = 0.19 (94.8%)   \u03c92 = 0.93 (4.9%)   \u03c93 = \u221e (0.3%)| \u03c91 = 0.31 (100%)|  10\u22126"]}
{"par_id": 71093, "sentences": ["### Extended Data Table 5"]}
{"par_id": 71094, "sentences": ["Estimated migration rates between lymph nodes and blood using Bayesian inference under the structured coalescence"]}
{"par_id": 71095, "sentences": ["Migration rates (in fraction of emigrants per month) were estimated in the Gag region of HIV-1 for the three study subjects using Bayesian inference under the structured coalescence model, assuming a constant population size and a strict molecular clock.", "Migration rates from lymph node to blood and vice versa are shown with their standard error of the mean (SEM) after running at least 50 million MCMC steps and reaching high values of estimated sample sizes (ESS) for all parameters."]}
{"par_id": 71096, "sentences": ["Patient| Migration rate| Mean| SEM   ---|---|---|---   1774| From PB to LN| 0.48| 1.08E-02   From LN to PB| 1.70| 1.57E-01   1727| From PB to LN| 0.31| 6.99E-03   From LN to PB| 0.57| 1.21E-02   1679| From PB to LN| 0.18| 2.20E-03   From LN to PB| 0.71| 1.06E-02"]}
{"par_id": 71097, "sentences": ["#### 1"]}
{"par_id": 71098, "sentences": ["Click here to view.(70K, docx)"]}
{"par_id": 71099, "sentences": ["#### SUPP_TABLE1"]}
{"par_id": 71100, "sentences": ["Click here to view.(23K, docx)"]}
{"par_id": 71101, "sentences": ["#### SUPP_TABLE2"]}
{"par_id": 71102, "sentences": ["Click here to view.(16K, docx)"]}
{"par_id": 71103, "sentences": ["## Acknowledgements"]}
{"par_id": 71104, "sentences": ["We thank Gregory J. Beilman, Ann Thorkelson, Peter Swantek and Kristin Mars for their technical assistance.", "We thank Esteban Domingo and Tanmoy Bhattacharya for their constructive and informed review.", "We are indebted to the patients who participated in this study.", "This work was supported by the National Institutes of Health (DA033773 to S.M.W., AI1074340 to T.W.S., and GM110749 to S.L.K.P.), the Medical Research Council (G1000196 to M.H.M.), the Framework Programme for Research and Technological Development (278433-PREDEMICS to A.R.) and the European Research Council (260864 to A.R.).", "The Oxford Martin School supports H.R.F. All Souls College supports A.R.M. where S.M.W. held a Visiting Fellowship.", "A Newton International Fellowship from the Royal Society supported T.B. The funders had no role in study design, data collection and analysis, decision to publish, or preparation of the manuscript.", "The Institutional Review Board of the University of Minnesota approved the study.", "All subjects provided written informed consent."]}
{"par_id": 71105, "sentences": ["Author Contributions"]}
{"par_id": 71106, "sentences": ["T.W.S., A.T.H., and S.M.W. conceived the experiments and designed the study.", "T.W.S. and J.C. acquired the patient tissue samples.", "A.T.H. performed the in situ hybridization experiments.", "C.F. measured the intracellular drug concentrations.", "R.L.-R., E.-Y.K., and Y.-S.C. generated the viral sequences.", "R.L.-R., T.B., E.-Y.K., S.P., M.H.M., S.L.K.P., A.R., and S.M.W. analyzed the data.", "R.L.-R., T.B., J.A., and A.R. conducted the Bayesian inference analyses.", "H.R.F, A.R.M, and S.M.W. developed the evolutionary model.", "R.L.-R., T.B., H.R.F., A.T.H., S.L.K.P., A.R.M., A.R., and S.M.W. wrote the paper, with extensive input from all authors.", "All authors discussed the results and commented on the manuscript."]}
{"par_id": 71107, "sentences": ["Nucleotide sequence alignments were deposited in GenBank with the accession numbers (KT829617 \\- KT831260)."]}
{"par_id": 71108, "sentences": ["The authors declare no competing financial interests."]}
{"par_id": 71109, "sentences": ["Supplementary Information is linked to the online version of the paper at www.nature.com/nature."]}
{"par_id": 71110, "sentences": ["## Contributor Information"]}
{"par_id": 71111, "sentences": ["Ramon Lorenzo-Redondo,  Division of Infectious Diseases, Northwestern University Feinberg School of Medicine, Chicago, IL 60011, USA."]}
{"par_id": 71112, "sentences": ["Helen R. Fryer,  Institute for Emerging Infections, Department of Zoology, University of Oxford, Oxford, OX1 3PS, UK."]}
{"par_id": 71113, "sentences": ["Trevor Bedford,  Vaccine and Infectious Disease Division, Fred Hutchinson Cancer Research Center, Seattle, WA 98109, USA."]}
{"par_id": 71114, "sentences": ["Eun-Young Kim,  Division of Infectious Diseases, Northwestern University Feinberg School of Medicine, Chicago, IL 60011, USA."]}
{"par_id": 71115, "sentences": ["John Archer,  Centro de Investiga\u00e7\u00e3o em Biodiversidade e Recursos Gen\u00e9ticos Universidade do Porto, Vair\u00e3o, Portugal."]}
{"par_id": 71116, "sentences": ["Sergei L. Kosakovsky Pond,  Department of Medicine, University of California, San Diego, CA 92093, USA."]}
{"par_id": 71117, "sentences": ["Yoon-Seok Chung,  Center for Infectious Disease Research, Korean National Institutes of Health, Osong, Korea."]}
{"par_id": 71118, "sentences": ["Sudhir Penugonda,  Division of Infectious Diseases, Northwestern University Feinberg School of Medicine, Chicago, IL 60011, USA."]}
{"par_id": 71119, "sentences": ["Jeffrey Chipman,  Department of Surgery, University of Minnesota, Minneapolis, MN, 55455 USA."]}
{"par_id": 71120, "sentences": ["Courtney V. Fletcher,  Antiviral Pharmacology Laboratory, University of Nebraska Medical Center, College of Pharmacy, Omaha, NE 68198, USA."]}
{"par_id": 71121, "sentences": ["Timothy W. Schacker,  Division of Infectious Diseases, University of Minnesota, Minneapolis, MN 55455, USA."]}
{"par_id": 71122, "sentences": ["Michael H. Malim,  Department of Infectious Diseases, King's College London, Guy's Hospital, London, UK."]}
{"par_id": 71123, "sentences": ["Andrew Rambaut,  Centre for Immunology, Infection and Evolution, University of Edinburgh, Edinburgh, UK."]}
{"par_id": 71124, "sentences": ["Ashley T. Haase,  Department of Microbiology, University of Minnesota, Minneapolis, MN 55455, USA."]}
{"par_id": 71125, "sentences": ["Angela R. McLean,  Institute for Emerging Infections, Department of Zoology, University of Oxford, Oxford, OX1 3PS, UK."]}
{"par_id": 71126, "sentences": ["Steven M. Wolinsky,  Division of Infectious Diseases, Northwestern University Feinberg School of Medicine, Chicago, IL 60011, USA."]}
