{"par_id": 74000, "sentences": ["Wild type microglia arrest pathology in a mouse model of Rett syndrome"]}
{"par_id": 74001, "sentences": ["Rett syndrome is an X-linked autism spectrum disorder.", "The disease is characterized in the majority of cases by mutation of the MECP2 gene, which encodes a methyl-CpG-binding protein 1\u20135.", "Although MeCP2 is expressed in many tissues, the disease is generally attributed to a primary neuronal dysfunction 6.", "However, as shown recently, glia, specifically astrocytes, also contribute to Rett pathophysiology.", "Here we examined the role of another form of glia, microglia, in a murine model of Rett syndrome.", "Transplantation of wild type bone marrow into irradiation-conditioned Mecp2-null hosts resulted in engraftment of brain parenchyma by bone marrow-derived myeloid cells of microglial phenotype, and arrest of disease development.", "However, when cranial irradiation was blocked by lead shield, and microglial engraftment was prevented, disease was not arrested.", "Similarly, targeted expression of Mecp2 in myeloid cells, driven by Lysmcre on an Mecp2-null background, dramatically attenuated disease symptoms.", "Thus, via multiple approaches, wild type Mecp2-expressing microglia within the context of an Mecp2-null male mouse arrested numerous facets of disease pathology; lifespan was increased; breathing patterns were normalized; apneas were reduced; body weight was increased to near wild type, and locomotor activity was improved.", "Mecp2+/\u2212 females also exhibited significant improvements as a result of wild type microglial engraftment.", "These benefits mediated by wild type microglia, however, were diminished when phagocytic activity was inhibited pharmacologically using annexin V to block phosphatydilserine residues on apoptotic targets, thus preventing recognition and engulfment by tissue- resident phagocytes.", "These results suggest the importance of microglial phagocytic activity in Rett syndrome.", "Our data implicate microglia as major players in Rett pathophysiology, and suggest that bone marrow transplantation might offer a feasible therapeutic approach for this devastating disorder."]}
{"par_id": 74002, "sentences": ["##"]}
{"par_id": 74003, "sentences": ["The role of glia in Rett syndrome has recently been recognized 7\u20139.", "Mecp2-null astrocytes were unable to support the normal dendritic ramification of wild type neurons growing in culture 7, and expression of wild type Mecp2 protein in astrocytes of Mecp2-null hosts dramatically ameliorated disease pathology 9.", "Mecp2-null microglia were reported to be toxic to neurons in vitro through production of high levels of glutamate 10."]}
{"par_id": 74004, "sentences": ["Microglia, the brain-resident macrophages, are of hematopoietic origin 11.", "Still, the idea of repopulation of brain microglia from bone marrow-derived cells in adult mice under normal physiological conditions is controversial 12.", "However, when bone marrow transplantation is preceded by irradiation-mediated immune ablation, bone marrow derived cells with microglia-like morphology and phenotype (expressing low levels of CD45 and high levels of CD11b) are found in the brain 13,14.", "Microglia have received increasing attention in the pathophysiology of several neurodegenerative and neuropsychiatric diseases 14\u201318."]}
{"par_id": 74005, "sentences": ["We first studied microglial function in the context of Mecp2\u2212/y male mice.", "Males possess a single mutant X chromosome, and thus manifest a severe phenotype that includes markedly retarded growth, apneas, tremor, impaired gait and locomotor function, and a postnatal life expectancy of approximately 8 weeks 4,19 (Fig. 1a, b; Supplementary Movie 1)."]}
{"par_id": 74006, "sentences": ["Figure 1"]}
{"par_id": 74007, "sentences": ["Wild type bone marrow transplantation at P28 arrests disease progression in Mecp2\u2212/y mice"]}
{"par_id": 74008, "sentences": ["a, Representative images of wild type and Mecp2\u2212/y littermates at P56.", "b, Lifespan of Mecp2\u2212/y mice receiving wild type bone marrow at P28 (Wild type\u2192Mecp2\u2212/y; n = 15) is compared to na\u00efve Mecp2\u2212/y (n = 17), Mecp2\u2212/y receiving Mecp2\u2212/y bone marrow (Mecp2\u2212/y\u2192Mecp2\u2212/y; n = 9), and wild type mice receiving wild type bone marrow (Wild type\u2192Wild type; n = 29) (***, p < 0.0001, Log Rank (Mantel-Cox)).", "c, Representative images of Wild type\u2192Wild type as compared to Wild type\u2192Mecp2\u2212/y are shown at P56 (4 weeks post bone marrow transplantation).", "d, Weights (mean \u00b1 s.e.m.) of Wild type\u2192Wild type, Mecp2\u2212/y, Mecp2\u2212/y\u2192Mecp2\u2212/y and Wild type\u2192Mecp2\u2212/y mice (n = 15, 15, 7, 15 mice/group) are shown over time.", "e, Representative images of brains isolated from P56 Wild type\u2192Wild type and Wild type\u2192Mecp2\u2212/y mice transplanted at P28 and na\u00efve Mecp2\u2212/y mice are presented; f, Brain weight (mean \u00b1 s.e.m.) per each group (***, p < 0.001; one-way ANOVA; n = 4 each group).", "g, Representative images of Nissl staining in hippocampal slices (CA1 area) of wild type and Mecp2\u2212/y mice are presented (bar equals 40 \u03bcm).", "h, Soma area (mean \u00b1 s.d.) of CA1 hippocampal cells.", "For each group of mice, a set of cells was created by randomly selecting 100 cells per mouse, 3 mice per group (***, p < 0.001; Two-way ANOVA with Bonferroni post-hoc test)."]}
{"par_id": 74009, "sentences": ["To address the role of hematopoietically-derived cells in the pathophysiology of Rett, Mecp2\u2212/y (Mecp2tm1.1", "Jae and Mecp2tm2Bird) mice were subjected to lethal split-dose irradiation at P28 (the approximate age at which neurological signs appear 4).", "Mice were then injected intravenously with syngeneic bone marrow from C57Bl/6J mice ubiquitously expressing green fluorescent protein (GFP).", "Control groups were injected with autologous (Mecp2\u2212/y) bone marrow, or left na\u00efve.", "Surprisingly, the lifespan of Mecp2-null recipients of wild type bone marrow (Wild type\u2192Mecp2\u2212/y) was significantly extended compared to Mecp2\u2212/y mice receiving autologous bone marrow (Mecp2\u2212/y\u2192Mecp2\u2212/y) or to na\u00efve Mecp2\u2212/y mice (Fig. 1b; Supplementary Movie 2).", "Currently, our oldest living Wild type\u2192Mecp2\u2212/y mice are over 44 weeks of age (Supplementary Movie 3); most experimental mice were euthanized at the age of ~16 weeks for purposes of tissue analysis."]}
{"par_id": 74010, "sentences": ["While Mecp2\u2212/y mice on the C57Bl/6J background are undersized 4,19, within 4 weeks of transplantation, Wild type\u2192Mecp2\u2212/y (but not Mecp2\u2212/y\u2192Mecp2\u2212/y) mice approached the size of wild type littermates (Fig. 1c, d).", "Wild type\u2192Mecp2\u2212/y mice also exhibited an increase in brain weight (Fig. 1e, f), which was likely due to general growth of the mouse, since the reduced soma size characteristic of Mecp2-null neurons was not changed by bone marrow transplantation (Fig. 1g, h) and the brain to body weight ratio was normalized (Supplementary Fig. 1a).", "Spleens of Mecp2\u2212/y mice were also smaller than normal and their size were also normalized after transplantation (Supplementary Fig. 1 b\u2013d)."]}
{"par_id": 74011, "sentences": ["Growth retardation is a characteristic feature of Rett pathology.", "Along these lines, treatment with insulin-like growth factor (IGF)-1 benefits survival and behavioral outcomes in Mecp2-null mice 20.", "Indeed, peripheral macrophages from wild type mice expressed significantly higher levels of IGF-1 in vitro in response to immunological stimuli as compared to macrophages from Mecp2-null (Mecp2tm1.1", "Jae/y) mice (Supplementary Fig. 2) and this difference may contribute to the increased body growth seen in Mecp2-null mice after bone marrow transplantation."]}
{"par_id": 74012, "sentences": ["The general appearance of Wild type\u2192Mecp2\u2212/y mice was improved compared to that of na\u00efve Mecp2\u2212/y or Mecp2\u2212/y\u2192Mecp2\u2212/y mice.", "The severe involuntary tremors normally seen in mutant mice were absent following wild type bone marrow transplantation (Fig. 2a), and gait was improved.", "Interestingly, no detectable benefit on hindlimb clasping phenotype was observed."]}
{"par_id": 74013, "sentences": ["Figure 2"]}
{"par_id": 74014, "sentences": ["Bone marrow transplantation effects on general appearance, breathing, and locomotion of Mecp2\u2212/y and Mecp2+/\u2212mice"]}
{"par_id": 74015, "sentences": ["a, Neurological scores at P56 for Wild type\u2192Wild type, Mecp2\u2212/y na\u00efve, Mecp2\u2212/y\u2192Mecp2\u2212/y and Wild type\u2192Mecp2\u2212/y are presented.", "Behaviors (mean \u00b1 s.e.m.) are scored as indicated in Methods (*** p < 0.001; one-way ANOVA; n = 16, 16, 7, 16).", "b, On left are representative plethysmograph recordings of animals from each group.", "On right, expiratory time (TE) for representative wild type, Mecp2\u2212/y, Mecp2\u2212/y\u2192Mecp2\u2212/y and Wild type\u2192Mecp2\u2212/y (transplantation at P28 and examination at indicated ages for all groups) as measured over a 5-minute period; TE is normalized to mean breath duration for each mouse.", "c, Apneas (mean \u00b1 s.e.m.) per 30 min as measured in all four groups (***, p < 0.001; one-way ANOVA with Bonferroni post hoc test; n = 5 mice/group; for the entire figure all mice aged P56 except for Wild type\u2192Mecp2\u2212/y at 12 weeks of age, i.e. 8 weeks post bone marrow transplantation).", "d, Interbreath irregularity (mean % \u00b1 s.e.m.) calculated as absolute [(TTOTN \u2013 TTOTN+1)/TTOTN+1] for all four groups (**, p < 0.01; ***, p < 0.001; one-way ANOVA with Bonferroni post hoc test; n = 5 mice/group).", "e, Distance traveled (mean \u00b1 s.e.m.) in an open field (*, p < 0.05; ***, p < 0.001; one- way ANOVA, n = 5 mice/group).", "f, Representative traces of the path traveled by mice in an open field during 20 min test time."]}
{"par_id": 74016, "sentences": ["g\u2013k, Mecp2+/\u2212mice were transplanted with wild type bone marrow at P56 and were examined for disease symptoms at 9 months of age.", "g, Weight (mean \u00b1 s.e.m.); h, latency to fall (mean \u00b1 s.e.m.) in the rotarod task; i, time (mean \u00b1 s.e.m.) spent in the center of the open field; j, apneas (mean \u00b1 s.e.m.) measured by whole body plethysmography in 30 min; and k, interbreath irregularity (mean % \u00b1 s.e.m.), all were improved in the treated mice as compared to non-treated controls (*, p < 0.05; ***, p < 0.001; one-way ANOVA, n = 6 mice/group; post-hoc Bonferroni test was used for individual comparisons)."]}
{"par_id": 74017, "sentences": ["Breathing irregularities and apneas are cardinal signs of Rett syndrome.", "We used whole-body plethysmography to compare the breathing patterns of Mecp2\u2212/y mice with or without bone marrow transplantation to those of control mice (Fig. 2b).", "As expected, Mecp2\u2212/y mice developed apneas progressively with age (data not shown).", "However, Wild type\u2192Mecp2\u2212/y exhibited significantly reduced apneas and fewer breathing irregularities than either na\u00efve Mecp2\u2212/y or Mecp2\u2212/y\u2192Mecp2\u2212/y mice (Fig. 2c, d).", "Wild type\u2192Mecp2\u2212/y mice also displayed significantly increased mobility in the open field when compared to na\u00efve Mecp2\u2212/y or Mecp2\u2212/y\u2192Mecp2\u2212/y mice (Fig. 2e, f)."]}
{"par_id": 74018, "sentences": ["We also performed bone marrow transplantation in heterozygous female mice at 2 months of age, and animals were examined at 9 months.", "The disease in Mecp2+/\u2212 mice develops slowly, with behavioral abnormalities becoming clear at 4\u20136 months of age.", "Weights of treated Mecp2+/\u2212 mice were comparable to wild type controls (Fig. 2g).", "Moreover, there was significant improvement in motor function, as examined on rotarod (Fig. 2h), and time spent in the center of the open field arena was significantly increased (Fig. 2i).", "Apneas in bone marrow transplanted mice were reduced (Fig. 2j) and their overall breathing patterns were improved compared to their non-treated controls (Fig. 2k)."]}
{"par_id": 74019, "sentences": ["The peripheral immune system of Mecp2\u2212/y hosts was repopulated by donor bone marrow (Supplementary Fig. 3a).", "Additionally, it has been previously shown that bone marrow transplantation after whole body irradiation results in engraftment of microglia-like myeloid cells into the brain parenchyma 13.", "Indeed, GFP+ cells in the parenchyma of bone marrow transplanted mice expressed CD11b (Fig. 3a) but not GFAP or NeuN (data not shown).", "Twelve weeks after bone marrow transplantation, mice were perfused and their brains dissected into sub-areas, prepared in single-cell suspensions, and analyzed using flow cytometry to determine percentages of bone marrow-derived (GFP+) cells in the hematopoietic (CD45+) cell fractions in the brain (Supplementary Fig. 3b, c)."]}
{"par_id": 74020, "sentences": ["Figure 3"]}
{"par_id": 74021, "sentences": ["Brain parenchymal engraftment of cells after bone marrow transplantation is required to arrest Rett syndrome"]}
{"par_id": 74022, "sentences": ["a, Representative confocal images of brain parenchyma from cerebellum of Wild type\u2192Mecp2\u2212/y mice 8 weeks post transplantation (transplantation at P28), immunolabeled for CD11b and GFP (bar = 20 \u03bcm)."]}
{"par_id": 74023, "sentences": ["b\u2013e, Mecp2\u2212/y mice underwent bone marrow transplantation at P28 with their heads lead-protected.", "Mice were examined at their end-point, about 7 weeks after bone marrow transplantation.", "b, Representative dot plot of splenocytes obtained from bone marrow transplanted mouse with lead-protected head.", "c, Distribution of \u2018peripheral chimerism\u2019 in mice with lead-protected heads after bone marrow transplantation.", "d, Representative micrograph from mice with lead- protected heads after bone marrow transplantation, immunolabeled for GFP.", "Coronal cortical slice is presented showing sporadic cells found in meningeal spaces, but not in the parenchyma.", "e, Lifespan of Mecp2\u2212/y mice with wild type bone marrow transplantation with lead-covered heads compared to Wild type\u2192Wild type lead-covered head controls (***, p < 0.0001, Log Rank (Mantel-Cox); n = 9 mice/group)."]}
{"par_id": 74024, "sentences": ["f\u2013k, Genetic approach for expressing Mecp2 protein in myeloid cells.", "Mecp2lox- stop mice were bred to LysmCre mice and their progeny (Mecp2lox-stop/yLysmCre mice) were analyzed for disease progression.", "f, Representative image of mice at P56.", "g, Weights (mean \u00b1 s.e.m.) of mice as they progress with age.", "h, Lifespan for indicated groups (***, p < 0.0001, Log Rank (Mantel-Cox); n = 6 mice/group).", "i, Apneas (mean \u00b1 s.e.m.) measured by whole body plethysmography in 30 min for the three groups at 9 weeks.", "j, Interbreath irregularity (mean % \u00b1 s.e.m.) measured at 9 weeks.", "k, Distance traveled (mean \u00b1 s.e.m.) in an open field at 9 weeks (**, p < 0.01; ***, p < 0.001; one-way ANOVA, n = 5 mice/group; Bonferroni post hoc test was used for individual comparisons)."]}
{"par_id": 74025, "sentences": ["Interestingly, in mice in which bone marrow transplantation was performed later (P40 or P45), only slight improvements in disease pathology were observed (Supplementary Fig. 4a).", "No microglial engraftment was evident, although substantial numbers of GFP+ cells were found in the meningeal spaces (Supplementary Fig. 4b).", "These results may suggest that when disease progression is faster than microglial engraftment, full rescue cannot be achieved.", "The moderate results observed, however, may have been due to a yet- unknown mechanism, perhaps via soluble factors produced by meningeal immune cells, or peripherally-expressed IGF-1 (Supplementary Fig. 2).", "When bone marrow transplantation was performed at P2 without irradiation, minimal peripheral chimerism was achieved without detectable microglia engraftment and no lifespan extension was observed (Supplementary Fig. 4a, c)."]}
{"par_id": 74026, "sentences": ["Newly-engrafted microglia expressed detectable levels of wild type Mecp2 (data not shown) but nearby cells did not show any Mecp2 labeling, arguing against the possibility of protein or mRNA transfer from engrafted microglia into nearby cells as an underlying mechanism for the beneficial effect of bone marrow transplantation."]}
{"par_id": 74027, "sentences": ["To substantiate the specific role of microglia in bone marrow transplantation- mediated disease arrest, we repeated transplantation experiments at P28, but with the addition of lead shielding to block cranial irradiation, which results in repopulation of peripheral immunity (Fig. 3b, c) but no parenchymal engraftment (Fig. 3d), supporting previously published works 13,18.", "Disease was not arrested in \u201chead-covered\u201d mice (Fig. 3e), suggesting that peripheral immune reconstitution without microglial engraftment is insufficient to arrest pathology in Mecp2\u2212/y mice."]}
{"par_id": 74028, "sentences": ["To further substantiate the role of myeloid cells in arrest of Rett pathology, we used a genetic approach.", "We employed the widely-used LysmCre mouse\u2014which results in a high degree of recombination in myeloid cells, granulocytes, and in significant numbers of microglia 21\u201323\u2014in cross with Mecp2lox-stop mice.", "Male progeny, Mecp2lox-stop/yLysmcre, express wild type Mecp2 in myeloid cells on an otherwise Mecp2-null background.", "These animals exhibited improvements in overall appearance and growth (Fig. 3f, g and Supplementary Movie 4) and their lifespans were significantly increased (Fig. 3h).", "The oldest Mecp2lox- stop/yLysmcre animals are currently 27 weeks of age, with survival thus far of 100%; n = 6 mice/group).", "Apneas and interbreath irregularity of these mice were also significantly reduced compared to control mice (Fig. 3i, j), and their open field activity was not significantly different from wild type counterparts (Fig. 3k).", "These results cannot be interpreted by cre leakiness, since no cre-mediated recombination was evident in either astrocytes or neurons in Lysmcre crossed to a reporter strain (data not shown) and in line with previous publications 22,23."]}
{"par_id": 74029, "sentences": ["Microglia from Mecp2-null mice were deficient in their response to immunological stimuli (Supplementary Fig. 5) and in phagocytic capacity, as examined by feeding cultured microglia with pre-labeled UV-irradiated neural progenitor cells, used as apoptotic targets 24 (Fig. 4a\u2013c).", "Thus, it is possible that apoptotic debris would accumulate over time in the Mecp2-null brain, contributing to neuronal malfunction and accelerating disease progression.", "Along these lines, supplementation of wild type microglia could reduce debris levels and allow for improved neuronal function.", "Indeed, in mice transplanted with GFP+ bone marrow, only GFP+ parenchymal cells were consistently found containing cleaved caspase-3-positive debris within lysosomes (Fig. 4d)."]}
{"par_id": 74030, "sentences": ["Figure 4"]}
{"par_id": 74031, "sentences": ["Microglial phagocytic activity is necessary for their beneficial effect in Mecp2\u2212/y mouse brains"]}
{"par_id": 74032, "sentences": ["a, Representative micrograph of phagocytosing microglia in orthogonal projections of confocal z-stacks.", "Scale bar = 25 \u03bcm.", "b, Wild type (i) or Mecp2\u2212/y (ii) microglia incubated for 2 or 5 hours with fluorescently-labeled UV-irradiated neural progenitor cells and stained with anti-CD11b.", "Scale bar = 50 \u03bcm.", "c, Bar graphs comparing surface area of UV-irradiated neural progenitor cells (NPC) to total surface area (mean\u00b1 s.e.m) of wild type or Mecp2\u2212/y microglia are shown (**, p < 0.01; ***, p < 0.001; one-way ANOVA; representative experiment shown out of three independently performed).", "d, Representative micrograph of phagocytosing microglia in situ containing cleaved casapse-3 debris co-localized with lysosomal marker, Lamp-1.", "Scale bar = 50 \u03bcm."]}
{"par_id": 74033, "sentences": ["e\u2013g, Mecp2lox-stop/yLysmCre mice and the appropriate controls were treated with annexin V to pharmacologically inhibit phagocytic activity.", "e, Weights (mean\u00b1 s.e.m) of Mecp2+/yLysmCre, Mecp2lox-stop/yLysmCre, Mecp2lox-stop/y, Mecp2+/yLysmCre treated with annexin V and Mecp2lox-stop/yLysmCre treated with annexin V are shown at the end point for Mecp2lox-stop/y and Mecp2lox- stop/yLysmCre treated with annexin V groups (~P63).", "f, Neurological scores (mean\u00b1 s.e.m) at P56 are presented (*** p < 0.001; one-way ANOVA; n = at least 7 mice/group; Bonferroni post hoc test was used for individual comparisons).", "g, Distance traveled (mean \u00b1 s.e.m.) in an open field by mice from all the above groups (***, p < 0.001; one-way ANOVA, n = 5 mice/group; Bonferroni post hoc test was used for individual comparisons)."]}
{"par_id": 74034, "sentences": ["It has been previously shown that annexin V (a protein that binds phosphatidylserine on apoptotic cells and inhibits engulfment) injected intravenously can reach the CNS 25.", "Moreover, we have recently shown that intravenous injection of annexin V results in substantial blockade of phagocytic activity in the brain 24.", "Indeed, treatment of wild type mice with annexin V resulted in significant accumulation of TUNEL+ fragments (Supplementary Fig. 6)."]}
{"par_id": 74035, "sentences": ["We attempted to pharmacologically inhibit brain phagocyte activity in Mecp2lox-stop/yLysmcre mice and compare disease progression to controls.", "Long- term treatment of Mecp2lox-stop/yLysmcre mice with annexin V completely abolished the amelioration of the disease seen in Mecp2lox-stop/yLysmcre mice (Fig. 4e\u2013g).", "Wild type mice treated with annexin V were not significantly affected.", "This is likely because unlike in Mecp2lox-stop/yLysmcre mice, neurons and astrocytes in wild type mice are fully functional, expressing wild type Mecp2.", "It is conceivable, however, that a longer treatment of wild type mice with annexin V might result in neurological pathology.", "Overall, these results suggest active engagement of wild type microglia in clearance of apoptotic cells or cell remnants within the context of otherwise Mecp2-null brain a task that probably cannot be sufficiently performed by Mecp2-null microglia."]}
{"par_id": 74036, "sentences": ["Neuropathologists have observed gliosis and cell loss in the cerebellum of deceased Rett syndrome patients 26, but this work has not received much attention, presumably since the disease is generally considered non- neurodegenerative.", "Our results do not claim that neurodegeneration underlies Rett pathology.", "Rather, they suggest that Mecp2-null microglia, deficient in phagocytic function, may be unable to keep pace in clearing debris left behind from the normal process of neural cell death or membrane shedding.", "This, in turn, would lead to a crowded and sub-optimal CNS milieu within which neurons, already challenged by loss of Mecp2, might be further impaired in function.", "The inability of Mecp2-null microglia to clear debris as effectively as wild type microglia has the potential to contribute to the underlying neuropathology and/or the time course of appearance of symptoms in Mecp2-null mice 4,27."]}
{"par_id": 74037, "sentences": ["Future studies should be aimed at understanding the connections between glial phagocytic activity and neuronal function, and possible interactions between microglia and astrocytes in Rett pathology.", "Phagocytic activity per se is almost certainly just one aspect of glial involvement in Rett pathophysiology.", "It is conceivable that glia, including astrocytes which are also capable phagocytes 28 release soluble factors in connection with their own phagocytic activity, in turn benefiting neuronal function.", "Therefore, removal of debris itself may not be as primarily relevant to disease progression as is a secondary response of glia to the phagocytic process.", "Accordingly, inhibition of phagocytosis might result in exacerbation of Rett pathology via these yet- unknown processes, even in the absence of deposits of easily observable cellular debris."]}
{"par_id": 74038, "sentences": ["Our present findings support previous publications describing the potential for clinical treatment of Rett pathology 6,29, while also suggesting the possibility of achieving this goal via augmentation or repopulation of brain phagocytes, or improvement of their phagocytic activity.", "The results of this study open the possibility for a new approach in the amelioration of Rett pathology."]}
{"par_id": 74039, "sentences": ["## Methods Summary"]}
{"par_id": 74040, "sentences": ["### Animals"]}
{"par_id": 74041, "sentences": ["Males and females of C57Bl/6-Tg(UBC-GFP)30Scha/J, C57Bl/6J, B6.129P2(C)Mecp2tm1.1", "Bird/J, B6.129P2-Lyz2tm1(cre)Ifo/J (Lysmcre), B6.129P2-Mecp2tm2Bird/J, Mecp2lox-stop/y, and C57BL/6J mice were purchased from Jackson Laboratories (Bar Harbor, ME); B6.Cg-Mecp2tm1.1", "Jae/Mmcd mice were a generous gift from Dr. Andrew Pieper, (Southwestern Medical School, Dallas, TX) and were maintained in our lab on C57Bl/6J background.", "All procedures complied with regulations of the Institutional Animal Care and Use Committee (ACUC) at The University of Virginia."]}
{"par_id": 74042, "sentences": ["### Irradiation and bone marrow transfer"]}
{"par_id": 74043, "sentences": ["Four week-old mice were subjected to lethal split-dose \u03b3-irradiation (300 rad followed 48 hours later by 950 rad).", "Four hours after the second irradiation, mice were injected with 5\u00d7106 bone marrow cells.", "After irradiation, mice were kept on drinking water fortified with sulfamethoxazole for two weeks in order to limit infection by opportunistic pathogens."]}
{"par_id": 74044, "sentences": ["Full Methods and any associated references are available in the online version of the paper at www.nature.com/nature."]}
{"par_id": 74045, "sentences": ["#### 1"]}
{"par_id": 74046, "sentences": ["Click here to view.(7.0M, pdf)"]}
{"par_id": 74047, "sentences": ["We thank Shirley Smith for editing the manuscript.", "We thank the members of the Kipnis lab as well as the members of the University of Virginia Neuroscience Department for their valuable comments during multiple discussions of this work.", "We also thank Dr. Sanford Feldman for retro-orbital injection of neonatal mice, Dr. Igor Smirnov for tail vein injections, and Bonnie Tomlin and Jeff Jones for their excellent animal care.", "N. C. D. is a recipient of a Hartwell Foundation post-doctoral fellowship.", "This work was primarily supported by a grant from the Rett Syndrome Research Trust (award to J. K.) and in part by HD056293 and AG034113 (award to J. K)."]}
{"par_id": 74048, "sentences": ["Author contributions:"]}
{"par_id": 74049, "sentences": ["N.C.D. \u2013 performed the majority of the experiments, analyzed the data and prepared it for presentation, contributed to experimental design and manuscript writing; J.C.C. \u2013 performed the experiments with phagocytic activity of microglia in vivo and assisted with additional immunohistochemistry experiments along with data analysis and presentation, contributed to experimental design and to manuscript editing; Z.L. \u2013 assisted with in vitro phagocytic activity experiments; E.X. \u2013 assisted with animal behavior scoring; S.B.G.A. \u2013 assisted with plethysmography experiments and data analysis; P.G.G. \u2013 assisted with plethysmography experimental design, data analysis and presentation of plethysmography-related data, contributed to manuscript editing; J.K. \u2013 designed the study, assisted with data analysis and presentation, wrote the manuscript."]}
{"par_id": 74050, "sentences": ["Author Information:"]}
{"par_id": 74051, "sentences": ["Reprints and permissions information is available at www.nature.com/reprints.", "The authors declare no competing financial interests.", "Readers are welcome to comment on the online version of this article at www.nature.com/nature."]}
{"par_id": 74052, "sentences": ["Supplementary Information is linked to the online version of the paper at www.nature.com/nature."]}
