{"par_id": 82000, "sentences": ["Benefits of Modest Weight Loss in Improving Cardiovascular Risk Factors in Overweight and Obese Individuals With Type 2 Diabetes"]}
{"par_id": 82001, "sentences": ["### OBJECTIVE"]}
{"par_id": 82002, "sentences": ["Overweight and obese individuals are encouraged to lose 5\u201310% of their body weight to improve cardiovascular disease (CVD) risk, but data supporting this recommendation are limited, particularly for individuals with type 2 diabetes."]}
{"par_id": 82003, "sentences": ["### RESEARCH DESIGN AND METHODS"]}
{"par_id": 82004, "sentences": ["We conducted an observational analysis of participants in the Look AHEAD (Action For Health in Diabetes) study (n = 5,145, 40.5% male, 37% from ethnic/racial minorities) and examined the association between the magnitude of weight loss and changes in CVD risk factors at 1 year and the odds of meeting predefined criteria for clinically significant improvements in risk factors in individuals with type 2 diabetes."]}
{"par_id": 82005, "sentences": ["The magnitude of weight loss at 1 year was strongly (P < 0.0001) associated with improvements in glycemia, blood pressure, tryiglycerides, and HDL cholesterol but not with LDL cholesterol (P = 0.79).", "Compared with weight- stable participants, those who lost 5 to <10% ([means \u00b1 SD] 7.25 \u00b1 2.1 kg) of their body weight had increased odds of achieving a 0.5% point reduction in HbA1c (odds ratio 3.52 [95% CI 2.81\u20134.40]), a 5-mmHg decrease in diastolic blood pressure (1.48 [1.20\u20131.82]), a 5-mmHg decrease in systolic blood pressure (1.56 [1.27\u20131.91]), a 5 mg/dL increase in HDL cholesterol (1.69 [1.37\u20132.07]), and a 40 mg/dL decrease in triglycerides (2.20 [1.71\u20132.83]).", "The odds of clinically significant improvements in most risk factors were even greater in those who lost 10\u201315% of their body weight."]}
{"par_id": 82006, "sentences": ["Modest weight losses of 5 to <10% were associated with significant improvements in CVD risk factors at 1 year, but larger weight losses had greater benefits."]}
{"par_id": 82007, "sentences": ["##"]}
{"par_id": 82008, "sentences": ["Overweight and obese individuals are frequently encouraged to lose 5\u201310% of their weight and are told that weight losses of that magnitude will help improve their cardiovascular disease (CVD) risk factors.", "For example, the Centers for Disease Control and Prevention website (www.cdc.gov/healthyweight/losing_weight/index.html) states, \u201cThe good news is that no matter what your weight loss goal is, even a modest weight loss, such as 5 to 10% of your total body weight, is likely to produce health benefits, such as improvements in blood pressure, blood cholesterol, and blood sugars.\u201d", "The benefits of modest weight loss also are noted by the Surgeon General (www.surgeongeneral.gov/), the Institutes of Medicine (1), and the National Institutes of Health (e.g., www.nhlbi.nih.gov/ and www2.niddk.nih.gov/), with citations to a variety of reviews of the literature (2\u20134) and meta-analyses (5).", "For example, the statement from the Centers for Disease Control and Prevention website cites a review by Blackburn (6) for the benefits of 5% weight loss and the National Heart, Lung, and Blood Institute Clinical Guidelines (7) as the reference for the benefit of a 10% weight loss.", "However, the studies included in these reviews often had limited sample sizes, focused on nondiabetic individuals, and typically presented only average weight loss and the average reduction in risk factors, which did not allow a careful analysis of the association between specific magnitudes of weight loss and consequent improvements in CVD risk factors."]}
{"par_id": 82009, "sentences": ["Look AHEAD (Action for Health in Diabetes) provides a unique opportunity to carefully assess the effects of modest weight loss on CVD risk factors in individuals with type 2 diabetes, a population at high risk for CVD.", "Look AHEAD is a multicenter, randomized clinical trial examining the long-term effects of lifestyle interventions on cardiovascular morbidity and mortality in 5,145 overweight or obese participants with type 2 diabetes who were randomly assigned to intensive lifestyle intervention (ILI) or to usual care, referred to as diabetes support and education (DSE) (8,9).", "Differences between ILI and DSE at 1 year have been reported previously (9).", "In this article, we examine the associations between the magnitude of weight loss and the degree of improvement in glycemic control, blood pressure, and lipid levels at 1 year in the full cohort.", "We also determine the average risk factor change and the odds of meeting predefined criteria for clinically significant improvement in risk factors that are associated with specific categories of weight change.", "These analyses provide important data to address the recommendations regarding modest weight loss."]}
{"par_id": 82010, "sentences": ["## RESEARCH DESIGN AND METHODS"]}
{"par_id": 82011, "sentences": ["Look AHEAD participants were recruited at 16 sites throughout the U.S. The goal was to recruit approximately equal numbers of men and women and at least 33% from racial and ethnic minorities (8).", "Primary eligibility criteria included being aged 45\u201376 years (later increased to age 55\u201376 years); having a BMI \u226525 kg/m2 (\u226527 kg/m2 if treated with insulin), systolic and diastolic blood pressure (SBP and DBP) <160/100 mmHg (with or without antihypertensive drugs), and triglycerides <600 mg/dL (with or without drugs for dyslipidemia); and successful completion of a valid maximal-graded exercise test.", "A detailed flowchart of the number of subjects screened and reasons for ineligibility has been published previously (9).", "All participants signed consent forms that were approved by their local institutional review boards."]}
{"par_id": 82012, "sentences": ["### Interventions"]}
{"par_id": 82013, "sentences": ["Participants were randomly assigned by clinic to either the ILI or DSE groups.", "The interventions have been described in detail (10).", "Participants in the ILI group had the goal of losing 10% of their body weight, to be accomplished by decreasing caloric intake and increasing physical activity.", "The ILI group was seen weekly for 6 months and then three times per month during months 7\u201312 and was provided with a structured behavioral weight-control intervention.", "ILI group participants were prescribed a calorie goal of 1,200\u20131,800 kcal/day depending on initial body weight, with 30% of kcal from fat, and the use of meal-replacement products.", "Physical activity was gradually increased to a goal of 175 min/week of moderate-intensity activities.", "The DSE group attended three meetings over the year and focused on diet, activity, and social support."]}
{"par_id": 82014, "sentences": ["### Assessments"]}
{"par_id": 82015, "sentences": ["Participants were assessed at baseline and 1 year by certified staff members who were blinded to the intervention assignments.", "Weight and height were measured in duplicate using a digital scale and stadiometer.", "Seated blood pressure was measured in duplicate after a 5-min rest using an automated device.", "Blood samples were obtained after a fast of at least 12 h and analyzed by the central biochemistry laboratory (Northwest Lipid Research Laboratories, University of Washington, Seattle, WA) using standardized laboratory procedures for measuring HbA1c, total cholesterol, HDL cholesterol, and triglycerides.", "LDL cholesterol was estimated using the Friedewald Equation (11)."]}
{"par_id": 82016, "sentences": ["Medication use was determined by having participants bring all prescription medicines to the annual visit.", "Changes in medications during the trial were made by the participant\u2019s own physician, except for temporary changes in glycemic medication during periods of intensive weight loss, which were made by Look AHEAD physicians, following a standardized algorithm."]}
{"par_id": 82017, "sentences": ["### Statistical analyses"]}
{"par_id": 82018, "sentences": ["Analyses were performed using SAS version 9.2 (SAS, Cary, NC).", "The type I error rate was fixed at 0.05.", "Normality of the outcome variables (i.e., changes in CVD risk factors) was examined before the fit of multiple linear regression models.", "Spearman correlation coefficients were used to assess the bivariate associations between weight loss and change in CVD risk factors, both overall and stratified by subgroups defined by sex, intervention group assignment, and medication use."]}
{"par_id": 82019, "sentences": ["The primary analyses in this article examined the relationships between categories of weight loss and changes in CVD risk factors.", "Participants were divided into the following categories based on their weight changes from baseline to 1 year: gained >2%; remained weight stable (\u00b12%); lost \u22652 to <5%; lost \u22655 to <10%; lost \u226510 to <15%; or lost \u226515%.", "These categories were selected to allow us to examine the clinical recommendation to lose 5\u201310% of body weight, to isolate those who had gained weight from a weight-stable reference group, and to determine whether weight changes of >10% had even greater benefits.", "Participants from both the ILI and DSE groups were pooled for these analyses, with covariate adjustment for the main effect of intervention group assignment.", "All analyses also adjusted for age, sex, baseline level of the outcome variables, baseline weight, and race/ethnicity.", "Separate linear regression models were fit for changes in SBP, DBP, glucose, HbA1c, HDL and LDL cholesterol, and triglycerides.", "Log transformation was applied to triglyceride measures, with change scores calculated on the log scale.", "Because results were similar to those analyzed on the original scale, we presented results for change in triglycerides without the log transformation.", "In initial analyses we examined the interaction effects between intervention group assignment, sex, age, baseline weight, race/ethnicity, and weight loss in association with CVD risk factor changes.", "Least square means were plotted to illustrate significant interaction effects.", "Although some significant interaction effects were detected, in all cases the direction and strength of the associations remained consistent across subgroups, and thus we focused primarily on the associations for the full sample (i.e., interaction effects were not included in the final multiple linear regression models)."]}
{"par_id": 82020, "sentences": ["Separate logistic regression models were fit to examine the effect of weight loss on the odds of meeting predefined criteria indicating clinical meaningful improvement in CVD risk factors, defined as follows: 5 mmHg decrease in SBP or DBP; a 20 mg/dL decrease in fasting glucose; a 0.5% point decrease in HbA1c; a 5 mg/dL increase in HDL cholesterol; a 10 mg/dL decrease in LDL cholesterol; and a 40 mg/dL decrease in triglycerides.", "Estimates of odds ratios in reference to the weight-stable group were presented along with 95% CIs."]}
{"par_id": 82021, "sentences": ["### Changes in weight and CVD risk"]}
{"par_id": 82022, "sentences": ["Table 1 presents the baseline characteristics of 5,145 participants in Look AHEAD.", "Approximately 60% of the participants were women, and 37% were from ethnic or racial minority groups.", "Participants were an average age of 58.7 \u00b1 6.8 years and weighed 100.7 \u00b1 19.3 kg at study entry."]}
{"par_id": 82023, "sentences": ["Baseline characteristics by weight change category"]}
{"par_id": 82024, "sentences": ["| Total sample| Gained >2%"]}
{"par_id": 82025, "sentences": ["* * *"]}
{"par_id": 82026, "sentences": ["| Stable Gained \u22642 or lost <2%| Lost \u22652 to <5%| Lost \u22655 to <10%| Lost \u226510 to <15%| Lost \u226515%| P"]}
{"par_id": 82027, "sentences": ["* * *      ---|---|---|---|---|---|---|---|---   n| 5,145| 683| 1,289| 914| 1,000| 601| 412   ILI group| 50.1 (2,570)| 12.6 (86)| 21.2 (273)| 47.4 (433)| 74.9 (749)| 90.9 (546)| 94.2 (388)| <0.0001*   Male| 40.5 (2,082)| 35.9 (245)| 43.0 (554)| 39.2 (358)| 38.7 (387)| 41.4 (249)| 47.6 (196)| 0.0311*   Ethnicity| | | | | | | | 0.1106*   African American| 15.6 (804)| 15.7 (107)| 17.1 (220)| 17.8 (163)| 17.2 (172)| 11.8 (71)| 7.0 (29)|   American Indian| 5.0 (258)| 6.3 (43)| 6.6 (85)| 6.0 (55)| 5.1 (51)| 3.0 (18)| 0.2 (1)   Hispanic| 13.2 (680)| 13.9 (95)| 11.4 (147)| 14.9 (136)| 12.2 (122)| 15.2 (91)| 9.2 (38)   White| 63.2 (3,253)| 60.3 (412)| 61.8 (797)| 58.1 (531)| 62.7 (627)| 67.7 (406)| 81.6 (336)   Asian/Pacific Islander/other/mixed| 2.9 (149)| 3.8 (26)| 3.1 (40)| 3.2 (29)| 2.8 (28)| 2.3 (14)| 1.9 (8)   Age| 58.7 \u00b1 6.8| 57.9 \u00b1 6.9| 58.6 \u00b1 6.9| 58.9 \u00b1 6.7| 58.7 \u00b1 6.8| 59.6 \u00b1 7.0| 58.8 \u00b1 6.7| 0.0009\u2020   Height (cm)| 167.2 \u00b1 9.7| 166.1 \u00b1 9.7| 167.9 \u00b1 9.9| 167.0 \u00b1 9.8| 167.0 \u00b1 9.5| 167.1 \u00b1 9.8| 168.7 \u00b1 9.7| 0.0001\u2020   Baseline BMI (kg/m2)| 36.0 \u00b1 5.9| 36.3 \u00b1 5.8| 35.8 \u00b1 5.9| 35.8 \u00b1 6.0| 35.8 \u00b1 6.1| 35.7 \u00b1 5.9| 36.7 \u00b1 5.6| 0.0028\u2020   Baseline weight (kg)| 100.7 \u00b1 19.3| 100.1 \u00b1 18.1| 101.0 \u00b1 19.0| 100.1 \u00b1 19.5| 100.2 \u00b1 20.3| 99.8 \u00b1 18.7| 104.7 \u00b1 19.1| <0.0001\u2020"]}
{"par_id": 82028, "sentences": ["Data are % (n) or means \u00b1 SD."]}
{"par_id": 82029, "sentences": ["*P value for the Mantel-Haenszel \u03c72 test for trend."]}
{"par_id": 82030, "sentences": ["\u2020P value for the Kruskal-Wallis test."]}
{"par_id": 82031, "sentences": ["Table 2 indicates the sample size available for each measure at baseline and 1 year, the baseline level of the risk factors, and the mean changes in weight and CVD risk factors at 1 year.", "In addition, Table 2 shows the magnitude of the association between weight loss and changes in risk factors.", "Weight changes were significantly correlated with changes in glycemic control, blood pressure, HDL cholesterol, and triglycerides; the greater the weight change, the greater the improvements in each risk factor in the full cohort and within the ILI and DSE group separately.", "Weight loss was not associated with improvements in LDL cholesterol.", "When the analysis was restricted to those not on lipid medications, the correlation between weight loss and change in LDL cholesterol was significant but weak (r = 0.06, P = 0.01)."]}
{"par_id": 82032, "sentences": ["Changes in CVD risk factors and association with percentage weight change for the Look AHEAD cohort"]}
{"par_id": 82033, "sentences": ["| Baseline"]}
{"par_id": 82034, "sentences": ["* * *"]}
{"par_id": 82035, "sentences": ["| Change from baseline to year 1"]}
{"par_id": 82036, "sentences": ["* * *"]}
{"par_id": 82037, "sentences": ["| Spearman correlation of association with percentage weight loss"]}
{"par_id": 82038, "sentences": ["* * *      ---|---|---|---   n| Mean \u00b1 SD| n| Mean \u00b1 SD| Total cohort| ILI subjects| DSE subjects   Weight (kg)| 5,145| 100.71 \u00b1 19.26| 4,899| \u22124.77 \u00b1 7.57*| | |   SBP (mmHg)| 5,082| 128.84 \u00b1 17.17| 4,837| \u22124.76 \u00b1 17.05*| 0.20*| 0.19*| 0.14*   DBP (mmHg)| 5,082| 70.15 \u00b1 9.57| 4,837| \u22122.40 \u00b1 8.62*| 0.12*| 0.13*| 0.08*   Glucose| 4,999| 153.19 \u00b1 45.66| 4,603| \u221214.32 \u00b1 46.08*| 0.27*| 0.21*| 0.14*   HbA1c (%)| 4,999| 7.28 \u00b1 1.17| 4,606| \u22120.39 \u00b1 1.02*| 0.34*| 0.24*| 0.16*   HDL cholesterol (mg/dL)| 4,999| 43.48 \u00b1 11.83| 4,603| 2.39 \u00b1 6.97*| \u22120.23*| \u22120.26*| \u22120.08*   LDL cholesterol (mg/dL)| 4,998| 112.31 \u00b1 32.24| 4,602| \u22125.47 \u00b1 28.63*| \u22120.004| 0.0008| \u22120.02   Trigylcerides (mg/dL)\u2020| 4,999| 153 (108\u2013219)| 4,603| \u221212.0 (\u221252 to 21)*| 0.26*| 0.31*| 0.16*"]}
{"par_id": 82039, "sentences": ["*P < 0.0001."]}
{"par_id": 82040, "sentences": ["\u2020For change in triglycerides, data are median (interquartile range).", "The signed-rank test was used to test whether the change from baseline to year 1 was different from 0."]}
{"par_id": 82041, "sentences": ["### Categorical changes in weight"]}
{"par_id": 82042, "sentences": ["To better describe the associations between weight change and improvements in CVD risk factors, Look AHEAD participants were categorized by their percent weight changes over the first year.", "Table 1 shows the number of participants who gained >2% over this interval; remained weight stable (\u00b12%); or lost \u22652 to <5%, \u22655 to <10%, \u226510 to <15%, or \u226515%.", "The average weight changes (means \u00b1 SD) were +4.73 \u00b1 3.0 kg for weight gain; \u22120.11 \u00b1 1.16 kg for remaining weight stable; and \u22123.48 \u00b1 1.11, \u22127.25 \u00b1 2.07, \u221212.13 \u00b1 2.83, and \u221221.25 \u00b1 7.05 kg for each increasing weight loss category, respectively.", "Because ILI participants had a weight loss (means \u00b1 SD) of 8.7 \u00b1 7.6 kg compared with 0.8 \u00b1 5.0 kg in the DSE group (P < 0.0001), it was expected that participants in the ILI group would be overrepresented in the higher weight change categories.", "The weight change categories also differed in their demographic characteristics (Table 1) and in the percentage from each category who stopped or started medications (see the Supplementary Materials)."]}
{"par_id": 82043, "sentences": ["Figure 1 shows the least square mean changes for each of the risk factors across the six weight change categories, adjusted for age, sex, race, treatment group assignment, baseline weight, and baseline level of the risk factor.", "A strong graded association was seen for changes in glucose, HbA1c, SBP, DBP, triglycerides, and HDL cholesterol (all P values <0.0001).", "Each higher category of weight loss was associated with greater improvements in the risk factor.", "In contrast, the magnitude of improvement in LDL cholesterol did not differ across the weight categories, even in those not using lipid- lowering medications at baseline and 1 year.", "There were no significant interactions between baseline weight and weight change categories, except for HDL categories (P < 0.0002), for which the slope of the association between weight change category and change in HDL cholesterol was steepest in those who weighed least at baseline."]}
{"par_id": 82044, "sentences": ["Figure 1"]}
{"par_id": 82045, "sentences": ["Change in risk factors by weight loss categories for the Look AHEAD cohort.", "Data in all figures are presented as least square means and 95% CIs adjusted for clinical sites, age, sex, race/ethnicity, baseline weight, baseline measurement of the outcome variable, and treatment group assignment."]}
{"par_id": 82046, "sentences": ["### Clinically significant improvements in CVD risk"]}
{"par_id": 82047, "sentences": ["The odds of having a clinically meaningful improvement in risk factors also were strongly related to the magnitude of weight loss achieved (Table 3).", "Compared with those who remained weight stable, no differences were observed for those who gained weight.", "However, those who lost 2\u20135% of their body weight had increased odds of having significant improvements in SBP (odds ratio 1.24 [95% CI 1.02\u20131.50]), glucose (1.75 [1.40\u20132.19]), HbA1c (1.80 [1.44\u20132.24]), and triglycerides (1.46 [1.14\u20131.87]), and those who lost 5 to <10% of their body weight had increased odds of significant improvement in all risk factors.", "Results remained similar after adjusting for starting or stopping medications.", "The odds of clinically significant improvements in risk factors were increased further with greater weight losses, such that those who lost 5\u201310% had greater odds of improvements than those who lost 2\u20135%, and those who lost 10\u201315% had greater odds of improvement than those who lost 5\u201310% (see the Supplemental Materials)."]}
{"par_id": 82048, "sentences": ["Odds ratio (95% CI) for the percentage of Look AHEAD cohort achieving clinically meaningful changes in CVD risk factors"]}
{"par_id": 82049, "sentences": ["Clinical criteria| Gained >2%| Stable Gained \u22642 or lost <2%| Lost \u22652 to <5%| Lost \u22655 to <10%| Lost \u226510 to <15%| Lost \u226515%   ---|---|---|---|---|---|---   5 mmHg decrease in SBP| 0.86 (0.70\u20131.06)| 1.0| 1.24 (1.02\u20131.50)| 1.56 (1.27\u20131.91)| 2.29 (1.79\u20132.93)| 2.65 (2.00\u20133.50)   5 mmHg decrease in DBP| 1.03 (0.83\u20131.28)| 1.0| 1.05 (0.86\u20131.28)| 1.48 (1.20\u20131.82)| 1.60 (1.25\u20132.06)| 2.39 (1.81\u20133.16)   20 mg/dL decrease in glucose| 1.13 (0.87\u20131.46)| 1.0| 1.75 (1.40\u20132.19)| 3.24 (2.57\u20134.09)| 4.07 (3.09\u20135.36)| 7.92 (5.78\u201310.85)   0.05% decrease in HbA1c| 1.17 (0.91\u20131.50)| 1.0| 1.80 (1.44\u20132.24)| 3.52 (2.81\u20134.40)| 5.44 (4.15\u20137.13)| 10.02 (7.31\u201313.73)   5 mg/dL increase in HDL| 0.88 (0.71\u20131.11)| 1.0| 1.13 (0.93\u20131.39)| 1.69 (1.37\u20132.07)| 2.30 (1.80\u20132.93)| 4.34 (3.30\u20135.72)   5 mg/dL increase in HDL (not on medications)| 0.79 (0.54\u20131.15)| 1.0| 0.99 (0.71\u20131.39)| 1.52 (1.08\u20132.15)| 2.54 (1.68\u20133.82)| 5.27 (3.36\u20138.27)   10 mg/dL decrease in LDL| 1.17 (0.95\u20131.45)| 1.0| 1.05 (0.86\u20131.29)| 1.34 (1.09\u20131.64)| 1.26 (0.98\u20131.62)| 1.34 (1.02\u20131.78)   10 mg/dL decrease in LDL (not on medications)| 1.39 (0.97\u20131.99)| 1.0| 0.97 (0.69\u20131.36)| 1.41 (1.00\u20132.00)| 1.28 (0.83\u20131.96)| 1.52 (0.96\u20132.41)   40 mg/dL decrease in triglycerides| 0.80 (0.60\u20131.06)| 1.0| 1.46 (1.14\u20131.87)| 2.20 (1.71\u20132.83)| 3.99 (2.97\u20135.35)| 7.18 (5.19\u20139.93)"]}
{"par_id": 82050, "sentences": ["Significant odds ratios are shown in boldface."]}
{"par_id": 82051, "sentences": ["These results provide empirical support for the assertion that modest weight losses of 5\u201310% of initial weight are sufficient to produce significant, clinically relevant improvements in CVD risk factors in overweight and obese patients with type 2 diabetes.", "However, greater weight losses were associated with greater improvements in risk factors.", "The magnitude of weight loss at 1 year was highly related to the improvements in blood pressure, glycemic control, and lipids, with the notable exception of LDL cholesterol."]}
{"par_id": 82052, "sentences": ["Despite the fact that the ILI and the DSE groups differed greatly in their average weight losses, positive associations were seen between weight change and improvements in risk factors within each group separately.", "This finding suggests that the degree of association between weight change and improved risk factors is relatively constant across a wide range of weight losses.", "There also was no evidence that a patient\u2019s weight at baseline affected the amount of improvement that occurred with a given percentage change in body weight, except for HDL cholesterol, for which the magnitude of weight loss had the greatest effect in the least overweight participants."]}
{"par_id": 82053, "sentences": ["The strongest associations between changes in weight and risk factors were seen for measures of glycemic control, and clinically significant improvements were observed with just a 2 to <5% reduction in initial weight.", "This finding confirms a large number of previous studies indicating that modest weight losses markedly improve glycemic control (12).", "The fact that all participants in this study had type 2 diabetes, whereas only some had hypertension or hyperlipidemia, may be related to this finding.", "On the other hand, the fact that caloric restriction, independent of weight loss, improves glycemic control (13,14) may suggest a heightened responsiveness of this risk factor to caloric imbalance and weight changes."]}
{"par_id": 82054, "sentences": ["In contrast, we observed weaker associations between weight loss and LDL cholesterol changes, even among participants not using lipid medications at either baseline or 1 year.", "Moreover, although the odds of achieving a 10 mg/dL improvement in LDL cholesterol were significantly increased by a 5\u201310% weight loss relative to remaining weight stable, the effects were not consistent across greater weight loss categories, and even weight losses of \u226515% of body weight had modest effects on LDL cholesterol.", "Although a meta-analysis (15) of studies assessing the effect of weight loss on lipids over at least a 2-year follow-up concluded that there was a positive linear relationship between weight loss and improvements in both total and LDL cholesterol, some studies (14,16,17) have not confirmed this.", "Wadden et al. (16) reported marked improvements in LDL cholesterol during a period of caloric restriction, but these improvements were not maintained when calorie intake was increased, even though weight losses were maintained.", "Likewise, in the Swedish Obese Subjects Study (17), mean weight losses of 20 kg at 2 years achieved through gastric bypass surgery were associated with nonsignificant reductions in LDL cholesterol; weight losses of \u226530 kg appeared necessary to produce significant reductions in LDL cholesterol.", "A better understanding of the factors that influence changes in LDL cholesterol, including weight loss, per se, caloric restriction, and dietary fat intake, is clearly needed."]}
{"par_id": 82055, "sentences": ["Previous studies, mostly with nondiabetic participants, and meta-analyses have shown that weight loss is associated with improvements in other CVD risk factors (2,7), including blood pressure (18), triglycerides (19), and HDL cholesterol (20).", "The association is typically greater at 1 year than at later time points, as a result in part of weight regain (21).", "Thus, an important issue is not only whether larger weight losses produce greater improvements in CVD risk factors but also whether larger weight losses are more or less well retained (22).", "In addition, the effects of weight loss on CVD risk factors seem greater initially, even if weight losses are maintained (16,23,24).", "For example, in the Swedish Obese Subjects Study (17), gastric bypass surgery produced large long-term weight losses, but improvements in blood pressure seen at 1 year were no longer significant at year 10 (24)."]}
{"par_id": 82056, "sentences": ["In interpreting our findings, several important limitations need to be considered.", "First, these analyses examined the impact of weight loss, but change in physical activity may have been an important independent determinant of weight loss and/or changes in risk factors.", "We focused on the weight changes, per se, in keeping with our goal of addressing the clinical recommendations related to weight loss.", "Second, participants were not randomly assigned to different weight loss categories; our analyses controlled for a number of variables, including treatment group, sex, age, and race/ethnicity, but other variables may have affected success at weight loss and/or changes in risk factors.", "In addition, our analyses examined effects at 1 year only and did not consider recent changes in weight or the longer-term effects.", "Findings for individuals with type 2 diabetes also may not generalize to those who do not have diabetes.", "Look AHEAD is continuing to follow its participants over time and, thus, will be able to determine the longer-term impact of modest weight losses on risk factors and whether these modest weight losses ultimately affect cardiovascular morbidity and mortality."]}
{"par_id": 82057, "sentences": ["In conclusion, Look AHEAD provides empirical support for the benefits of modest weight losses at 1 year.", "However, greater improvement in risk factors occurred with greater weight losses.", "Because weight losses of just 5 to <10% of initial body weight significantly increased the odds of achieving clinically meaningful changes in glycemic control, blood pressure, HDL cholesterol, and triglycerides at 1 year, emphasizing modest weight losses seems to be an appropriate clinical message for overweight and obese patients with type 2 diabetes."]}
{"par_id": 82058, "sentences": ["Supplementary Data:"]}
{"par_id": 82059, "sentences": ["Click here to view."]}
{"par_id": 82060, "sentences": ["This trial was funded by the National Institute of Diabetes and Digestive and Kidney Diseases, with cofunding from other institutes at NIH and from CDC; all institutions were involved in design, conduct, and reporting of results."]}
{"par_id": 82061, "sentences": ["No potential conflicts of interest relevant to this article were reported."]}
{"par_id": 82062, "sentences": ["R.R.W. researched data and wrote the manuscript.", "W.L. completed all data analysis.", "T.A.W., M.S., W.C.K., A.G.B., J.O.H., F.L.B., and A.P. researched data, contributed to discussion, and reviewed and edited the manuscript.", "L.W. coordinated data collection and analysis, contributed to discussion, and reviewed and edited the manuscript."]}
{"par_id": 82063, "sentences": ["Clinical trial reg.", "no. NCT00017953, clinicaltrials.gov."]}
{"par_id": 82064, "sentences": ["This article contains Supplementary Data online at http://care.diabetesjournals.org/lookup/suppl/doi:10.2337/dc10-2415/-/DC1."]}
{"par_id": 82065, "sentences": ["*A complete list of the Look AHEAD Research Group can be found in the Supplementary Data."]}
