{"par_id": 90000, "sentences": ["The Prevalence of Meeting A1C, Blood Pressure, and LDL Goals Among People With Diabetes, 1988\u20132010"]}
{"par_id": 90001, "sentences": ["### OBJECTIVE"]}
{"par_id": 90002, "sentences": ["To determine the prevalence of people with diabetes who meet hemoglobin A1c (A1C), blood pressure (BP), and LDL cholesterol (ABC) recommendations and their current statin use, factors associated with goal achievement, and changes in the proportion achieving goals between 1988 and 2010."]}
{"par_id": 90003, "sentences": ["### RESEARCH DESIGN AND METHODS"]}
{"par_id": 90004, "sentences": ["Data were cross-sectional from the National Health and Nutrition Examination Surveys (NHANES) from 1988\u20131994, 1999\u20132002, 2003\u20132006, and 2007\u20132010.", "Participants were 4,926 adults aged \u226520 years who self-reported a previous diagnosis of diabetes and completed the household interview and physical examination (n = 1,558 for valid LDL levels).", "Main outcome measures were A1C, BP, and LDL cholesterol, in accordance with the American Diabetes Association recommendations, and current use of statins."]}
{"par_id": 90005, "sentences": ["In 2007\u20132010, 52.5% of people with diabetes achieved A1C <7.0% (<53 mmol/mol), 51.1% achieved BP <130/80 mmHg, 56.2% achieved LDL <100 mg/dL, and 18.8% achieved all three ABCs.", "These levels of control were significant improvements from 1988 to 1994 (all P < 0.05).", "Statin use significantly increased between 1988\u20131994 (4.2%) and 2007\u20132010 (51.4%, P < 0.01).", "Compared with non-Hispanic whites, Mexican Americans were less likely to meet A1C and LDL goals (P < 0.03), and non-Hispanic blacks were less likely to meet BP and LDL goals (P < 0.02).", "Compared with non-Hispanic blacks, Mexican Americans were less likely to meet A1C goals (P < 0.01).", "Younger individuals were less likely to meet A1C and LDL goals."]}
{"par_id": 90006, "sentences": ["Despite significant improvement during the past decade, achieving the ABC goals remains suboptimal among adults with diabetes, particularly in some minority groups.", "Substantial opportunity exists to further improve diabetes control and, thus, to reduce diabetes-related morbidity and mortality."]}
{"par_id": 90007, "sentences": ["##"]}
{"par_id": 90008, "sentences": ["During the past 2 decades, the prevalence of diagnosed diabetes in the U.S. has more than doubled, from 3.8% in 1988 to 8.7% in 2010 (1), foreboding future growth in premature death, morbidity, and economic costs, largely associated with its complications (1,2).", "However, that a reduction in hemoglobin A1c (A1C) and blood pressure (BP) levels significantly reduces microvascular complications has been well established (2).", "In addition, BP and lipid control substantially reduce cardiovascular disease (CVD), the major cause of death for individuals with diabetes (2).", "On the basis of this research, the American Diabetes Association (ADA) recommends that most adults with diabetes achieve an A1C <7.0% (<53 mmol/mol), BP <130/80 mmHg, and LDL cholesterol <100 mg/dL (ABCs) (3).", "The ADA also recommends statin therapy for diabetic individuals with overt CVD, for those aged >40 years with one or more other CVD risk factors, and for lower-risk patients if LDL remains >100 mg/dL."]}
{"par_id": 90009, "sentences": ["The National Diabetes Education Program (NDEP) was initiated in 1997 to disseminate evidence-based information on diabetes management, including the importance of meeting the ABC goals (4).", "Although the percentage of people with diabetes who achieve the ABC goals has increased since NDEP was initiated, the most recent estimates indicate that control remains suboptimal.", "National Health and Nutrition Examination Survey (NHANES) data indicate that the prevalence of achieving an A1C <7.0% (<53 mmol/mol) increased from 44% in 1988\u20131994 to 57% in 2003\u20132006; achieving a BP <130/80 mmHg increased from 29 to 46% during the same interval (5,6).", "In addition, LDL cholesterol improved: in 1999\u20132002, 36% had LDL <100 mg/dL compared with 46% in 2003\u20132006.", "Only 7% of people with diabetes in 1999\u20132002 and 12% in 2003\u20132006 met all three ABC goals (5).", "Evidence for the value of LDL cholesterol control comes from trials of statin therapy, and, importantly, the use of statins increased over the last decade (7).", "Knowledge of current estimates and trends in achieving the ABCs and the use of statin medication is important for health care providers and public health officials."]}
{"par_id": 90010, "sentences": ["This study updates national estimates on the percentage of people with diabetes who meet ABC goals and assesses changes over time in achievement from 1988 to 2010 using national data from the NHANES."]}
{"par_id": 90011, "sentences": ["## RESEARCH DESIGN AND METHODS"]}
{"par_id": 90012, "sentences": ["The NHANES is a stratified, multistage, probability cluster survey conducted in the noninstitutionalized U.S. population (8).", "Participants are interviewed in their home for basic demographic and health information.", "After the in-home interview, participants are scheduled to visit a mobile examination center (MEC) to complete physical examinations and laboratory measures (9,10).", "Between 1988 and 2010, the response rates for the interview ranged from 78.4 to 86.0%; for the examination, response rates ranged from 75.4 to 80.0%."]}
{"par_id": 90013, "sentences": ["### Study participants"]}
{"par_id": 90014, "sentences": ["Participants were adults aged \u226520 years who answered \u201cyes\u201d when asked whether a physician or other health care professional ever told them that they had diabetes, comprising 1,497 in NHANES III (1988\u20131994), 961 in NHANES 1999\u20132002, 1,021 in NHANES 2003\u20132006, and 1,447 in NHANES 2007\u20132010.", "Women who reported a diagnosis of diabetes only during pregnancy were not included.", "Participants self-reported demographic characteristics, time since the diagnosis of diabetes, glycemic medication, and presence of retinopathy.", "History of CVD was self-reported and included congestive heart failure, coronary heart disease, angina, or heart attack in NHANES 1999\u20132010 and congestive heart failure or heart attack in NHANES III.", "Current antihypertensive and lipid medication use was reported among individuals who had been told by a physician to take medication.", "Participants were asked to report prescription medications they had taken in the past 30 days and to bring medication bottles to the examination, where the information was documented.", "In NHANES 2007\u20132010, 15.0% of adults with diabetes reported no current use of lipid medication but were documented as taking statins."]}
{"par_id": 90015, "sentences": ["### Clinical measures"]}
{"par_id": 90016, "sentences": ["Target goals for A1C, BP, and LDL measures were based on the ADA\u2019s Standards of Medical Care for most people with diabetes, including A1C <7.0% (<53 mmol/mol), BP <130/80 mmHg, and LDL <100 mg/dL (3).", "In addition, less stringent cut points were assessed, as recommended by the ADA (A1C <8.0% [<64 mmol/mol], BP <140/90 mmHg).", "A1C was standardized to the Diabetes Complications and Control Trial method (9).", "BP was measured using a standardized mercury sphygmomanometer after the participant rested quietly for 5 minutes (9).", "Up to four readings were taken and were averaged, excluding the first measure (9).", "Total cholesterol, HDL, and triglycerides were directly measured (10).", "LDL levels were calculated for people who had fasted properly (\u22658 to <24 h) using the following formula: [LDL cholesterol = (total cholesterol) \u2013 (HDL cholesterol) \u2013 (triglycerides/5)].", "About half of the study population was assigned to the morning MEC session and was instructed to fast (valid LDL in our sample: 1999\u20132002, n = 245; 2003\u20132006, n = 355; 2007\u20132010, n = 573).", "In NHANES 1988\u20131994, individuals taking insulin were not instructed to fast and were excluded if the fasting criteria were not met (valid LDL in our sample: n = 385).", "Estimates for the prevalence of achieving all three goals were based on the fasting sample.", "The Chronic Kidney Disease Epidemiology Collaboration equation was used to estimate glomerular filtration rate (eGFR) from serum creatinine based on age, sex, and race (11); serum creatinine was calibrated across study years to reflect changes in assay methods (12)."]}
{"par_id": 90017, "sentences": ["### Statistical analysis"]}
{"par_id": 90018, "sentences": ["To compare study characteristics and the proportion who met ABC goals, results were age and sex standardized to the 2007\u20132010 NHANES population with diabetes using the age categories of 20\u201339 (7.9%), 40\u201359 (38.3%), and \u226560 (53.8%) years.", "The proportion of participants who met the ABC target goals and the use of statin medication was determined by demographic characteristics and diabetes-related factors.", "Changes over time were tested for statistical significance using two-sided t tests (P \u2264 0.05, compared with the most recent study years of 2007\u20132010).", "No adjustment was made for multiple comparisons.", "All statistical analyses used sample weights (adjusted for nonresponse and noncoverage) and accounted for the cluster sampling design using SUDAAN (SUDAAN User\u2019s Manual, Release 9.2, 2008; Research Triangle Institute)."]}
{"par_id": 90019, "sentences": ["### A1C"]}
{"par_id": 90020, "sentences": ["In 2007\u20132010, the overall prevalence of persons with diabetes achieving A1C <7.0% (<53 mmol/mol) was 52.5% (Fig. 1 and Table 1).", "The prevalence of meeting the A1C goal <7.0% (<53 mmol/mol) was higher for those aged \u226575 years than for those aged 20\u201349 years (P = 0.022) and was greater for non-Hispanic whites and non-Hispanic blacks than for Mexican Americans (P < 0.03 for both).", "People not taking any diabetes medications (vs. insulin or oral medication), those with shorter disease duration (<5 vs. \u226520 years), and those without retinopathy more often achieved A1C <7.0% (<53 mmol/mol; P < 0.001 for all).", "The proportion of participants with diabetes achieving A1C <8.0% (<64 mmol/mol) was 77.9% in 2007\u20132010; similar relationships by demographics and diabetes- related characteristics were evident.", "Older individuals, women, non-Hispanic whites (vs. Hispanics), those with no glycemic medication use (vs. any type), and participants without retinopathy were more likely to achieve A1C <8.0% (<64 mmol/mol; P < 0.05 for all)."]}
{"par_id": 90021, "sentences": ["Figure 1"]}
{"par_id": 90022, "sentences": ["Prevalence of meeting ABC goals among adults aged \u226520 years with diagnosed diabetes, NHANES 1988\u20132010.", "Estimates are age and sex standardized to the 2007\u20132010 diabetic NHANES population.", "*P < 0.01, estimates are compared with those of 2007\u20132010.", "\u2020P < 0.05, estimates are compared with those of 2007\u20132010."]}
{"par_id": 90023, "sentences": ["The prevalence of achieving A1C <7.0% (<53 mmol/mol) and A1C <8.0% (<64 mmol/mol) among adults with previously diagnosed diabetes in NHANES 1988\u20132010\u2021"]}
{"par_id": 90024, "sentences": ["Over time, the prevalence of subjects with diabetes who achieved an A1C <7.0% (<53 mmol/mol) significantly increased (1988\u20131994 and 1999\u20132002 vs. 2007\u20132010 [P < 0.01 and P < 0.05, respectively]; Fig. 1 and Table 1).", "This improvement was seen in subjects aged 65\u201374 years, women, all race/ethnic groups, and people with a high school education or less than a high school degree (all P < 0.05).", "In addition, individuals with diabetes using oral diabetes medication or a combination of oral medication with insulin and those recently diagnosed with diabetes (duration <10 years) demonstrated a significant improvement in reaching the A1C goal (P < 0.05 for all).", "A higher proportion of subjects without retinopathy achieved A1C <7.0% (<53 mmol/mol) in 2007\u20132010 than in 1988\u20131994 (P < 0.01).", "Improvements in meeting the A1C goals were shown for all adults, regardless of whether a patient had a history of CVD.", "Similar improvements for older adults, non-Hispanic blacks, persons taking oral medication, and those who were recently diagnosed were shown between 1999\u20132002 and 2007\u20132010.", "Fewer significant advances were documented between 2003\u20132006 and 2007\u20132010, and there was a decrease in A1C control for some subgroups."]}
{"par_id": 90025, "sentences": ["Improvement in meeting A1C <8.0% (<64 mmol/mol) was even more marked than for A1C <7.0% (<53 mmol/mol), with prevalence significantly increased between 1988\u20131994 (60.1%) and 2007\u20132010 (77.9%) and between 1999\u20132002 (66.3%) and 2007\u20132010 (all P < 0.01; Fig. 1)."]}
{"par_id": 90026, "sentences": ["### BP"]}
{"par_id": 90027, "sentences": ["In 2007\u20132010, the prevalence of individuals with diabetes having BP <130/80 mmHg was 51.1% (Fig. 1 and Table 2).", "The prevalence of achieving BP <130/80 mmHg gradually decreased with increasing age (P < 0.0001) and was greater for non-Hispanic whites than non-Hispanic blacks (P = 0.016) and for individuals with a college degree compared with high school graduates (P = 0.049).", "People not taking antihypertensive medications were more likely to achieve the BP goal compared with those taking medication (P < 0.0001).", "Meeting the BP goal did not significantly differ by diabetes medication use or duration of diabetes.", "The proportion with BP <140/90 mmHg was 72.0%, and similar relationships to achieving BP <130/80 mmHg by demographic and diabetes-related factors were apparent.", "In addition, women and individuals with a shorter disease duration (<5 vs. \u226520 years) or normal kidney function (eGFR \u226560 mL/min per 1.73 m2) were more likely to achieve BP <140/90 mmHg (all P < 0.05)."]}
{"par_id": 90028, "sentences": ["The prevalence of achieving BP <130/80 mmHg and BP <140/90 mmHg among adults with previously diagnosed diabetes in NHANES 1988\u20132010\u2021"]}
{"par_id": 90029, "sentences": ["Between 1988 and 2010, the proportion of people who achieved BP <130/80 mmHg significantly improved, with 33.2% in 1988\u20131994, 38.1% in 1999\u20132002, 44.2% in 2003\u20132006, and 51.1% in 2007\u20132010 meeting the goal (P < 0.05 for all estimates compared with 2007\u20132010).", "Between 1988\u20131994 and 2007\u20132010, adults aged \u226550 years and all race/ethnic groups showed a significant improvement in the proportion meeting BP <130/80 mmHg (all P < 0.05); similar improvements were shown between 1999\u20132002 and 2007\u20132010.", "Improvements in BP control were evident between 1988\u20131994 and 2007\u20132010 for all levels of education and for all adults, regardless of the presence of retinopathy, antihypertensive medication use, history of CVD, or level of eGFR.", "Individuals at all durations of diabetes (except a duration of 5\u201310 years) demonstrated improvements in BP control from 1988\u20131994 and 1999\u20132002 to 2007\u20132010 (P < 0.05 for all)."]}
{"par_id": 90030, "sentences": ["The prevalence of people with diabetes achieving BP <140/90 mmHg also significantly improved between 1988\u20131994 (62.0%) and 2007\u20132010 (72.0%) and between 1999\u20132002 (63.3%) and 2007\u20132010 (all P < 0.01; Fig. 1)."]}
{"par_id": 90031, "sentences": ["### LDL cholesterol"]}
{"par_id": 90032, "sentences": ["In 2007\u20132010, the overall prevalence of achieving LDL <100 mg/dL was 56.2% (Fig. 1 and Table 3).", "Meeting the LDL goal was more frequent for older (P < 0.01) compared with younger individuals, for men compared with women (P = 0.003), for non-Hispanic whites compared with Mexican Americans, all Hispanics, or non-Hispanic blacks (all P < 0.02), and for high school graduates compared with those without a high school degree (P = 0.045)."]}
{"par_id": 90033, "sentences": ["The prevalence of achieving LDL <100 mg/dL and statin use among adults with previously diagnosed diabetes in NHANES 1988\u20132010\u2021"]}
{"par_id": 90034, "sentences": ["During 1988\u20132010, the prevalence of achieving LDL <100 mg/dL dramatically improved, from 9.9% in 1988\u20131994, 35.3% in 1999\u20132002, and 48.0% in 2003\u20132006 to 56.2% in 2007\u20132010 (P < 0.01 for all estimates compared with 2007\u20132010).", "This dramatic improvement over time was found for all individuals with diabetes, regardless of age, race/ethnicity, level of education, or duration of diabetes (all P < 0.01).", "These changes over time were also shown between 1999\u20132002 and 2007\u20132010."]}
{"par_id": 90035, "sentences": ["### Statin use"]}
{"par_id": 90036, "sentences": ["In 2007\u20132010, the prevalence of statin use among adults with diabetes was 51.4% (Fig. 1 and Table 3).", "Statin use was more common among older adults (\u226575 vs. 20\u201349 years), those with a longer time since diagnosis (<5 vs. \u226520 years), and those with a history of heart disease (all P < 0.05).", "In 2007\u20132010, 40.1% of adults were taking a statin and achieved LDL <100 mg/dL.", "The prevalence of taking a statin and meeting the LDL goal was highest for older adults (\u226575 vs. 20\u201349 years), men versus women, non-Hispanic whites versus non-Hispanic blacks, and people with longer disease duration (<5 vs. \u226520 years; P < 0.05)."]}
{"par_id": 90037, "sentences": ["Statin use significantly increased during 1988\u20132010 with 4.2% taking a statin in 1988\u20131994, 28.8% in 1999\u20132002, 44.1% in 2003\u20132006, and 51.4% in 2007\u20132010 (P < 0.01 for all estimates compared with 2007\u20132010; Fig. 1)."]}
{"par_id": 90038, "sentences": ["### All three ABCs"]}
{"par_id": 90039, "sentences": ["In 2007\u20132010, 18.8% of people achieved all three ABC goals (Fig. 1).", "Meeting the goals was more common for non-Hispanic whites than for Mexican Americans and all Hispanics and for people taking a combination of insulin and oral medication compared with individuals taking no medication for diabetes (all P < 0.05)."]}
{"par_id": 90040, "sentences": ["Achieving all three ABC goals significantly improved between 1988\u20131994 (1.7%) and 2007\u20132010 (18.8%) and between 1999\u20132002 (7.1%) and 2007\u20132010 (18.8%; all P < 0.01).", "Adults with diabetes, all races/ethnicities, and both sexes demonstrated significant improvements in meeting all three goals between these time periods.", "Regardless of time since diagnosis, whether patients had retinopathy or a history of CVD or were taking antihypertensive or lipid medications, all adults showed improvements in meeting all three goals between 1988\u20131994 and 2007\u20132010."]}
{"par_id": 90041, "sentences": ["During 1988 to 2010, we found dramatic increases among diabetic individuals in the proportion who met ABC goals and who were taking statins.", "However, despite the strong scientific evidence showing the benefits of ABC control and statin use in reducing complications, many patients are not achieving ABC targets or taking statins.", "Almost half of Americans with diabetes did not meet each ABC goal, and 81.2% did not achieve all three goals."]}
{"par_id": 90042, "sentences": ["Improvements in ABC control during the past 2 decades likely derive from new and improved therapeutic agents and increasing scientific evidence of risk factor control benefits that increased their use.", "Landmark studies in the 1990s, the Diabetes Control and Complications Trial/Epidemiology of Diabetes Interventions and Complications, and the UK Prospective Diabetes Study (UKPDS), provided strong evidence that intensive glycemic therapy early in the course of type 1 and type 2 diabetes significantly reduced the risk of microvascular disease.", "Moreover, these microvascular disease benefits grew and CVD benefits emerged as participants continued to be monitored after the trials ended (2,13).", "In 1998, the Hypertension Optimal Treatment trial established the benefit of a diastolic BP goal <80 mmHg in reducing CVD in diabetes (14).", "Furthermore, in 1997, the Scandinavian Simvastatin Survival Study found that lipid control significantly reduced major CVD events among people with diabetes (15).", "Dissemination of knowledge from these pivotal studies (4), together with an increasing array of glycemic, antihypertensive, and lipid medications available for therapy, have made achievement of ADA goals more attainable, especially for those with less severe disease.", "In a national study of people with diabetes, self-reported use of antihypertensive medication significantly increased from 35% in 1999\u20132000 to 59% in 2007\u20132008; use of lipid medication significantly increased from 20 to 42% during the same period of time (16).", "The use of the oral diabetes medication metformin has steadily increased since U.S. Food and Drug Administration approval in 1995 and was the most frequent therapy in 2007 (54% of treatment visits) (17).", "Finally, with mainstream focus on the obesity and diabetes epidemics in the U.S. and increased attention to healthy behaviors, people may be more likely to seek care and physicians may be more vigilant about treating patients (18)."]}
{"par_id": 90043, "sentences": ["Few studies have assessed whether there are disparities by population subgroups in meeting ABC goals.", "The Look AHEAD (Action for Health in Diabetes) study, a randomized long-term weight loss trial in a selected population with diabetes, found that those who were older, white, and had a shorter duration of diabetes were more likely to meet the A1C goals; younger individuals and those not taking antihypertensive medication were more likely to meet BP goals; and older subjects, men, whites, those with longer disease duration, and those taking insulin, antihypertensive, or lipid medication were more likely to meet LDL goals (19).", "Results from Look AHEAD generally agree with our findings, and selected findings in the current study were replicated in a previous study using data from NHANES 1999\u20132006 (20).", "In addition, disparities in the prevalence of having A1C or BP levels greater than relaxed targets indicate subgroups in urgent need of additional treatment and care.", "Approximately 30% of younger adults, Hispanics, and those with \u226520 years of disease duration had an A1C \u22658.0% (\u226564 mmol/mol); \u223c40% of adults taking insulin or oral and insulin medication had an A1C \u22658.0% (\u226564 mmol/mol); and approximately one-third of older adults, Hispanics, those with \u226520 years of disease duration, and those taking insulin had BP \u2265140/90 mmHg.", "The disparities in ABC control highlight the need to address social determinants of poor control."]}
{"par_id": 90044, "sentences": ["Suboptimal ABC control may be complicated by several factors.", "First, achieving ADA recommendations may be biologically unattainable for some patients due to severity of disease or other complications.", "Indeed, persons not taking any diabetes medications, having shorter time since diagnosis, and not having retinopathy, all of which are proxies for less advanced disease, were more likely to achieve A1C <7.0% (<53 mmol/mol).", "Glycemic control is more difficult in individuals with more severe \u03b2-cell loss.", "Notably, only 30% of those taking insulin achieved an A1C <7.0% (<53 mmol/mol), and more than one-third of this population did not achieve A1C <8.0% (<64 mmol/mol).", "Side effects of antihypertensives (electrolyte disturbances, renal dysfunction, orthostatic hypotension) and statins (musculoskeletal) may also limit their use and, therefore, the attainment of the treatment goals."]}
{"par_id": 90045, "sentences": ["Second, individuals may lack self-management skills or the resources necessary for adherence to demanding self-care regimens, often involving polypharmacy, and lifestyle change.", "Previous studies suggest that people with diabetes are taking steps to improve lifestyle factors.", "Data from a national sample of overweight and obese subjects with diabetes indicated that the majority reported trying to lose weight (75%), increase physical activity (57%), and reduce the number of calories and fat in their diet (71%) (21).", "However, these lifestyle behaviors need to be sustained for measurable clinical improvements, and often, lifestyle behavior maintenance is challenging (22).", "Attaining ABC targets will require improved methods to increase adherence to prescribed medications, physical activity, healthy dietary choices, and access to support, including motivation and maintenance of behavior change."]}
{"par_id": 90046, "sentences": ["Finally, because goals are increasingly being tailored on the basis of individual factors, it is not expected or desirable that everyone with diabetes should attain these targets.", "No information was available on medication compliance to further assess individualization of treatment."]}
{"par_id": 90047, "sentences": ["It is noteworthy that we found younger people with diabetes were less likely to meet A1C and LDL goals and showed smaller improvements in meeting each ABC goal.", "However, the younger age group might have included more individuals with type 1 diabetes, which can be more difficult to control (23).", "In addition, survival bias may contribute to why older people have better control.", "Nevertheless, younger adults have more to gain from risk factor control because their life expectancy is longer and the potential for complications increases with the duration of diabetes.", "Thus, the ADA recommends more stringent A1C goals (<7.0%, <53 mmol/mol) for individuals with a longer life expectancy and shorter time since diagnosis and less stringent goals for those with longer time since diagnosis, established complications, or conditions limiting life expectancy (24).", "Not only did a much larger proportion achieve the less stringent A1C <8.0% (<64 mmol/mol; 77.9%) than A1C <7.0% (<53 mmol/mol; 52.5%) in 2007\u20132010, but the disparity in achieving these goals according to time since diagnosis was much less with a goal of A1C <8.0% (<64 mmol/mol) than the goal of A1C <7.0% (<53 mmol/mol).", "However, nearly 85% of adults aged >65 years achieved the less stringent A1C <8.0% (<64 mmol/mol) goal, but less than half of younger individuals achieved the more stringent goal of <7.0% (<53 mmol/mol) in 2007\u20132010.", "Moreover, whereas those without retinopathy and with shorter time since diagnosis were more likely to achieve an A1C <7.0% (<53 mmol/mol), nearly half of those without established CVD or retinopathy did not achieve this goal."]}
{"par_id": 90048, "sentences": ["The greatest potential to reduce type 2 diabetes-related complications may lie in focusing on controlling A1C, BP, and LDL collectively.", "In the UKPDS, tight glycemic control alone in patients with newly diagnosed type 2 diabetes yielded a nonsignificant 16% decrease in CVD events and a significant 25% reduction in microvascular events (2).", "Those who lowered BP by 5 to 10 mmHg also significantly reduced their risk of stroke, diabetes-related death, heart failure, microvascular complications, and vision loss.", "In contrast, the Steno-2 Study, a randomized controlled trial among individuals with diabetes and microalbuminuria, tested a multifactorial intensive intervention targeting ABC control, aspirin therapy, diet, and physical activity.", "Hazard ratios were significantly reduced (0.41 for CVD events and 0.54 for overall mortality) in intensively treated participants compared with participants who received standard treatment from their general practitioner.", "The proportion of persons who met all three ABC goals (18.8%) was much lower than the proportion that met each individual ABC goal (51\u201356%).", "Thus, there may be a large opportunity to further reduce diabetes-related complications by focusing on the combined ABC goals, including lifestyle change as well as medication."]}
{"par_id": 90049, "sentences": ["A strength of this study was the use of a nationally representative sample allowing generalization to the U.S. adult noninstitutionalized population.", "This analysis only reports ABC control for individuals who self-reported diabetes.", "Multiple clinical outcomes were assessed using standardized procedures, which allowed us to better characterize diabetes control.", "One limitation is that the small number of individuals in the fasting sample made some subgroup LDL estimates unreliable.", "Because participants taking insulin were not instructed to fast in NHANES 1988\u20131994, the estimates for meeting LDL goals in those years include few persons who were taking insulin.", "However, among those taking insulin, demographic characteristics and duration of diabetes were similar by fasting status.", "Nevertheless, the analysis of statin use did include individuals taking insulin and showed a higher proportion of statin use in insulin-treated individuals.", "There was a discrepancy between self-reported lipid medication use and documentation of statin use; this may have resulted because lipid medication use was only reported among those who were told by a physician to take medication because participants were unaware of their statin use and it was not reported or because prescription medication bottles were not brought to the MEC.", "Finally, a population-wide increase in A1C values was observed in the NHANES 2007\u20132010 study period compared with the 1999\u20132006 study period (25).", "After careful evaluation of the data, a cause for the shift could not be identified.", "The estimates for the 2007\u20132010 study period should be interpreted with consideration of these findings; the percentage achieving A1C <7.0% (<53 mmol/mol) may be underestimated in the current study."]}
{"par_id": 90050, "sentences": ["Management of diabetes remains very complex and challenging, requiring access to a skilled team of clinicians and diabetes educators and imposing major burdens on families and health systems.", "Falling rates of amputation, end-stage renal disease, and death among those with diabetes attest to the effect of the improved control of the risk factors for complications we report here.", "The full effects of improved therapy for diabetes are often realized over decades.", "Thus, the steady improvement documented by our study portends further reductions in the proportion with complications among those with diabetes."]}
{"par_id": 90051, "sentences": ["Yet, our data also show that there is much room for improvement.", "Access to care, education, and self-management support; personal knowledge, behavior, and adherence to therapy; healthy environments; as well as variation in the pathophysiology underlying diabetes all play important roles in achieving diabetes management goals that can improve long-term health of individuals with diabetes.", "Research is needed not only to identify optimal targets for therapy and provide information to tailor these targets based on individual factors but also to identify approaches to achieve these targets safely and efficiently.", "As the U.S. population ages and diabetes prevalence increases, it becomes increasingly urgent to find ways to overcome barriers to good diabetes management and deliver affordable, quality care so those with diabetes can live a longer and healthier life without serious diabetes complications."]}
{"par_id": 90052, "sentences": ["This work was financially supported by the National Institute of Diabetes and Digestive and Kidney Diseases (GS-10F-0381L).", "The findings and conclusions in this report are those of the authors and do not necessarily represent the official position of the National Institute of Diabetes and Digestive and Kidney Diseases or the Centers for Disease Control and Prevention/the Agency for Toxic Substances and Disease Registry."]}
{"par_id": 90053, "sentences": ["No potential conflicts of interests relevant to this article were reported."]}
{"par_id": 90054, "sentences": ["S.S.C. contributed to the research design, analyzed data, and wrote, reviewed, and edited the manuscript.", "J.E.F. and S.H.S. contributed to discussion and reviewed and edited the manuscript.", "K.F.R. provided statistical support and reviewed and edited the manuscript.", "C.C.C. contributed to the research design and to discussion and reviewed and edited the manuscript.", "S.S.C. is the guarantor of this work and, as such, had full access to all of the data in the study and takes responsibility for the integrity of the data and the accuracy of the data analysis."]}
