{"par_id": 91000, "sentences": ["Association of alcohol consumption with selected cardiovascular disease outcomes: a systematic review and meta-analysis"]}
{"par_id": 91001, "sentences": ["Objective To conduct a comprehensive systematic review and meta-analysis of studies assessing the effect of alcohol consumption on multiple cardiovascular outcomes."]}
{"par_id": 91002, "sentences": ["Design Systematic review and meta-analysis."]}
{"par_id": 91003, "sentences": ["Data sources A search of Medline (1950 through September 2009) and Embase (1980 through September 2009) supplemented by manual searches of bibliographies and conference proceedings."]}
{"par_id": 91004, "sentences": ["Inclusion criteria Prospective cohort studies on the association between alcohol consumption and overall mortality from cardiovascular disease, incidence of and mortality from coronary heart disease, and incidence of and mortality from stroke."]}
{"par_id": 91005, "sentences": ["Studies reviewed Of 4235 studies reviewed for eligibility, quality, and data extraction, 84 were included in the final analysis."]}
{"par_id": 91006, "sentences": ["Results The pooled adjusted relative risks for alcohol drinkers relative to non-drinkers in random effects models for the outcomes of interest were 0.75 (95% confidence interval 0.70 to 0.80) for cardiovascular disease mortality (21 studies), 0.71 (0.66 to 0.77) for incident coronary heart disease (29 studies), 0.75 (0.68 to 0.81) for coronary heart disease mortality (31 studies), 0.98 (0.91 to 1.06) for incident stroke (17 studies), and 1.06 (0.91 to 1.23) for stroke mortality (10 studies).", "Dose-response analysis revealed that the lowest risk of coronary heart disease mortality occurred with 1\u20132 drinks a day, but for stroke mortality it occurred with \u22641 drink per day.", "Secondary analysis of mortality from all causes showed lower risk for drinkers compared with non-drinkers (relative risk 0.87 (0.83 to 0.92))."]}
{"par_id": 91007, "sentences": ["Conclusions Light to moderate alcohol consumption is associated with a reduced risk of multiple cardiovascular outcomes."]}
{"par_id": 91008, "sentences": ["Possible cardioprotective effects of alcohol consumption seen in observational studies continue to be hotly debated in the medical literature and popular media.", "In the absence of clinical trials, clinicians must interpret these data when answering patients\u2019 questions about taking alcohol to reduce their risk of cardiovascular disease.", "Systematic reviews and meta-analyses have addressed the association of alcohol consumption with cardiovascular disease outcomes1 2 3 4 5 6 7 8 but have not uniformly addressed associations between alcohol use and mortality from cardiovascular disease, as well as the incidence and mortality from coronary heart disease and stroke.", "Additionally, further studies have been published since 2006, when the most recent reviews appeared.", "The continuing debate on this subject warrants an in depth reassessment of the evidence."]}
{"par_id": 91009, "sentences": ["In this paper, we synthesise results from longitudinal cohort studies comparing alcohol drinkers with non-drinkers for the outcomes of overall mortality from cardiovascular disease, incident coronary heart disease, mortality from coronary heart disease, incident stroke, and mortality from stroke.", "Because of the many biological effects of alcohol consumption, we also examine the association of alcohol with mortality from all causes when this is reported in studies.", "We conducted meta-analyses for each of these outcomes and a sensitivity analysis with lifetime abstainers as the reference category to account for the heterogeneity within the reference group of non-drinkers.", "We also examined the effect of confounding on the strength of observed associations.", "In our companion paper,110 we link these cardiovascular outcomes with experimental trials of alcohol consumption on candidate causal molecular markers."]}
{"par_id": 91010, "sentences": ["### Data sources and searches"]}
{"par_id": 91011, "sentences": ["We performed a systematic review and meta-analysis following a predetermined protocol in accordance with the Meta-analysis of Observational Studies in Epidemiology (MOOSE) reporting guidelines.9", "We identified all potentially relevant articles regardless of language by searching Medline (1950 through September 2009) and Embase (1980 through September 2009).", "Searches were enhanced by scanning bibliographies of identified articles and review articles, as well as reviewing conference proceedings from three major scientific meetings (American Heart Association, American College of Cardiology, and European Heart Congress) between 2007 and 2009.", "Experts in the field were contacted regarding missed, ongoing, or unpublished studies."]}
{"par_id": 91012, "sentences": ["To search electronic databases, we used the strategy recommended for systematic reviews of observational studies.10", "We specified three comprehensive search themes:"]}
{"par_id": 91013, "sentences": ["* To identify relevant terms related to the exposure of interest (theme 1), the first Boolean search used the term \u201cor\u201d to explode (search by subject heading) and map (search by keyword) the medical subject headings \u201cethanol\u201d or \u201calcohol\u201d or \u201calcoholic beverages\u201d or \u201cdrinking behaviour\u201d or \u201calcohol drinking\u201d or text words \u201cdrink$\u201d or \u201cliquor$\u201d or \u201cethanol intake\u201d or \u201calcohol$ drink$\u201d or \u201cethanol drink$\u201d"]}
{"par_id": 91014, "sentences": ["* To identify relevant outcomes (theme 2), a second Boolean search was performed using the term \u201cor\u201d to explode and map the medical subject headings \u201cstroke\u201d or \u201ccardiovascular diseases\u201d or \u201cmyocardial infarction\u201d or \u201cmyocardial ischemia\u201d or \u201ccoronary artery disease\u201d or \u201cheart infarction\u201d or text words \u201ccva$\u201d or \u201cinfarct$\u201d or \u201cischem$\u201d or \u201ccvd\u201d or \u201cami\u201d or \u201cihd\u201d or \u201ccad\u201d"]}
{"par_id": 91015, "sentences": ["* To identify relevant study designs (theme 3), a final Boolean search using the term \u201cor\u201d to explode and map the medical subject headings \u201ccohort studies\u201d or \u201cfollow-up studies\u201d or \u201cincidence\u201d or \u201cprognosis\u201d or \u201cearly diagnosis\u201d or \u201csurvival analysis\u201d or text words \u201ccourse\u201d or predict$\u201d or \u201cprognos$\u201d was performed."]}
{"par_id": 91016, "sentences": ["These three comprehensive search themes were then combined using the Boolean operator \u201cand\u201d in varying combinations."]}
{"par_id": 91017, "sentences": ["### Study selection"]}
{"par_id": 91018, "sentences": ["Two individuals (SEB and PER) independently reviewed all identified abstracts for eligibility.", "All abstracts reporting on the association between alcohol intake and cardiovascular disease events were selected for full text review.", "This stage was intentionally liberal.", "We discarded only those abstracts that clearly did not meet the aforementioned criteria.", "The inter-rater agreement for this review was high (\u03ba=0.86 (95% confidence interval 0.80 to 0.91)).", "Disagreements were resolved by consensus."]}
{"par_id": 91019, "sentences": ["The same reviewers performed the full text review of articles that met the inclusion criteria and articles with uncertain eligibility.", "Articles were retained if they met the inclusion criteria for study design (prospective cohort design), study population (adults \u226518 years old without pre-existing cardiovascular disease), exposure (current alcohol use with a comparison group of non-drinkers), and outcome (overall cardiovascular disease mortality or atherothrombotic conditions, specifically incident coronary heart disease, coronary heart disease mortality, incident stroke, or stroke mortality).", "Both published and unpublished studies were eligible for inclusion.", "Authors were contacted if the risk profile of the cohort was unclear."]}
{"par_id": 91020, "sentences": ["### Data extraction and quality assessment"]}
{"par_id": 91021, "sentences": ["The primary exposure variable was the presence of active alcohol drinking at baseline compared with a reference group of non-drinkers.", "Because of the heterogeneity of this reference group, we identified the subset of studies using lifetime abstainers as the reference group and studies that distinguished former drinkers from non-drinkers.", "Whenever available, we extracted information on amount of alcohol consumed, using grams of alcohol per day as the common unit of measure.", "When a study did not specifically report the grams of alcohol per unit, we used 12.5 g/drink for analysis.11", "We standardised portions as a 12 oz (355 ml) bottle or can of beer, a 5 oz (148 ml) glass of wine, and 1.5 oz (44 ml) glass of 80 proof (40% alcohol) distilled spirits.", "Volume of intake was categorised as <2.5 g/day (<0.5 drink), 2.5\u201314.9 g/day (about 0.5\u20131 drink), 15\u201329.9 g/day (about 1\u20132.5 drinks), 30\u201360 g/day (about 2.5\u20135 drinks), and >60 g/day (\u22655 drinks)."]}
{"par_id": 91022, "sentences": ["The outcome variables of interest were defined as the presence or absence of death from cardiovascular disease (that is, fatal cardiovascular or stroke events), incident coronary heart disease (fatal or non-fatal incident myocardial infarction, angina, ischaemic heart disease, or coronary revascularisation), death from coronary heart disease (fatal myocardial infarction or ischaemic heart disease), incident stroke (ischaemic or haemorrhagic events), or death from stroke.", "A secondary analysis was performed within these selected studies to determine the association between alcohol consumption and the risk of death from all causes."]}
{"par_id": 91023, "sentences": ["Both reviewers independently extracted data from all studies fulfilling the inclusion criteria, and any disagreement was resolved by consensus.", "We extracted the data elements of cohort name, sample size, and population demographics (country, percentage male, mean age or age range).", "We also extracted information for key indicators of study quality in observational studies proposed by Egger et al10 and Laupacis et al.12", "Specifically, we evaluated the effect on each outcome of the number of potential confounding variables and the number of years participants were followed."]}
{"par_id": 91024, "sentences": ["### Data synthesis and analysis"]}
{"par_id": 91025, "sentences": ["The relative risk was used as the common measure of association across studies.", "Hazard ratios and incidence density ratios were directly considered as relative risks.", "Where necessary, odds ratios were transformed into relative risks with this formula:"]}
{"par_id": 91026, "sentences": ["* Relative risk=odds ratio/[(1\u2013Po)+(Po\u00d7odds ratio)], in which Po is the incidence of the outcome of interest in the non-exposed group.13"]}
{"par_id": 91027, "sentences": ["The standard error of the resulting converted relative risk was then determined with this formula:"]}
{"par_id": 91028, "sentences": ["* SElog(relative risk)=SElog(odds ratio)\u00d7log(relative risk)/log(odds ratio)."]}
{"par_id": 91029, "sentences": ["Because these transformations can underestimate the variance of the relative risks derived from the odds ratios,14 15 we performed a sensitivity analysis that excluded four studies for which this transformation had been applied.", "All analyses were performed with Stata 10.0 (StataCorp, College Station TX, USA).", "The Stata \u201cmetan\u201d command was used to pool the ln(relative risks) across studies according to the DerSimonian and Laird random effects model.16"]}
{"par_id": 91030, "sentences": ["In some studies, a single relative risk (or odds ratio) was not available for drinkers versus non-drinkers because the data were presented as only a dose- response (that is, several alcohol consumption levels relative to non- drinkers).", "In these cases, we first pooled across levels of intake within the study using a random effects model to derive a single relative risk for drinkers versus non-drinkers.", "The resulting single, study-specific relative risk was then pooled with those of other studies."]}
{"par_id": 91031, "sentences": ["To visually assess the relative risk estimates and corresponding 95% confidence intervals across studies, we generated forest plots sorted by year of publication.", "Analyses were stratified by study quality criteria and by participant characteristics."]}
{"par_id": 91032, "sentences": ["To assess heterogeneity of relative risks across studies, we inspected forest plots and calculated Q (significance level of P\u22640.10) and I2 statistics.17 18", "In the presence of heterogeneity, random effects models were used (rather than fixed effects models) to obtain pooled effect estimates across studies.", "Sensitivity analyses and stratified analyses were performed to assess the associations of selected study quality and clinical factors on cardiovascular risk, including number of confounding factors and duration of follow-up dichotomised at the median value.", "We also performed a sensitivity analysis excluding studies reporting only odds ratios.", "We conducted a cumulative meta- analysis of studies ordered chronologically to assess the sequential contributions of studies published over time.19", "Finally, we assessed evidence of publication bias through visual inspection of funnel plots and Begg\u2019s rank correlation test for asymmetry.20 21"]}
{"par_id": 91033, "sentences": ["### Identification of studies"]}
{"par_id": 91034, "sentences": ["Our initial search yielded a total of 4235 unique citations (fig 1).", "After two rounds of reviews and searching citations of retained articles, we identified 131 studies as potentially relevant for analysis.", "We excluded studies of cardiovascular outcomes predefined as ineligible (such as chronic congestive heart failure or stable angina), non-atherothrombotic end points (such as arrhythmias), composite end points, or non-cardiovascular outcomes (such as cancer), and duplicate reports.", "This left 84 studies for our systematic review and meta-analysis.", "Table 1 provides details of the included studies.22 23 24 25 26 27 28 29 30 31 32 33 34 35 36 37 38 39 40 41 42 43 44 45 46 47 48 49 50 51 52 53 54 55 56 57 58 59 60 61 62 63 64 65 66 67 68 69 70 71 72 73 74 75 76 77 78 79 80 81 82 83 84 85 86 87 88 89 90 91 92 93 94 95 96 97 98 99 100 101 102 103 104 105", "Of these 84 studies, 34 (40%) reported on all-male cohorts, six (7%) reported on women only, and 44 (52%) included both men and women."]}
{"par_id": 91035, "sentences": ["Fig 1 Details of study selection for review"]}
{"par_id": 91036, "sentences": ["Details of studies included in meta-analysis of association of alcohol consumption with selected cardiovascular disease outcomes"]}
{"par_id": 91037, "sentences": ["Study| Cohort designation| No of subjects| Country| Men (%)| Age range (years)| Study follow-up (years)| Outcomes measured   ---|---|---|---|---|---|---|---   Albert et al 199922 | Physicians\u2019 Health Study| 21 537| USA| 100| 40\u201384| 12| CHD mortality   Bazzano et al 200723 | China National Hypertension Survey Epidemiology Follow- up Study| 64 338| China| 100| \u226540| 8| Incident stroke and stroke mortality   Bazzano et al 200924 | 64 597| China| 100| \u226540| 8| Incident CHD; CVD and CHD mortality   Berberian et al 199425 | Zoetermeer Cohort| 1620| Netherlands| 46.9| >20| 10| CVD mortality   Berger et al 199926 | Physicians\u2019 Health Study| 22 071| USA| 100| 40\u201384| 12.2| Incident stroke   Blackwelder et al 198027 | Honolulu Heart Program| 7888| USA| 100| Not reported| 8| CHD and stroke mortality   Boffetta et al 199028 | American Cancer Society Prospective Study| 276 802| USA| 100| 40\u201359| 12| CHD mortality   Burke et al 200729 | Western Australian Aboriginal cohort| 514| Australia| 50.2| 15\u201388| 11.6| Incident CHD   Camargo et al 199730 | Physicians\u2019 Health Study| 22 071| USA| 100| 40\u201384| 11| Incident CHD   Chiuve et al 200831 | Nurses\u2019 Health Study| 71 243| USA| 0| 34\u201359| 20| Incident stroke   Health Professionals Follow-up Study| 43 685| USA| 100| 40\u201375| 18| Incident stroke   Colditz et al 198532 | Massachusetts cohort| 1184| USA| 38| \u226566| 4.75| CHD mortality   Cullen et al 199333 | Brusselton, Western Australian cohort| 2171| Australia| 50| \u226540| 23| CHD and CVD mortality   Deev et al 199834 | US-Russian Lipid Research Clinics Prevalence Study| 4011| USA| 46.6| 40\u201369| 13| CVD mortality   4153| Russia| 46.7| 40\u201369| 13   Diem et al 200335 | Multinational Study of Vascular Disease in Diabetes| 287| Switzerland| 56.4| \u226535| 12.6| CHD mortality   Djousse et al 200236 | Framingham Study| 9171| USA| 42.2| \u226550| 10| Incident stroke   Djousse et al 200937 | Women\u2019s Health Study| 26 399| USA| 0| \u226545| 12| CVD mortality   Doll et al 200538 | British Physician Cohort| 12 325| UK| 100| 48\u201378| 23| CHD mortality   Donahue et al 198639 | Honolulu Heart Program| 8006| USA| 100| 45\u201369| 12| Incident stroke   Ebbert et al 200540 | Iowa Women\u2019s Health Study| 30 518| USA| 0| 55\u201369| 14| CHD mortality   Ebrahim et al 200841 | Women\u2019s Heart and Health Study| 2717| UK| 0| 60\u201379| 4.7| Incident CHD   Caerphilly Study| 1291| UK| 100| 47\u201367| 20   Elkind et al 200642 | Northern Manhattan Study| 3176| USA| 37.2| \u226540| 5.9| Incident stroke   Friedman et al 198643 | Framingham Study| 4745| USA| 44.4| 30\u201359| 24| CHD mortality   Fuchs et al 199544 | Nurses\u2019 Health Study| 85 709| USA| 0| 34\u201359| 12| CVD mortality   Fuchs et al 200445 | Atherosclerosis Risk in Communities Study| 14 506| USA| 43.3| 45\u201364| 9.8| Incident CHD   Garfinkel et al 198846 | American Cancer Society Prospective Study| 581 321| USA| 0| >30| 12| CHD mortality   Garg et al 199247 | National Health and Nutrition Examination Study| 3718| USA| 0| 45\u201374| 13| CHD mortality   Gaziano et al 200048 | Physicians\u2019 Health Study| 89 299| USA| 100| 40\u201384| 5.5| CVD and stroke mortality   Gordon et al 198349 | Framingham Study| 4625| USA| 43.8| 29\u201362| 22| Incident CHD   Gordon et al 198550 | Albany Study| 1755| USA| 100| 38\u201355| 18| Incident CHD   Gronbaek et al 199551 | Copenhagen City Heart Study| 13 285| Denmark| 45.5| 30\u201379| 12| CVD mortality   Gun et al 200652 | Employees of Australian Institute of Petroleum member companies| 16 547| Australia| 100| NR| 20| CHD mortality   Hammar et al 199753 | Swedish Twin Register| 1900| Sweden| 67.4| 30\u201374| NR| Incident CHD   Hansagi et al 199554 | Swedish Twin Register| 15 077| Sweden| 47| \u226542| 20| Stroke mortality   Harriss et al 200755 | Melbourne Collaborative Cohort Study| 38 200| Australia| 39.7| 27\u201375| 11.4| CHD and CVD mortality   Hart et al 200856 | Midspan Collaborative Cohort Study| 6000| Scotland| 100| 35\u201364| 35| CHD and stroke mortality   Hein et al 199657 | Copenhagen Male Study| 2826| Denmark| 100| 53\u201374| 6| Incident CHD   Ikehara et al 200958 | Japan Public Health Center-Based Prospective Study| 19 356| Japan| 100| 40\u201369| 9.9| Incident CHD and stroke   Iso et al 199559 | Rural Japanese cohorts| 2890| Japan| 100| 40\u201369| 10.5| Incident CHD and stroke   Jakovljevic et al 200460 | Institute for Chronic Diseases and Gerontology| 286| Serbia and Montenegro| 50.7| 30\u201360| 20| Stroke mortality   Jamrozik et al 200061 | Perth Community Stroke Study| 931| Australia| 48| >18| 4| CVD mortality   Jousilahti et al 200062 | Finnish Cohort| 14 874| Finland| 48.2| 25\u201364| 12| Incident stroke   Kitamura et al 199863 | Japanese Male Employees| 8476| Japan| 100| 40\u201359| 8.8| Incident CHD   Kittner et al 198364 | Puerto Rico Heart Health Program| 9150| Puerto Rico| 100| 35\u201379| 12| Incident CHD and CHD mortality   Kivela et al 198965 | Two Finnish cohorts from the Seven Countries Study| 1112| Finland| 100| 55\u201374| 10| CVD mortality   Kiyohara et al 199566 | Hisayama Study| 1621| Japan| 43.6| \u226540| 26| Incident stroke   Klatsky et al 199067 | Kaiser Permanente Medical Care Program Cohort| 123 840| USA| 40.5| <30\u2013>70| 7| CVD mortality   Klatsky et al 199768 | 128 934| USA| 44| <30\u2013>70| NR| Incident CHD   Klatsky et al 200269 | 128 934| USA| 44| <30\u2013>70| 18| Incident stroke   Knoops et al 200470 | Healthy Ageing: A Longitudinal Study in Europe| 2339| 11 European countries| 64.4| 70\u201390| 10| CHD and CVD mortality   Kono et al 198671 | Japanese Male Physician Cohort| 5135| Japan| 100| NR| 19| CHD, CVD and stroke mortality   Leppala et al 199972 | Alpha-Tocopherol, Beta-Carotene Cancer Prevention cohort| 26 556| Finland| 100| 50\u201369| 6.1| Incident stroke   Lin et al 200573 | Japan Collaborative Cohort Study for Evaluation of Cancer Risk| 110 792| Japan| 41.9| 40\u201379| 11| CVD mortality   Manttari et al 199774 | Helsinki Heart Study| 1924| Finland| 100| 40\u201355| 5| Incident CHD   Marques-Vidal et al 200475 | PRIME Study\u2014France| 7352| France| 100| 50\u201359| 5| Incident CHD   PRIME Study\u2014Northern Ireland| 2398| Ireland| 100| 50\u201359| 5   Maskarinec et al 199876 | Multiethnic cohort (Hawaii)| 27 678| USA| 50.1| >30| NR| CHD and stroke mortality   Mukamal et al 200377 | Health Professionals Follow-up Study| 38 077| USA| 100| 40\u201375| 12| Incident CHD and CHD mortality   Mukamal et al 200578 | Cardiovascular Health Study| 4410| USA| 36.1| \u226565| 9.2| Incident stroke   Mukamal et al 200679 | 4410| USA| 38.7| \u226565| 9.2| Incident CHD   Murray et al 200280 | Manitoba Health Cohort| 1154| Canada| 50.2| 18\u201364| 8| Incident CHD   Murray et al 200581 | Lung Health Study| 3702| Canada| 100| 35\u201360| 14| Incident CHD   Pedersen et al 200882 | Copenhagen City Heart Study| 11 914| Denmark| 44.3| \u226520| 20| CHD mortality   Rehm et al 199783 | National Health and Nutrition Examination Study| 6788| USA| 43.6| 40\u201375| 14.6| Incident CHD and CHD mortality   Renaud et al 199984 | Cohort from Centre de Medecine Preventive| 36 250| France| 100| 40\u201360| 12\u201318| CHD and CVD mortality   Salonen et al 198385 | Two counties of eastern Finland| 4063| Finland| 100| 30\u201359| 7| Incident CHD   Sankai et al 200086 | Six Japanese communities| 12 372| Japan| 40.2| 40\u201369| 9.4| Incident stroke   Scherr et al 199287 | Established populations for Epidemiologic Studies of the Elderly| 6891| USA| 36.9| >65| 5| CVD mortality   Shaper et al 198788 | British Regional Heart Study| 6103| UK| 100| 40\u201359| 6.2| Incident CHD   Simons et al 199689 | Dubbo Cohort of New South Wales| 2805| Australia| 44.1| \u226560| 6.4| Incident CHD   Solomon et al 200090 | Nurses\u2019 Health Study| 121 700| USA| 0| 30\u201355| NR| Incident CHD and CHD mortality   Suh et al 199291 | Multiple Risk Factor Intervention Trial| 11 688| USA| 100| 35\u201357| 3.8| CHD mortality   Suhonen et al 198792 | Social Insurance Institution\u2019s Mobile Clinic Health Survey| 4532| Finland| 100| 40\u201364| 5| CHD mortality   Thun et al 199793 | Cancer Prevention Study II| 489 626| USA| 51.3| 30\u2013104| 9| CHD, CVD and stroke mortality   Tolstrup et al 200694 | Danish Cohort| 53 500| Denmark| 46.8| 50\u201365| 5.7| Incident CHD   Trevisan et al 200195 | Risk Factors and Life Expectancy Study| 8647| Italy| 100| 30\u201359| 7| CHD and CVD mortality   Truelsen et al 199896 | Copenhagen City Heart Study| 13 329| Denmark| 45.5| 45\u201384| 16| Incident stroke   Valmadrid et al 199997 | Wisconsin Epidemiologic Study of Diabetic Retinopathy| 983| USA| 45.2| NR| 12.3| CHD mortality   Waskiewicz et al 200498 | Pol-MONICA Programme| 5452| Poland| 49.3| 35\u201364| NR| CVD mortality   Wellmann et al 200499 | MONICA Augsburg Cohort| 2710| Germany| 49.6| 35\u201364| 10| Incident CHD   Wilkins 2002100 | National Population Health Survey| 6014| Canada| 43.8| \u226540| 4| Incident CHD   Woo et al 1990101 | Elderly Chinese Cohort| 427| China| 40| \u226560| 2.5| Incident stroke   Xu et al 2007102 | Husbands from Shanghai Women\u2019s Health Study| 64 515| China| 100| 30\u201389| 4.6| CHD and CVD mortality   Yang et al 1999103 | South Bay Heart Watch Cohort| 1196| USA| 89| \u226545| 3.4| Incident CHD   Yuan et al 1997104 | Four communities in Shanghai| 18 244| China| 100| 45\u201364| 6.7| CHD and stroke mortality   Zhang et al 2004105 | Northern and southern Chinese populations| 12 352| China| 100| 35\u201359| 15.2| Incident stroke"]}
{"par_id": 91038, "sentences": ["CHD=coronary heart disease.", "CVD=cardiovascular disease."]}
{"par_id": 91039, "sentences": ["### Study quality"]}
{"par_id": 91040, "sentences": ["We evaluated two primary features of study quality\u2014the number of years that participants were followed and adjustment for confounding.", "Duration of follow- up for study end points ranged from 2.5 to 35 years, with a mean follow-up of 11 years (standard deviation 6 years) (table 1).", "Of the included studies, 13 (15%) had \u22645 years of follow-up.", "Similarly, studies varied in the degree of confounder adjustment, ranging from none to 18 variables, with a mean of six (SD 4).", "Most studies (68) presented adjusted estimates, but eight reported only unadjusted estimates and another eight adjusted only for basic demographic information.", "Methods of adjustment, effect measure, and confounding variables used in each study are presented in the appendix tables 1\u20135 on bmj.com for each of our primary outcomes."]}
{"par_id": 91041, "sentences": ["### Primary analyses of cardiovascular disease mortality, coronary heart disease incidence and mortality, and stroke incidence and mortality"]}
{"par_id": 91042, "sentences": ["For cardiovascular disease mortality and both end points for coronary heart disease, alcohol consumption was associated with lower risk, with relative risks of about 0.75 (table 2).", "In general, relative risks derived from the more highly adjusted and from the less adjusted results were similar.", "Figures 2\u20134 reveal little visual evidence of heterogeneity despite statistical evidence of heterogeneity (P<0.001, I2=72.2%), probably driven by the large number of participants (>1 million).", "All the point estimates were <1.0 in studies, except for one study for cardiovascular disease mortality and two studies for coronary heart disease incidence and mortality."]}
{"par_id": 91043, "sentences": ["Fig 2 Forest plot of mortality from cardiovascular disease associated with alcohol consumption"]}
{"par_id": 91044, "sentences": ["Fig 3 Forest plot of incident coronary heart disease associated with alcohol consumption"]}
{"par_id": 91045, "sentences": ["Fig 4 Forest plot of mortality from coronary heart disease associated with alcohol consumption"]}
{"par_id": 91046, "sentences": ["Stratified analyses of pooled relative risks (95% CI) for cardiovascular and stroke outcomes (number of pooled studies in parentheses after each effect estimate)"]}
{"par_id": 91047, "sentences": ["| Cardiovascular disease mortality (n=21 studies, 1<thin>184<thin>956 subjects)| Coronary heart disease| | Stroke   ---|---|---|---|---   Incident (n=29 studies, 549<thin>504 subjects)| Mortality (n=31 studies, 1<thin>925<thin>106 subjects)| Incident (n=17 studies, 458<thin>811 subjects)| Mortality (n=10 studies, 723<thin>571 subjects)   Active drinkers v non-drinkers:| | | | | |   Least adjusted models| 0.84 (0.75 to 0.95) (11)| 0.73 (0.65 to 0.82) (14)| 0.80 (0.70 to 0.91) (10)| | 1.01 (0.88 to 1.16) (10)| 1.13 (0.96 to 1.32) (3)   Most adjusted models| 0.75 (0.70 to 0.80) (21)| 0.71 (0.66 to 0.77) (29)| 0.75 (0.68 to 0.81) (31)| | 0.98 (0.91 to 1.06) (17)| 1.06 (0.91 to 1.23) (10)   Active drinkers v lifetime abstainers| 0.82 (0.78 to 0.86) (9)| 0.73 (0.61 to 0.88) (9)| 0.75 (0.66 to 0.85) (7)| | 0.93 (0.85 to 1.02) (7)| 1.29 (1.09 to 1.53) (3)   Former drinkers v non-drinkers| 1.48 (1.23 to1.79) (6)| 1.10 (0.91 to 1.33) (8)| 1.31 (1.02 to 1.68) (6)| | 0.87 (0.72 to 1.07) (4)| Not reported (2)   Alcohol intake (g/day) v none:| | | | | |   <2.5| 0.71 (0.57 to 0.89) (7)| 0.96 (0.86 to 1.06) (6)| 0.92 (0.80 to 1.06) (6)| | 0.81 (0.74 to 0.89) (3)| 1.00 (0.75 to 1.34) (3)   2.5\u201314.9| 0.77 (0.71 to 0.83) (15)| 0.75 (0.65 to 0.88) (9)| 0.79 (0.73 to 0.86) (18)| | 0.80 (0.74 to 0.87) (3)| 0.86 (0.75 to 0.99) (6)   15\u201329.9| 0.75 (0.70 to 0.80) (13)| 0.66 (0.59 to 0.75) (15)| 0.79 (0.71 to 0.88) (15)| | 0.92 (0.82 to 1.04) (5)| 1.15 (0.86 to 1.54) (6)   30\u201360| 0.85 (0.73 to 0.98) (10)| 0.67 (0.56 to 0.79) (9)| 0.77 (0.72 to 0.83) (12)| | 1.15 (0.98 to 1.35) (4)| 1.10 (0.85 to 1.45) (5)   >60| 0.99 (0.84 to 1.17) (6)| 0.76 (0.52 to 1.09) (9)| 0.75 (0.63 to 0.89) (9)| | 1.62 (1.32 to 1.98) (4)| 1.44 (0.99 to 2.10) (3)   Sex:| | | | | |   Men| 0.80 (0.73 to 0.87) (13)| 0.71 (0.66 to 0.77) (25)| 0.77 (0.72 to 0.82) (21)| | 1.02 (0.92 to 1.13) (11)| 1.07 (0.89 to 1.28) (9)   Women| 0.69 (0.60 to 0.78) (9)| 0.71 (0.66 to 0.77) (11)| 0.78 (0.64 to 0.94) (10)| | 0.87 (0.75 to 1.01) (4)| 0.81 (0.67 to 0.98) (3)   Adjustment for confounding factors*:| | | | | |   Weak| 0.74 (0.67 to 0.82) (10)| 0.69 (0.62 to 0.76) (11)| 0.72 (0.63 to 0.83) (15)| | 0.99 (0.86 to 1.13) (7)| 1.30 (1.11 to 1.52) (5)   Strong| 0.76 (0.70 to 0.83) (11)| 0.72 (0.65 to 0.79) (18)| 0.80 (0.75 to 0.86) (16)| | 0.99 (0.89 to 1.09) (10)| 0.96 (0.81 to 1.14) (5)   Median follow-up time\u2020:| | | | | |   Short| 0.76 (0.71 to 0.83) (8)| 0.71 (0.65 to 0.79) (14)| 0.75 (0.67 to 0.85) (12)| | 0.98 (0.90 to 1.07) (9)| 1.01 (0.82 to 1.24) (5)   Long| 0.75 (0.67 to 0.84) (13)| 0.72 (0.64 to 0.80) (15)| 0.75 (0.67 to 0.84) (19)| | 1.00 (0.88 to 1.13) (8)| 1.18 (1.02 to 1.37) (5)"]}
{"par_id": 91048, "sentences": ["*Adjustment for confounding factors was dichotomised as weak (<median value) or strong (\u2265median value).", "Cut points: \u22655 for coronary heart disease and stroke mortality, \u22656 for cardiovascular disease mortality and incident coronary heart disease, \u22657 for incident stroke."]}
{"par_id": 91049, "sentences": ["\u2020Total follow-up time was dichotomised as short (<median value) or long (\u2265median value).", "Cut points: \u22659 for incident coronary heart disease, \u226510 for cardiovascular disease mortality, \u226512 for coronary heart disease mortality and incident stroke, \u226514 for stroke mortality."]}
{"par_id": 91050, "sentences": ["In contrast, the overall associations of alcohol intake with stroke incidence and mortality were close to null, both in minimally adjusted and more highly adjusted models (table 2, figs 5 and 6.).", "However, this null association seemed to obscure nearly significant but opposite associations with subtypes of incident stroke.", "Among the 12 studies on incident haemorrhagic stroke, the pooled relative risk for current alcohol drinkers compared with non-drinkers was 1.14 (95% confidence interval 0.97 to 1.34), whereas the eight studies on ischaemic stroke showed a moderate reduction in the pooled relative risk of 0.92 (0.85 to 1.00).", "Alcohol use was not associated with stroke mortality, but few studies assessed the risk of mortality from haemorrhagic or ischaemic stroke separately.", "Furthermore, only two studies reported relative risks on stroke end points for former drinkers compared with non-drinkers."]}
{"par_id": 91051, "sentences": ["Fig 5 Forest plot of incident stroke associated with alcohol consumption"]}
{"par_id": 91052, "sentences": ["Fig 6 Forest plot of mortality from stroke associated with alcohol consumption"]}
{"par_id": 91053, "sentences": ["### Analyses of dose response"]}
{"par_id": 91054, "sentences": ["Analyses of the dose of alcohol consumed showed that 2.5\u201314.9 g alcohol (about \u22641 drink) per day was protective for all five outcomes compared with no alcohol (table 2).", "For coronary heart disease outcomes, all levels of intake >2.5 g/day had similar degrees of risk reduction.", "For cardiovascular disease mortality as well as stroke incidence and mortality, the dose-response relations were less clear and more consistent with U or J shaped curves, suggesting an increased risk among drinkers of greater amounts of alcohol.", "Specifically, those who consumed >60 g/day were at a significantly increased risk of incident stroke compared with abstainers (relative risk 1.62 (1.32 to 1.98))."]}
{"par_id": 91055, "sentences": ["### Sensitivity analyses"]}
{"par_id": 91056, "sentences": ["In an analysis of differences in associations by sex, any amount of alcohol consumption relative to none was associated with greater reduction in cardiovascular disease mortality, stroke incidence, and stroke mortality for women than men.", "However, the association with stroke should be interpreted with caution, as the risk estimates for women are based on only three pooled studies.", "On the other hand, similar associations by sex were observed for coronary heart disease incidence and mortality (table 2)."]}
{"par_id": 91057, "sentences": ["Sensitivity analyses that were confined to only studies that controlled for the important confounders of smoking, age, and sex revealed generally similar results for all of the outcomes.", "Additional sensitivity analyses that account for the median number of confounding variables in the multivariable analyses of included studies revealed that those with fewer (less than the median) confounding variables generally reported slightly lower relative risk estimates.", "However, this pattern was inconsistent across the outcomes.", "Specifically, an increased risk of stroke mortality was observed for studies with limited adjustment for confounding.", "A similar trend was observed when considering the duration of follow-up.", "Using the pooled median number of years as the cut point, we found that studies with shorter follow-up reported a greater risk reduction for all outcomes except cardiovascular disease and coronary heart disease mortality (table 2)."]}
{"par_id": 91058, "sentences": ["Among those studies that used long term abstainers as the referent category, excluding former drinkers or evaluating them separately, the estimated association between drinking and both incidence and mortality estimates did not change substantively (table 2).", "Among studies that evaluated former drinkers separately, the risk of death (from cardiovascular disease and coronary heart disease) was significantly higher in former drinkers than in drinkers.", "However, former drinkers did not have an increased risk of incident cardiovascular events (coronary heart disease or stroke)."]}
{"par_id": 91059, "sentences": ["Finally, a sensitivity analysis that excluded the few studies where only odds ratios instead of relative risks were presented had little effect on the results.", "In cumulative meta-analyses of cardiovascular disease and coronary heart disease outcomes (appendix figs 1\u20133 on bmj.com), there was little variation in the relative risk associated with alcohol consumption on cardiovascular disease mortality or incident coronary heart disease with addition of new studies after 1999; for coronary heart disease mortality, this plateau in incremental change from new studies occurred as early as 1992\u20133."]}
{"par_id": 91060, "sentences": ["### Mortality from all causes"]}
{"par_id": 91061, "sentences": ["Of the 84 studies addressing alcohol and cardiovascular disease events, 31 also examined the association of alcohol consumption with all cause mortality.", "The pooled estimates from these studies showed a lower risk of all cause mortality for drinkers compared with non-drinkers (relative risk 0.87 (0.83 to 0.92)) (fig 7).", "However, the association was J shaped, with the lowest risk for those consuming 2.5\u201314.9 g/day (relative risk 0.83 (0.80 to 0.86), 16 studies) and an elevated risk in those consuming >60 g/day (relative risk 1.30 (1.22 to 1.38), 8 studies)."]}
{"par_id": 91062, "sentences": ["Fig 7 Forest plot of mortality from all causes associated with alcohol consumption"]}
{"par_id": 91063, "sentences": ["### Publication bias"]}
{"par_id": 91064, "sentences": ["Visual inspection of the funnel plot for each outcome did not show asymmetry, an indication that significant publication bias was not likely.", "This was further confirmed by a non-significant Begg\u2019s test for each outcome (for cardiovascular disease mortality, P=0.40; incident coronary heart disease, P=0.75; coronary heart disease mortality, P=0.089; incident stroke, P=0.33; stroke mortality, P=0.59; all cause mortality, P=0.26)."]}
{"par_id": 91065, "sentences": ["In this review of 84 studies of alcohol consumption and cardiovascular disease, alcohol consumption at 2.5\u201314.9 g/day (about \u22641 drink a day) was consistently associated with a 14\u201325% reduction in the risk of all outcomes assessed compared with abstaining from alcohol.", "Such a reduction in risk is potentially of clinical importance, but consumption of larger amounts of alcohol was associated with higher risks for stroke incidence and mortality."]}
{"par_id": 91066, "sentences": ["To our knowledge, this systematic review and meta-analysis is the most comprehensive to date.", "Although roughly similar estimates of lower risk were observed in previous meta-analyses of both coronary heart disease and stroke,1 2 3 4 5 6 7 8 our review extends the findings by assessing a broader array of relevant cardiovascular outcomes and adding several new important studies.", "Our review clarifies several discrepancies among prior reports.", "Corrao et al reported a J shaped relation between alcohol intake and coronary heart disease,2 whereas the review by Maclure described this relation as L shaped because he did not observe an increase in coronary heart disease risk associated with higher alcohol consumption.6", "Our updated meta-analysis supports the latter association for coronary heart disease, with a 25\u201335% risk reduction for light to moderate drinking106 that also is present with heavier drinking."]}
{"par_id": 91067, "sentences": ["Our analysis of multiple cardiovascular outcomes also shows the complexities inherent in the study of alcohol consumption.", "Modest alcohol intake was associated with lower stroke incidence and mortality, but the risk increased substantially with heavier drinking (that is, a J shaped relation).", "Furthermore, the association of alcohol consumption is complex and differs by stroke subtype, with a slightly lower risk of ischaemic stroke but higher risk of haemorrhagic stroke.", "These differential associations probably reflect the known antithrombotic effects of alcohol.107", "Alcohol consumption, particularly at high doses, also seems to have an adverse association with blood pressure that may account, in part, for the higher risk of haemorrhagic stroke associated with heavier drinking.108", "Additionally, our analysis does not consider other known detrimental effects of high alcohol consumption.3", "Therefore, our findings lend further support for limits on alcohol consumption.106 109"]}
{"par_id": 91068, "sentences": ["Our review also highlights other important aspects of the relation between alcohol consumption and cardiovascular disease.", "Firstly, the lower risk of coronary heart disease associated with alcohol consumption was at least as strong for women as for men.", "Limited evidence suggests that the risk of stroke related to alcohol is lower for women than men, but this may only reflect lower alcohol intake among women.", "Secondly, inclusion of former drinkers did not seem to bias the association of alcohol consumption with cardiovascular disease.", "Thirdly, when studies were summarised chronologically, we found that the overall association between drinking and cardiovascular disease and coronary heart disease became apparent at least a decade ago, and ongoing studies have done little to revise the estimated associations."]}
{"par_id": 91069, "sentences": ["### An argument for causation"]}
{"par_id": 91070, "sentences": ["From the extensive body of literature summarised here, the association between alcohol consumption and decreased cardiovascular risk is not in question, as additional research has not changed this conclusion.", "Rather, the lingering question is whether this association is causal.", "Clearly, observational studies cannot establish causation.", "However, when the present results are coupled with those from our companion review paper summarising interventional mechanistic studies focusing on biomarkers associated with cardiovascular disease,110 the argument for causation becomes more compelling.", "Indeed, the mechanistic biomarker review shows biological plausibility for a causal association by showing favourable changes in pathophysiologically relevant molecules."]}
{"par_id": 91071, "sentences": ["Therefore, we can now examine the argument for causation based on Hill\u2019s criteria.111", "Beyond the biological plausibility argument discussed above, there is an appropriate temporal relation with alcohol use preventing cardiovascular disease.", "Secondly, we have observed a greater protective association with increasing dose, except that it seems to be offset somewhat by negative associations with the risk of haemorrhagic stroke.", "Thirdly, the protective association of alcohol has been consistently observed in diverse patient populations and in both women and men.", "Fourthly, the association is specific: moderate drinking (up to 1 drink or 12.5 g alcohol per day for women and 2 drinks or 25 g alcohol per day for men106) is associated with lower rates of cardiovascular disease but is not uniformly protective for other conditions, such as cancer.112", "Lastly, the reduction in risk is notable even when controlling for known confounders (such as smoking, diet, and exercise).", "Any potential unmeasured confounder would need to be very strong to explain away the apparently protective association."]}
{"par_id": 91072, "sentences": ["### Limitations of study"]}
{"par_id": 91073, "sentences": ["The results of our meta-analysis should be interpreted in context of the limitations of available data.", "Firstly, the quality of individual studies varied, with some studies having limited follow-up and limited adjustment for potential confounding.", "With respect to study follow-up, it is possible that misclassification of alcohol consumption may increase with study length because of changes in drinking habits over time.", "It is also possible that potential biological effects of alcohol vary with time of exposure.", "However, arguing against both these possibilities, the analysis stratified by length of follow-up did not show different associations between alcohol intake and outcome for shorter follow-up times versus longer times."]}
{"par_id": 91074, "sentences": ["Secondly, only a limited subset of studies provided specific risk estimates for different beverages.", "Although there is great interest in differences between beer, wine, and spirits, alcoholic drinks generally have similar effects on high density lipoprotein cholesterol,113 and it is likely that any particular benefit of wine is prone to confounding by diet and socioeconomic status.114 115", "None the less, this remains an interesting topic for further investigation."]}
{"par_id": 91075, "sentences": ["Thirdly, we found only limited information on the relation between alcohol intake and mortality from subtypes of stroke, so this topic continues to be important for large observational cohort studies.", "Finally, we observed significant heterogeneity across studies for several of our pooled analyses.", "This may be due in great part to large study sample sizes, which can confer greater statistical power to heterogeneity tests, whereas the clinical relevance of this heterogeneity may be quite modest.10", "Visual inspection of our various forest plots and the relative consistency of pooled relative risks across clinical and methodological variables suggest that there is considerable consistency in the relative risk findings across studies and across strata."]}
{"par_id": 91076, "sentences": ["### Implications"]}
{"par_id": 91077, "sentences": ["Given the consistency observed in our findings and compelling mechanistic data pointing to causation in our companion review, additional observational studies will have limited value except to elucidate more precisely the association of alcohol and stroke.116", "Rather, debate should centre now on how to integrate this evidence into clinical practice and public health messages.", "In the realm of clinical practice, the evidence could form a foundation for proposing counselling for selected patients to incorporate moderate amounts of alcohol into their diets to improve their coronary heart disease risk.", "However, such a clinical strategy requires formal evaluation in pragmatic clinical trials that assess the questions of optimal patient selection, compliance, risks, and benefits.", "The focus of such trials would shift from assessing the association between alcohol and disease outcomes to evaluating the receptivity of both physicians and patients to the recommended consumption of alcohol for therapeutic purposes and the extent to which it can be successfully and safely implemented.", "In support of implementation trials, our two papers show that alcohol consumption in moderation has reproducible and plausible effects on markers of coronary heart disease risk."]}
{"par_id": 91078, "sentences": ["With respect to public health messages, there may now be an impetus to better communicate to the public that alcohol, in moderation, may have overall health benefits that outweigh the risks in selected subsets of patients.", "Again, any such strategy would need to be accompanied by rigorous study and oversight of impacts.", "One approach would be to undertake public health messaging pilot studies on well defined target populations (such as a workplace or in a small jurisdiction) to permit detailed evaluation of effects on measures such as knowledge, attitudes, self reported drinking behaviours, and perhaps, secondarily, health outcomes."]}
{"par_id": 91079, "sentences": ["The debate on how to integrate this evidence into clinical practice and public health messages will require integration of all possible effects of alcohol\u2014from injury and violence to glucose metabolism and inflammation\u2014and recognition that these effects may be distributed unequally across the population.", "For example, injury risk probably disproportionately affects younger individuals, whereas cardiovascular disease mainly affects older adults.", "Robust studies that examine multiple outcomes simultaneously are needed to identify those subsets of the population in which reduced cardiovascular risk might dominate against those for whom the risks of social and medical problems (including several cancers and injury112 117) are too great.", "Despite the latter concerns, results of our secondary analysis of overall mortality (fig 5) support the notion that moderate alcohol consumption is associated with net benefit, at least in populations similar to those studied in the extant literature."]}
{"par_id": 91080, "sentences": ["Our two systematic review papers summarise a surprisingly extensive body of literature on the relation between alcohol and cardiovascular disease.", "Our findings point to the need to define implications for clinical and public health practice.", "These reviews and the perspectives above provide a foundation for that dialogue."]}
{"par_id": 91081, "sentences": ["### What is already known on this topic:"]}
{"par_id": 91082, "sentences": ["* Systematic reviews have addressed the association of alcohol consumption with various cardiovascular outcomes"]}
{"par_id": 91083, "sentences": ["* However, these reviews are somewhat out of date, and none has comprehensively studied a broad spectrum of relevant cardiovascular end points"]}
{"par_id": 91084, "sentences": ["### What this study adds"]}
{"par_id": 91085, "sentences": ["* This meta-analysis provides a summary of current knowledge regarding alcohol associations with six meaningful clinical end points\u2014cardiovascular disease mortality, coronary heart disease incidence and mortality, stroke incidence and mortality, and all cause mortality"]}
{"par_id": 91086, "sentences": ["* The results confirm the beneficial effects of moderate alcohol consumption and the need to elucidate the underlying pathophysiological mechanisms"]}
{"par_id": 91087, "sentences": ["## Web Extra.", "Extra material supplied by the author"]}
{"par_id": 91088, "sentences": ["## Notes"]}
{"par_id": 91089, "sentences": ["Preliminary results from this manuscript were presented at the 32nd annual meeting of the Society of General Internal Medicine, Miami, Florida, 14 May 2009."]}
{"par_id": 91090, "sentences": ["Contributors: All authors conceived the study and developed the protocol.", "PER and SEB conducted the search, abstracted the data for the analysis, and performed the statistical analysis.", "PER, SEB, and WAG wrote the first draft of the manuscript.", "All authors had access to the data, critically reviewed the manuscript for important intellectual content, and approved the final version of the manuscript.", "WAG will act as guarantor for the paper."]}
{"par_id": 91091, "sentences": ["Funding: This work was supported by a contracted operating grant from Program of Research Integrating Substance Use Information into Mainstream Healthcare (PRISM) funded by the Robert Wood Johnson Foundation, project No 58529, with cofunding by the Substance Abuse and Mental Health Services and the Administration Center for Substance Abuse Treatment.", "PER is supported by a Frederick Banting and Charles Best Canada Graduate Scholarship from the Canadian Institutes of Health Research.", "SEB is supported by a Postdoctoral Fellowship Award from the Alberta Heritage Foundation for Medical Research.", "WAG is supported by a Canada Research Chair in Health Services Research and by a Senior Health Scholar Award from the Alberta Heritage Foundation for Medical Research.", "The study was conducted independently of funding agencies.", "None of the funding agencies played an active role in the preparation, review, or editing of this manuscript."]}
{"par_id": 91092, "sentences": ["Competing interests: All authors have completed the Unified Competing Interest form at www.icmje.org/coi_disclosure.pdf (available on request from the corresponding author) and declare: support from the Robert Wood Johnson Foundation, the Substance Abuse and Mental Health Services, and the Administration Center for Substance Abuse Treatment (as detailed above) for the submitted work, no financial relationships with any organisations that might have an interest in the submitted work in the previous three years, no other relationships or activities that could appear to have influenced the submitted work."]}
{"par_id": 91093, "sentences": ["Ethical approval: Not required."]}
{"par_id": 91094, "sentences": ["Data sharing: Statistical code and datasets available from the corresponding author at wghali@ucalgary.ca"]}
{"par_id": 91095, "sentences": ["## Notes"]}
{"par_id": 91096, "sentences": ["Cite this as: BMJ 2011;342:d671"]}
