{"PMC2811155": {"PMC4342580_2": {"context": "PINK1 thus bypasses \u0394\u03a8m-dependent degradation, which triggers the accumulation of PINK1 on the OMM, interaction with the translocase of the outer membrane (TOM) complex, PINK1 dimerization and autophosphorylation (Lazarou et al., 2012; Matsuda et al., 2010; Narendra et al., 2010; Okatsu et al., 2012b).\n", "support": []}, "PMC3630392_7": {"context": "The resulting 52\u2009kDa processing fragment may then undergo multiple fates: in its soluble form it is exported to the cytosol where it is degraded by the proteasome (Lin and Kang, 2008; Narendra et al., 2010; Greene et al., 2012).\n", "support": []}, "PMC5487699_1": {"context": "PTEN-induced putative kinase 1 (PINK1) and parkin (PARK2) exert essential functions in mitochondrial homeostasis and quality control [52\u201354].\n", "support": []}, "PMC3630392_6": {"context": "Indeed, endogenous PINK1 is found at low levels in cells as a result of its high turnover rate (Lin and Kang, 2008; Narendra et al., 2010).\n", "support": []}, "PMC5084273_1": {"context": "Mitophagy has three requisite steps: the activation of Parkin E3-ubiquitin ligase activity at the outer mitochondrial membrane (OMM; Narendra et al., 2008, 2010; Tanaka et al., 2010),\n", "support": []}, "PMC4342580_3": {"context": "the submitochondrial localization of PINK1 varies from the OMM\n", "support": []}, "PMC4026148_1": {"context": "With both of these genes playing a role in ARJP, previous studies have shown that the proteins for these genes are linked where the pathways connect, which is critical in maintaining mitochondrial integrity and function [19].\n", "support": []}, "PMC4702311_5": {"context": "a number of PD-linked mutations found in the parkin E3 ligase domain, such as parkin T240R and G430D mutations, are able to disrupt the E3 ligase activity of parkin for ubiquitinating its substrates and the ability of parkin to promote mitophagy\n", "support": []}, "PMC4026148_3": {"context": "However, overexpression of PINK1 does not compensate for loss of parkin expression, suggesting that PINK1 has a function that is upstream in the pathway connected to parkin [19]\n", "support": []}, "PMC4342580_1": {"context": "Recent cell-based and in vivo studies have revealed that PINK1 acts upstream of another gene product that is relevant to Parkinson's disease, Parkin (Clark et al., 2006; Geisler et al., 2010; Kitada et al., 1998; Matsuda et al., 2010; Narendra et al., 2010; Park et al., 2006; Rakovic et al., 2010; Vives-Bauza et al., 2010; Yang et al., 2006; Ziviani et al., 2010).\n", "support": []}, "PMC3630392_4": {"context": "PINK1 also regulates mitochondrial morphology in mammalian cells (Poole et al., 2008), and is essential for the recruitment of Parkin to mitochondria in cultured immortalized cells (Geisler et al., 2010; Matsuda et al., 2010; Narendra et al., 2010; Vives-Bauza et al., 2010; Lazarou et al., 2013)\n", "support": []}, "PMC5084273_3": {"context": "The first step is well established: PINK1 normally resides in the inner mitochondrial membrane, but when damage dissipates the mitochondrial membrane potential (m\u0394 ), protein import ceases and PINK1 instead accumulates in the OMM\n", "support": []}, "PMC5487699_2": {"context": "Parkin functions as an E3 ubiquitin ligase that ubiquitinates PINK1 on the outer membrane of damaged and aged mitochondria\n", "support": []}, "PMC5084273_2": {"context": "dynamin-related protein 1 (DRP1)\u2013catalyzed fission of the damaged mitochondria (Twig et al., 2008; Narendra et al., 2010),\n", "support": []}, "PMC3630392_5": {"context": "whereas wild-type PINK1 can rescue Parkin mitochondrial localization in PINK1\u2212/\u2212 mouse embryonic fibroblasts (MEFs), a kinase-dead mutant of PINK1 cannot (Geisler et al., 2010; Matsuda et al., 2010; Narendra et al., 2010; Vives-Bauza et al., 2010).\n", "support": []}, "PMC4026148_2": {"context": "In addition, studies have shown that overexpression can compensate for the loss of PINK1 protein [19].\n", "support": []}, "PMC4702311_4": {"context": "Mitochondrial dysfunction triggers PINK1 localization and activation on the OMM of damaged mitochondria\n", "support": []}, "PMC3549971_3": {"context": "R275W Parkin, mutated in the RING1 domain, is recruited to mitochondria by PINK1 but fails to induce mitophagy (Geisler et al., 2010; Narendra et al., 2010).\n", "support": []}, "PMC4342580_4": {"context": "PINK1 has been shown to localize on the OMM of depolarized mitochondria and undergo autophosphorylation-dependent activation in response to a decrease in \u0394\u03a8m\n", "support": []}, "PMC4026148_6": {"context": "Previous studies have shown that overexpression of PARKIN can compensate for the loss of PINK1 expression [19].\n", "support": []}, "PMC3630392_1": {"context": "Although it is not known whether the Ubl binds a mitochondrial ligand, it has been shown to be required for efficient mitochondrial recruitment and mitophagy in two reports (Narendra et al., 2010; Shiba-Fukushima et al., 2012)\n", "support": []}, "PMC3842116_2": {"context": "Autophosphorylation of the accumulated PINK1 promotes the efficient retrieval and co-localization of Parkin to damaged mitochondria (Matsuda et\u00a0al. 24; Narendra et\u00a0al. 27; Okatsu et\u00a0al. 30).\n", "support": []}, "PMC4033777_1": {"context": "When targeted to healthy mitochondria, PINK1 is partially translocated across the mitochondrial outer and inner membranes, cleaved by several enzymes including the matrix-localized mitochondrial-processing peptidase MPP and the inner membrane protease PARL, released back into the cytosol, and rapidly degraded by the proteasome via the N-end rule pathway (Fig. 3 C; Jin et al., 2010; Matsuda et al., 2010; Narendra et al., 2010b; Deas et al., 2011; Meissner et al., 2011; Shi et al., 2011; Greene et al., 2012; Yamano and Youle, 2013).\n", "support": []}, "PMC4342580_5": {"context": "overexpression of exogenous PINK1 itself (even the wild-type form) triggers mitochondrial localization and autoubiquitylation of Parkin even in the absence of CCCP\n", "support": []}, "PMC4026148_7": {"context": "we expect these genes work together in a pathway where they sense mitochondria that are in distress [19].\n", "support": []}, "PMC3549971_2": {"context": "Previously examined Parkin mutations that occur in PD patients display a range of mitochondrial translocation activities but most fail to induce mitophagy (Geisler et al., 2010; Matsuda et al., 2010; Narendra et al., 2010).\n", "support": [[2143, 2357], [1983, 2142]]}, "PMC4957882_1": {"context": "PINK1 is known as a parkin upstream factor that accumulates on mitochondria upon depolarization of mitochondria and recruits parkin onto mitochondria [73].\n", "support": []}, "PMC4702311_1": {"context": "PINK1 protein levels are virtually undetectable under normal conditions, thus arguing against a function of PINK1 in healthy mitochondria [30, 34, 35].\n", "support": []}, "PMC4702311_3": {"context": "Subsequent studies in mammalian cells showed that PINK1 is required for recruiting parkin from the cytosol to depolarized mitochondria to promote mitophagy [35, 37, 50, 67, 68].\n", "support": []}, "PMC4026148_5": {"context": "This increased amount of damage that occurs to the mtDNA is closely associated with sporadic Parkinson\u2019s disease, which involves multiple changes in nerve cells, causing a considerable mitochondrial dysfunction [19].\n", "support": []}, "PMC4033777_3": {"context": "Upon mitochondrial dysfunction such as \u0394\u03a8m dissipation, PINK1 is stalled in the outer membrane and anchored on the surface of mitochondria (Kawajiri et al., 2010; Matsuda et al., 2010; Narendra et al., 2010b; Rakovic et al., 2010).\n", "support": []}, "PMC3630392_2": {"context": "PD mutants in the RING0 domain (K161N, K211N, C212Y) have strongly impaired mitochondrial recruitment and clearance activity (Geisler et al., 2010; Matsuda et al., 2010; Narendra et al., 2010)\n", "support": []}, "PMC3842116_1": {"context": "Activated PINK1 then recruits the latent form of Parkin from the cytosol to the same low-quality mitochondria (Matsuda et\u00a0al. 24; Narendra et\u00a0al. 27; Vives-Bauza et\u00a0al. 42; Okatsu et\u00a0al. 30).\n", "support": []}, "PMC3630392_3": {"context": "PINK1 kinase activity is required for the recruitment of Parkin to depolarized mitochondria and for the activation of its ubiquitin ligase activity (Geisler et al., 2010; Matsuda et al., 2010; Narendra et al., 2010; Vives-Bauza et al., 2010; Lazarou et al., 2013).\n", "support": []}, "PMC4033777_2": {"context": "In this situation, Parkin is dispersed throughout the cytosol as an inactive form and is not stably associated with mitochondria (Narendra et al., 2008, 2010b; Matsuda et al., 2010; Chaugule et al., 2011; Chew et al., 2011) (Fig. 3 C).\n", "support": []}, "PMC5084273_4": {"context": "OMM ubiquitin tags signal whole-organelle engulfment and degradation by autophagy (Narendra et al., 2010).\n", "support": []}, "PMC4026148_4": {"context": "The mitochondrial DNA within the substantia nigra has a higher mutation rate than in any other region in the brain [19].\n", "support": []}, "PMC4342580_6": {"context": "When \u0394\u03a8m is reduced, the driving force for matrix import decreases, resulting in the accumulation of activated PINK1 on depolarized mitochondria\n", "support": []}, "PMC3549971_1": {"context": "PINK1 recruits Parkin to mitochondria via its kinase activity (Geisler et al., 2010; Matsuda et al., 2010; Narendra et al., 2010; Vives-Bauza et al., 2010).\n", "support": [[1983, 2142], [20030, 20158]]}, "PMC4957882_2": {"context": "As a mitochondrial protein, PINK1 has multiple roles in mitochondria, including mitophagy\n", "support": []}, "PMC4702311_2": {"context": "Increasing evidence supports that mitochondrial dysfunction-triggered PINK1 localization on the OMM serves as a damage-sensing, quality-control mechanism to mark damaged mitochondria for clearance by mitophagy [29, 35, 44, 49, 50].\n", "support": []}, "PMC3010068_2": {"context": "To achieve this, we applied two Parkin mutants: ParkinR275W, which translocates to depolarized mitochondria but fails to induce mitophagy; and ParkinC441R, which fails to translocate to mitochondria (Narendra et al., 2010).\n", "support": [[37800, 38088], [37239, 37411], [39271, 39500]]}, "PMC4038460_8": {"context": "However, because FL-PINK1 appears to be the only form of PINK1 that accumulates upon mitochondrial depolarization [10], processed forms of PINK1 may not normally participate in pathway activity.\n", "support": []}, "PMC4406659_1": {"context": "modifications of proteins involved in the mitophagy modulation (e.g. parkin and PINK1) (Narendra et\u00a0al., 2010; Van Humbeeck et\u00a0al., 2011; Palikaras & Tavernarakis, 2012) disturb mitophagy and promote PD.\n", "support": []}, "PMC5349099_1": {"context": "Parkin has been associated with various cellular pathways but special importance has been given to its role in mitochondrial quality control, where it participates in common pathways with Pink1 to regulate the formation of mitochondrial-derived vesicles and mitophagy 104105106107108109110.\n", "support": []}, "PMC3010068_3": {"context": "PINK1, a mitochondrial kinase, is essential for the Parkin translocation to depolarized mitochondria and for Parkin-mediated mitophagy (Geisler et al., 2010; Matsuda et al., 2010; Narendra et al., 2010; Vives-Bauza et al., 2010).\n", "support": [[647, 879]]}, "PMC3010068_1": {"context": "Consistent with genetic studies in flies that indicated that they work in the same pathway, Parkin translocation and mitophagy induction require PINK1 activity (Geisler et al., 2010; Matsuda et al., 2010; Narendra et al., 2010; Vives-Bauza et al., 2010).\n", "support": [[25148, 25425]]}, "PMC4406659_2": {"context": "the quality control of mitochondria (Bueler, 2009; Weihofen et\u00a0al., 2009; Yang et\u00a0al., 2010; Narendra et\u00a0al., 2010; Van Humbeeck et\u00a0al., 2011; Palikaras & Tavernarakis, 2012) have proved to be relevant for both PD and aging.\n", "support": []}, "PMC5349099_2": {"context": "Parkin-assisted Pink1 translocation into mitochondria is associated with autophagy of damaged mitochondria\n", "support": []}, "PMC2995166_8": {"context": "When we treated HeLa cells stably expressing YFP-Parkin with MG132 for 8 h to accumulate the 52-kD PINK1 (Fig. 1 c; Narendra et al., 2010)\n", "support": [[75271, 75451], [0, 75], [14367, 14618]]}, "PMC3291531_2": {"context": "A decline in mitochondrial membrane-potential induced by the mitochondrial uncoupler carbonyl cyanide m-chlorophenylhydrazone (CCCP) was reported to activate the PINK1/Parkin pathway [13], [14], [39].\n", "support": [[7213, 7457]]}, "PMC3010068_4": {"context": "In contrast to inhibition of transcription, inhibition of translation by treatment with cycloheximide (CHX) prevents both the CCCP-dependent induction of PINK1 expression and Parkin translocation to CCCP-uncoupled mitochondria (Narendra et al., 2010).\n", "support": [[32292, 32602], [31607, 31779]]}, "PMC4482400_1": {"context": "Parkin is localized to the cytosol under baseline conditions, but rapidly translocates to damaged mitochondria via a mechanism that is thought to involve the serine/threonine kinase PINK1 [6, 7].\n", "support": []}, "PMC4404204_1": {"context": "PINK1 acts as a molecular detector of damaged mitochondria (Narendra et al., 2010; Vives-Bauza et al., 2010).\n", "support": []}, "PMC5962687_1": {"context": "Under \u2018normal\u2019 or \u2018healthy\u2019 conditions, PINK1 is rapidly imported into mitochondria via TOM40 and translocation of inner membrane pores (156) in a mitochondrial membrane potential-dependent manner (157\u2013159).\n", "support": []}, "PMC5881750_2": {"context": "As mitochondrial membrane potential (\u0394\u03c8) is lost, PINK1 is stabilized and accumulates on the outer membrane of damaged mitochondria where it selectively recruits Parkin (48).\n", "support": []}, "PMC3010068_5": {"context": "M17 neuroblastoma carrying small hairpin RNA (shRNA) for control or PINK1 (Narendra et al., 2010)\n", "support": [[7775, 7947]]}, "PMC3291531_3": {"context": "normally labile PINK1 protein is stabilized on damaged mitochondria [39]\n", "support": [[0, 75]]}, "PMC3291531_1": {"context": "Miro protein level might be regulated by PINK1 and possibly Parkin, which tends to work together with PINK1 in a common pathway [3]\u2013[5], [39].\n", "support": [[1455, 1719]]}, "PMC4482400_2": {"context": "Healthy mitochondria with intact membrane potential (\u2206\u03a8m) rapidly import and degrade PINK1 via mitochondrial proteases [7, 8].\n", "support": []}, "PMC4404204_2": {"context": "Following mitochondrial damage or depolarization, full length PINK1 accumulates at the mitochondrial outer membrane, with its kinase domain present facing the cytosol (Narendra et al., 2010).\n", "support": []}, "PMC5962687_2": {"context": "Upon mitochondrial damage, PINK1 is stabilised and selectively accumulates on the mitochondrial outer membrane (MOM), where it recruits and activates Parkin (158, 159, 164).\n", "support": []}, "PMC4482400_3": {"context": "studies have reported that accumulation of PINK1 on the outer mitochondrial membrane is required for recruitment of Parkin [6, 7, 28, 29].\n", "support": []}, "PMC5881750_1": {"context": "Early studies have suggested that endogenously or ectopically Parkin could be recruited towards the depolarized mitochondria through interaction with PINK1 (23,48).\n", "support": []}, "PMC3010068_6": {"context": "The plasmids carrying shRNA sequences for DRP1, Mito-YFP, mCherry-Parkin, YFP-Parkin (wild type, R275W, C441R), and Mfn2-YFP have been described previously (Karbowski et al., 2007; Narendra et al., 2008, 2010).\n", "support": [[7775, 7947]]}, "PMC4038460_1": {"context": "these genes encode components of a mitochondrial quality control system that promotes the selective degradation of defective mitochondria [9], [10], [11].\n", "support": []}, "PMC3771941_4": {"context": "Parkin, another causative gene product for early-onset PD, is recruited to and promotes mitophagy of damaged mitochondria and thus protects cells (Geisler et\u00a0al., 2010; Matsuda et\u00a0al., 2010; Narendra et\u00a0al., 2010).\n", "support": []}, "PMC3000346_2": {"context": "This translocation of Parkin requires the function of PINK1, which is stabilized and accumulates on damaged mitochondria [12].\n", "support": [[6016, 6210], [0, 75]]}, "PMC6210981_3": {"context": "The majority of the work done so far has been related to PINK\u2019s role in mitochondrial function in PD however, many of the experiments in those studies were carried out in cancer cell lines [54,56,67,91,110,165,166].\n", "support": []}, "PMC2995166_3": {"context": "ectopic and endogenous PINK1 have been reported to span the outer mitochondrial membrane with the C-terminal kinase region facing the cytosol poised to induce Parkin translocation (Zhou et al., 2008; Narendra et al., 2010).\n", "support": [[16798, 17009], [24807, 24902], [213, 313], [41496, 41799], [22627, 22829]]}, "PMC2995166_2": {"context": "Although endogenous PINK1 protein expression is constitutively low owing to rapid turnover, PINK1 proteolysis is inhibited by mitochondrial uncoupling, allowing a robust increase in expression when a mitochondrion is damaged and loses membrane potential (Lin and Kang, 2008; Matsuda et al., 2010; Narendra et al., 2010).\n", "support": [[379, 646], [6016, 6213], [28319, 28506], [40262, 40488], [7095, 7212]]}, "PMC6210981_2": {"context": "participates in the clearance of damaged mitochondria under PINK1\u2019s influence [51,54,56,91,111,112].\n", "support": []}, "PMC3771941_5": {"context": "Overexpression of PINK1-WT but not PINK1 mutants induced the translocation of parkin to mitochondria regardless of depolarization (Figure 8C), as reported previously (Narendra et\u00a0al., 2010).\n", "support": []}, "PMC4038460_2": {"context": "The accumulated PINK1 then recruits the cytosolic E3 ubiquitin ligase Parkin, which ubiquitinates proteins on the mitochondrial surface, leading to isolation of the defective mitochondria and their eventual degradation in the lysosome [9], [10], [11].\n", "support": []}, "PMC3000346_1": {"context": "PINK1 and Parkin have also been suggested to collaborate to form a mitochondrial quality control system [11], [12].\n", "support": [[4122, 4248], [87, 212]]}, "PMC2995166_1": {"context": "Upon mitochondrial damage or uncoupling, Parkin relocalizes to mitochondria and can mediate the autophagic elimination of damaged mitochondria (Narendra et al., 2008), which is dependent on PINK1 kinase activity (Geisler et al., 2010; Matsuda et al., 2010; Narendra et al., 2010; Vives-Bauza et al., 2010).\n", "support": [[39646, 40027], [647, 879], [1983, 2142], [2143, 2357], [6363, 6502]]}, "PMC6210981_1": {"context": "While PINK build up is the precursor of mitophagy as a quality control process, PARKIN assumes a cleansing role by removing defective mitochondria via autophagy [51,52,56,91].\n", "support": []}, "PMC4038460_3": {"context": "PINK1 accumulates in cell culture upon mitochondrial depolarization\n", "support": []}, "PMC6377406_2": {"context": "Mitochondrially localized pools of PINK1 are required for many of its regulatory effects on mitochondrial homeostasis\n", "support": []}, "PMC4038460_7": {"context": "Although previous work indicated that the accumulation of FL-PINK1 on the outer surface of depolarized mitochondria triggers the activation of the PINK1-Parkin pathway [10], [11], it was unclear whether other processed forms of PINK1 could also trigger pathway activation.\n", "support": []}, "PMC3771941_2": {"context": "PINK1 accumulates on mitochondria in a mitochondrial membrane potential\u2013dependent manner and triggers mitophagy of damaged mitochondria (Matsuda et\u00a0al., 2010; Narendra et\u00a0al., 2010).\n", "support": []}, "PMC2995166_5": {"context": "proteosome-independent proteolysis yields a 52-kD form of PINK1 that is subsequently degraded by the proteosome (Narendra et al., 2010).\n", "support": [[12757, 12951], [14367, 14618], [15294, 15583], [41198, 41495], [42440, 42665]]}, "PMC6357844_1": {"context": "The connection between PD and mitochondria is reinforced by heritable forms of the disease, wherein monogenetic PD-causing mutations in nuclear-expressed proteins such as PINK1, Parkin, LRRK2, and alpha-synuclein have all been shown to affect mitochondrial function (Narendra et al., 2010; Sanders et al., 2014; Di Maio et al., 2016; Verma et al., 2017).\n", "support": []}, "PMC2995166_4": {"context": "owing to insufficient knockdown of endogenous PARL in HeLa cells and to insufficient expression of ectopic PINK1 in PARL knockout (KO) mouse embryonic fibroblasts (MEFs; Narendra et al., 2010).\n", "support": [[17511, 17648], [7948, 8155], [18532, 18700], [24807, 24902], [38438, 38701]]}, "PMC3771941_3": {"context": "OPA3-PINK1 is stably localized on the outer membrane (Narendra et\u00a0al., 2010).\n", "support": []}, "PMC6358975_1": {"context": "mitochondrial depolarization [198,199,200], can result in the fission, depolarization, and damage of mitochondria.\n", "support": []}, "PMC4384303_1": {"context": "when the mitochondrial inner membrane potential is severely depleted, PINK1 fails to cross the inner membrane and integrates into the mitochondrial outer membrane [12,13] (Figure\u00a01B).\n", "support": []}, "PMC4038460_6": {"context": "Previous work has shown that PINK1 protein is normally maintained at low levels in healthy cells [10], [11].\n", "support": []}, "PMC6377406_3": {"context": "PINK1 has been studied extensively for its role in mitochondrial quality control in a variety of cell types\n", "support": []}, "PMC2995477_1": {"context": "We and others have previously demonstrated that endogenous PINK1 behaves similarly to the overexpressed PINK1 counterparts in that PINK1 FL accumulates under valinomycin treatment and PINK1 \u03941 and \u03942 accumulate under proteasome inhibitor treatment [9,12,22]\n", "support": [[7213, 7457], [7459, 7667]]}, "PMC6377406_1": {"context": "PINK1 has been extensively studied for its mitochondrial functions, recruiting Parkin to activate mitophagy\n", "support": []}, "PMC4038460_4": {"context": "consistent with previous work demonstrating that PINK1 is rapidly degraded in healthy mitochondria (Fig. 4D) [10], [11].\n", "support": []}, "PMC4384303_3": {"context": "Like PINK1, ATFS-1 has an amino-terminal MTS and is constitutively imported into healthy mitochondria, where it is processed and degraded by the Lon protease [9,13,41].\n", "support": []}, "PMC6358975_3": {"context": "Parkin ubiquitinates the mitochondrial proteins onto the outer mitochondrial membrane\n", "support": []}, "PMC3771941_1": {"context": "As an initial step of this process, PINK1 is stabilized and accumulates on the damaged mitochondria and subsequently recruits parkin to damaged mitochondria (Matsuda et\u00a0al., 2010; Narendra et\u00a0al., 2010; Vives-Bauza et\u00a0al., 2010).\n", "support": []}, "PMC2995166_6": {"context": "the CCCP-stabilized form of PINK1 that localizes to the outer mitochondrial membrane facing the cytosol (Narendra et al., 2010),\n", "support": [[17826, 17969], [17970, 18046]]}, "PMC6357844_2": {"context": "Perhaps the most well studied is the shared pathway of two PD-associated proteins PINK1 and Parkin, in which evidence suggests that Parkin works downstream of PINK1 to signal damaged mitochondria for autophagic degradation (Narendra et al., 2010; Pickrell et al., 2015).\n", "support": []}, "PMC6357844_3": {"context": "multiple groups established that PINK1 was stabilized on the mitochondrial outer membrane (OMM) following a collapse of the mitochondrial transmembrane potential, leading to accumulation of PINK1 on the OMM (Matsuda et al., 2010; Narendra et al., 2010; Vives-Bauza et al., 2010).\n", "support": []}, "PMC2995166_7": {"context": "experimentally stabilized PINK1 on the mitochondrial outer membrane recruits Parkin even in the absence of mitochondrial uncoupling (Narendra et al., 2010).\n", "support": [[9692, 9977]]}, "PMC6358975_2": {"context": "This outcome in turn leads to the accumulation of PINK1 on the outer mitochondrial membrane, thereby phosphorylating ubiquitin at serine 65 and then recruiting the ubiquitin enzyme 3 (E3) ligase Parkin [198,199,200,205,206,207].\n", "support": []}, "PMC4384303_2": {"context": "PINK1 subsequently recruits Parkin from the cytosol\n", "support": []}, "PMC4038460_5": {"context": "Previous work has shown that the accumulation of PINK1 on the mitochondrial outer membrane triggers the recruitment of Parkin and the eventual degradation of mitochondria [10], [11].\n", "support": []}, "PMC2995477_2": {"context": "mitophagy of damaged mitochondria [22,29-32].\n", "support": [[5591, 5884]]}, "PMC4151150_5": {"context": "In nonneuronal cells, loss of mitochondrial membrane potential stabilizes PINK1 by preventing its proteolysis (Narendra et al., 2010).\n", "support": []}, "PMC5068955_1": {"context": "Several experimental works have shown that Parkin plays an important role in mitochondrial dysfunction by participating in mitochondria autophagic degradation (mitophagy) (Gehrke et al. 2015; Geisler et al. 2010; Narendra et al. 2010).\n", "support": []}, "PMC5503620_3": {"context": "However, the role of adaptor proteins in mitophagy remains to be fully determined [40].\n", "support": []}, "PMC3020954_3": {"context": "PINK1 kinase activity is required for many Parkin functions and Parkin acts downstream of PINK1 [11]\n", "support": [[647, 878], [4457, 4669], [18851, 19003]]}, "PMC3050809_3": {"context": "Several studies reported that mitochondrial stress, such as exposure to membrane potential inhibitors, initiates the PINK1/Parkin mitophagy pathway [14], [15], [16], [17], [20], [28].\n", "support": [[49504, 49793]]}, "PMC3050809_2": {"context": "a deficit in mitophagy leads to accumulation of dysfunctional mitochondria in the cell [14], [15], [16], [17].\n", "support": [[2143, 2357], [22832, 22950], [23136, 23263], [48127, 48461]]}, "PMC3020954_2": {"context": "Parkin promotes the degradation of functionally impaired mitochondria through ubiquitination-dependent autophagy [11], [12], [13].\n", "support": [[64641, 64789]]}, "PMC5913322_1": {"context": "Other mutations, including A168P, H271Q, L347P and G309D, weaken the recruitment of Parkin to depolarized mitochondria (Narendra et al., 2010).\n", "support": []}, "PMC5503620_2": {"context": "The E3 ubiquitin ligase Parkin can selectively translocate to depolarized mitochondria, resulting in mitophagy after activation by the kinase PINK1 [38, 40].\n", "support": []}, "PMC4151150_4": {"context": "PINK1 undergoes continuous synthesis and rapid degradation in the absence of mitochondrial depolarization (Narendra et al., 2010).\n", "support": []}, "PMC5068955_2": {"context": "The mode of action of Parkin in mitophagy is known to involve several partners, such as HDAC6, MFN1, MFN2, PINK1, SQSTM1, and VDAC1 (Narendra et al. 2010; Geisler et al. 2010; Lee et al. 2010; Chan et al. 2011; Gehrke et al. 2015)\n", "support": []}, "PMC3020954_1": {"context": "PINK1 is required for recruitment of Parkin to mitochondria with impaired membrane potential [11], [12].\n", "support": [[647, 879]]}, "PMC3050809_1": {"context": "Under stress conditions, PINK1 recruits Parkin to dysfunctional mitochondria [14], [15], [16], [17].\n", "support": [[0, 75]]}, "PMC5913322_2": {"context": "Mutations of Parkin, including R42P, R46P, K211N, C212Y, C253Y, C289G, and C441R, cause a deficit in its recruitment to depolarized mitochondria and further inhibit mitophagy (Narendra et al., 2010).\n", "support": []}, "PMC5503620_1": {"context": "PINK1, an OMM Ser/Thr kinase, can regulate and facilitate Parkin targeting of the damaged mitochondria [40\u201342].\n", "support": []}, "PMC4151150_3": {"context": "stabilization of PINK1 on the outer mitochondrial membrane is essential for Parkin recruitment in nonneuronal cells\n", "support": []}, "PMC4044952_2": {"context": "The PINK1/Parkin pathway mediates mitophagy in HeLa cells\n", "support": []}, "PMC3630392_8": {"context": "Because mitochondrial import of PINK1 is driven by the inner membrane proton gradient, membrane depolarization leads to the accumulation of unprocessed PINK1 at the OMM (Narendra et al., 2010; Becker et al., 2012; Greene et al., 2012).\n", "support": []}, "PMC3050809_4": {"context": "the \u201cincreased\u201d mfn levels in pink1 or parkin knockdown flies may reflect an increase in mitochondrial biogenesis in these mutants [17].\n", "support": [[24158, 24323], [24807, 24902], [24903, 25146]]}, "PMC4151150_2": {"context": "Unlike many cell lines where the entire mitochondrial network can be cleared by mitophagy\n", "support": []}, "PMC4044952_1": {"context": "This leads to recruitment of Parkin to the depolarized mitochondria, ultimately resulting in autophagic degradation of these mitochondria (Narendra et al., 2008; Ding et al., 2010; Gegg et al., 2010; Geisler et al., 2010; Matsuda et al., 2010; Narendra et al., 2010; Okatsu et al., 2010; Tanaka et al., 2010; Vives-Bauza et al., 2010; Chan et al., 2011).\n", "support": []}, "PMC4151150_1": {"context": "PINK1 and Parkin act sequentially in a pathway for selective autophagy of damaged mitochondria, also known as mitophagy (Narendra et al., 2008, 2010).\n", "support": []}}, "PMC2848616": {"PMC4154524_3": {"context": "Interestingly, this treatment induced autophagy marked by increased expression of Atg 7, Atg5-Atg12, decrease in p62, no modification of LC3 expression and controversial results surrounding LC3-II expression in PDAPP and 3xTg-AD mice [45,46].\n", "support": [[12266, 12532], [12058, 12265]]}, "PMC4154524_2": {"context": "In two independent mouse models of AD, rapamycin, through inhibition of mTOR signaling, rescued cognitive deficits by suppressing extracellular A\u03b2 deposition and intracellular tau accumulation [45,63].\n", "support": [[0, 129]]}, "PMC4154524_1": {"context": "Furthermore, many studies have revealed that the stimulation of autophagy can reduce A\u03b2 accumulation and alleviate memory deficits in transgenic AD mice [45-48].\n", "support": [[13976, 14225]]}, "PMC4154524_4": {"context": "For LC3, no variation is observed in APPswePS1dE9 mice regardless of age compared to WT mice. Other authors show no modification of LC3-I [45,46].\n", "support": [[0, 129]]}, "PMC3509553_3": {"context": "autophagy may be necessary during inhibition of mTOR signaling to improve cognitive function, limit A\u03b2 toxicity\n", "support": [[14511, 14725], [1135, 1445]]}, "PMC3776211_2": {"context": "Rapamycin induced inhibition of mTORC1 has also been shown to decrease beta-amyloid expression by increasing the rate of autophagy [18,29].\n", "support": [[1135, 1445], [13583, 13774]]}, "PMC3182203_1": {"context": "The 3xTg-AD15-18 mice were treated for 3 months based on previous studies showing that in young mice 10-12 weeks of rapamycin administration is sufficient to reduce soluble A\u03b2 and tau [29], [32].\n", "support": [[0, 129]]}, "PMC3776211_3": {"context": "More recently in animal models Rapamycin has been found to be a good candidate for the treatment of AD [29].\n", "support": [[0, 129]]}, "PMC3509553_2": {"context": "In addition, mTOR inhibition that can lead to autophagy in murine models of AD has been shown to improve memory and limit A\u03b2 levels [93].\n", "support": [[15637, 15974], [0, 129]]}, "PMC3776211_1": {"context": "There is also evidence of an association between mTOR signalling and beta-amyloid, although the nature of the association is uncertain [18,28,29].\n", "support": [[14226, 14509], [0, 129]]}, "PMC3182203_2": {"context": "We, and others, have previously shown that rapamycin reduces soluble A\u03b2 and tau pathology and the associated early cognitive deficits in 6-month-old transgenic mice [29], [32].\n", "support": [[1473, 1651], [1652, 1771]]}, "PMC3182203_3": {"context": "Data in apparent contradiction to each other have been also reported by others [5], [29], [32], [71], [72], [73], [74], [75].\n", "support": [[5939, 6178]]}, "PMC3509553_1": {"context": "Under some conditions, autophagy can offer cytoprotection during neurodegenerative disorders [92,93].\n", "support": [[13583, 13774]]}, "PMC3776211_4": {"context": "The strong effect of Rapamycin on these cellular functions also identifies mechanisms responsible for the beneficial effect of the drug in the transgenic model of AD [29].\n", "support": [[1473, 1651]]}, "PMC4599244_1": {"context": "Furthermore, inhibition of mTOR by rapamycin can slow or block AD progression in a transgenic mouse model of the disease [37].\n", "support": [[0, 129], [16191, 16392], [1473, 1651]]}, "PMC4599244_2": {"context": "rapamycin also produces an improvement in age-associated cognitive functions in mouse[35-37].\n", "support": [[1135, 1445], [16191, 16392]]}, "PMC5797541_1": {"context": "Decreased mTOR signaling leads to reduction in levels of A\u03b2\n", "support": [[0, 129]]}, "PMC2886067_1": {"context": "Autophagy has been shown to protect neurons from A\u03b2 induced cytotoxicity\n", "support": [[1135, 1444]]}, "PMC5797541_3": {"context": "Rapamycin, a selective inhibitor of target-of-rapamycin complex 1 (TORC1) and thus modulator of the mTOR pathway activity, improved learning and memory and reduced A\u03b2 and tau pathology in the brains of AD mouse model (Caccamo et al., 2010; Spilman et al., 2010).\n", "support": [[0, 129], [16191, 16392]]}, "PMC5797541_2": {"context": "A study performed by Spilman et al. (2010) on mouse model of AD reported that blocking the mTOR signaling with rapamycin relieves cognitive deficits and reduces amyloid pathology, likely by activating autophagy in brain cells.\n", "support": [[0, 129]]}, "PMC2886067_2": {"context": "pharmacological stimulation of autophagy can be beneficial and reduce A\u03b2 mediated toxicity\n", "support": [[5187, 5336]]}, "PMC4399516_1": {"context": "the development of mTOR inhibitors may also be useful for the prevention and treatment of AD.\n", "support": [[0, 129]]}, "PMC4399516_2": {"context": "mTOR, an inhibitor of autophagy, decreases the A\u03b2 clearance of the autophagy/lysosome system which accounts for the clearance of abnormal proteins.20,43 mTOR also modulates the metabolism of APP by regulating \u03b2- and \u03b3-secretase.\n", "support": [[9510, 9762]]}, "PMC4399516_3": {"context": "Accordingly, inhibition of mTOR activity induces autophagy, lessens the aggregates of A\u03b2, and enhances the process of A\u03b2 clearance.\n", "support": [[0, 129], [1473, 1651]]}, "PMC6295637_1": {"context": "Furthermore, rapamycin administration improved memory functions in murine models of AD (Caccamo et al., 2010[13]; Majumder et al., 2012[48]; Spilman et al., 2010[75]).\n", "support": [[15637, 15974]]}, "PMC4399516_6": {"context": "Inhibition of mTOR by rapamycin retards cognitive deficits and reduces the abnormal hyperphosphorylation of tau by autophagy enhancement in AD models.\n", "support": [[0, 129], [1473, 1651], [16191, 16392]]}, "PMC2942840_1": {"context": "mTOR signaling was shown to be up-regulated in 7PA2 cells over-expressing mutant APP and in brains of another AD transgenic mouse, with rapamycin treatment reported as protective against behavioral decline\n", "support": [[1473, 1651]]}, "PMC4399516_4": {"context": "Conversely, the activation of mTOR is likely to promote A\u03b2 production.\n", "support": [[0, 129], [1018, 1134]]}, "PMC6295637_2": {"context": "increase autophagy and decrease the amyloid \u03b2 level in animal models of AD (Spilman et al., 2010[75]).\n", "support": [[0, 129], [1473, 1651], [16191, 16392]]}, "PMC6295637_3": {"context": "reduce cognitive deficits related to neurological disorders such as AD\n", "support": [[1, 129], [16191, 16392], [1473, 1651]]}, "PMC4399516_5": {"context": "The striking similarity is the results from the insulin intervention and the inhibition of mTOR by rapamycin that rescue cognitive impairment and retard A\u03b2 pathology in AD animal models.\n", "support": [[9922, 10212]]}, "PMC2942840_2": {"context": "chronic treatment with rapamycin improved behavior of AD transgenic mice\n", "support": [[15637, 15974]]}}, "PMC3442244": {"PMC4030114_7": {"context": "Second, we updated the weight we used for each locus in our GRS  based on the effect sizes from the largest T2D GWAS meta-analysis to date (12).\n", "support": [[0, 119]]}, "PMC4030114_6": {"context": "The largest T2D GWAS meta-analysis to date (12) may include all of the common T2D-associated loci of at least modest effect size that can be expected to be specifically identified.\n", "support": [[0, 119]]}, "PMC4030114_4": {"context": "We identified 20 predominantly \u03b2-cell\u2013associated SNPs by 1) their significant effect on homeostasis model assessment (HOMA)-\u03b2 (\u03b2 < \u20130.008; P < 0.05) in the most recent Meta-Analyses of Glucose and Insulin-related traits Consortium (MAGIC) (12)\n", "support": [[0, 119], [20679, 20893]]}, "PMC4030114_5": {"context": "We identified 10 predominantly IR\u2013related SNPs by 1) their significant association with HOMA-IR (P < 0.05) in the MAGIC data (12), 2)\n", "support": [[0, 119], [19109, 19319]]}, "PMC4030114_1": {"context": "The DIAbetes Genetics Replication And Meta-analysis (DIAGRAM) Consortium recently published the largest T2D GWAS meta-analysis to date (DIAGRAMv3), identifying many additional common variants associated with T2D and bringing the total number of independent T2D loci to 65 (12).\n", "support": [[7145, 7455], [8749, 9020]]}, "PMC4030114_2": {"context": "Subsequent models using genome-wide complex trait analysis suggested that 63% of T2D susceptibility might be attributable to common genetic variation in the full set of GWAS SNPs (12).\n", "support": [[0, 119]]}, "PMC4030114_3": {"context": "In the present analyses, we updated these GRS  to include as many of the 65 index SNPs or their proxies as were available at the confirmed or newly identified loci from DIAGRAMv3 (12)\n", "support": [[0, 119], [7145, 7455], [8749, 9020]]}, "PMC3658960_2": {"context": "However, these variants explain only \u223c5.7% of variance in disease susceptibility [1].\n", "support": [[6651, 6925]]}, "PMC3658960_1": {"context": "According to the most recent meta-analysis of genome-wide association studies, 63 individual SNPs have now been linked with diabetes risk [1].\n", "support": [[6651, 6925], [7145, 7455], [8749, 9020]]}, "PMC3654344_1": {"context": "Currently, over 60 common risk variants have been identified [30\u201334], with a combined disease risk of 5\u201310% [34, 35], suggesting the existence of many more as yet undiscovered loci [34, 36, 37].\n", "support": [[6651, 6925]]}, "PMC3654344_2": {"context": "A fundamental challenge facing those wishing to determine which of the genes in a particular locus is responsible for affecting disease risk, and dissect how this/these act, is the very scale of the problem (currently more than 500 genes in total to interrogate, with others emerging) [35]\n", "support": [[30102, 30373]]}, "PMC4076741_2": {"context": "The lead SNP at this locus is within the intron of the KCNQ1 protein-coding gene, yet the lead SNP for a putative secondary association signal is in the exon of an antisense lncRNA (KCNQ1OT1) (Morris et al., 2012).\n", "support": [[0, 119]]}, "PMC4076741_3": {"context": "The lead SNP for a putative secondary association signal (rs944801) is located within an intron of ANRIL (Morris et al., 2012).\n", "support": [[12515, 12789], [12790, 13046]]}, "PMC4076741_1": {"context": "In a more recent large-scale meta-analysis which aimed to finely map the causal SNPs, only two of the 65 T2D susceptibility loci examined had a lead SNP resulting in a missense mutation (PPARG [rs1801282] and KCNJ11 [rs5215]) (Morris et al., 2012).\n", "support": [[0, 119]]}, "PMC3749360_3": {"context": "Increased incretin sensitivity improves \u03b2-cell function (13), thereby lowering T2D risk (10).\n", "support": [[20894, 21203]]}, "PMC4030114_8": {"context": "The DIAGRAMv3 meta-analysis consisted predominantly of populations of European ancestry (12).\n", "support": [[131, 376], [19109, 19319]]}, "PMC3749360_2": {"context": "Interestingly, the G allele had been previously associated with increased risk of type 1 diabetes (11) but lower risk of T2D (10).\n", "support": [[0, 119], [22269, 22276]]}, "PMC3749360_1": {"context": "Of these SNPs, 66,000 were selected for efficient replication of top signals across multiple traits, with the hope that when tested in sufficiently large samples they might exceed genome-wide statistical significance (9,10)\n", "support": [[2147, 2450], [2451, 2725]]}}, "PMC3522098": {"PMC3749330_1": {"context": "There is increasing evidence that skeletal muscles express myokines, hormone-like factors that are released into the serum to function in an autocrine, paracrine, or endocrine manner (1\u20135).\n", "support": [[0, 77]]}, "PMC3749330_2": {"context": "In recent years, numerous myokines have been proposed to be secreted from muscle, including interleukin-6 (IL-6) (1), fibroblast growth factor 21 (3), follistatin-like 1 (2), insulin-like 6 factor (4), and most recently irisin (5).\n", "support": [[0, 77]]}, "PMC3837041_3": {"context": "The stromal-vascular fraction (SVF) from fat depots of mice treated with EPO or saline was prepared and differentiated as described (20).\n", "support": [[25498, 25505]]}, "PMC3837041_2": {"context": "PGC-1\u03b1 and PRDM16 are transcriptional coactivators involved in the control of energy metabolism, and ectopic expression of PGC-1\u03b1 and PRDM16 in WAT induces acquisition of BAT features, including expression of mitochondrial and fatty acid oxidation and thermogenic genes to limit weight gain and improve glucose intolerance in response to a high-fat diet (HFD) (20\u201323).\n", "support": [[0, 77]]}, "PMC3837041_1": {"context": "Advances have recently been achieved on identification of several transcriptional factors and coregulators that specifically promote development and acquisition of the BAT-specific gene expression profile, including uncoupling protein 1 (UCP1), PRDM16, peroxisome proliferator\u2013activated receptor \u03b3 coactivator 1\u03b1 (PGC-1\u03b1), and peroxisome proliferator\u2013activated receptor \u03b1 (PPAR\u03b1) (18\u201320).\n", "support": [[0, 77]]}, "PMC3584060_1": {"context": "Interestingly, we found that Fndc5, the gene that codes for the recently discovered antidiabetic hormone irisin [39] was also significantly increased in Cox6a2 \u2212/\u2212 diaphragm (data not shown).\n", "support": [[89, 427]]}, "PMC3584060_2": {"context": "This suggests the existence of a crosstalk between skeletal muscle and adipose tissue, as was recently shown with the identification of a new hormone, irisin, which stimulates browning and UCP1 expression in WAT [39].\n", "support": [[0, 77]]}, "PMC3618577_2": {"context": "Overexpression of irisin in the liver of mice, via adenoviral delivery, increases energy expenditure and reduces high fat diet-induced obesity.67\n", "support": [[14935, 14978]]}, "PMC3619105_1": {"context": "This question is especially pertinent because interest in thermogenic drugs and drug targets has been rekindled by new evidence that brown adipose tissue can be active in adult humans and the discovery of new targets for drugs that might augment and activate brown adipose tissue (Fruhbeck et al., 2009; Wu et al., 2011; Bostrom et al., 2012; Fournier et al., 2012; Ye et al., 2012).\n", "support": [[0, 77]]}, "PMC3618577_1": {"context": "Irisin, encoded by the Fndc5 gene, is a newly identified hormone from the muscle of PGC-1\u03b1 transgenic mice.67\n", "support": [[0, 77]]}, "PMC3619105_2": {"context": "These have been used to express a protein that is cleaved to the myokine irisin in skeletal muscle, and irisin was claimed to increase energy expenditure (Bostrom et al., 2012).\n", "support": [[0, 77]]}}, "PMC3090745": {"PMC3369937_7": {"context": "The cohorts that are assessed by ADGC, as well as the methodological details of the meta-analyses are described in detail in a recent publication [28]\n", "support": [[0, 111]]}, "PMC3369937_6": {"context": "To determine whether any of the cisSNPs significant at q<0.05 influenced risk of AD, we obtained meta-analyses results from the ADGC [28].\n", "support": [[0, 111]]}, "PMC3369937_4": {"context": "Despite the enrichment of our samples with tissue from AD subjects and our use of both cerebellar and temporal cortex tissue, we did not identify strong transcript associations for some of the top genes recently implicated in AD risk in large LOAD GWAS studies [28], [39], [40], [47], [48].\n", "support": [[0, 111]]}, "PMC3369937_5": {"context": "we did find associations with cisSNPs for ABCA7, a novel AD risk locus gene [28]\n", "support": [[11466, 11632]]}, "PMC3369937_1": {"context": "To investigate whether any of the significant brain cisSNPs may influence risk of AD, we compared our eGWAS results to the AD risk associations from the large AD GWAS conducted by ADGC [28].\n", "support": [[0, 111]]}, "PMC3369937_2": {"context": "We obtained results of meta-analyses for the ADGC Stage 1+2 cohort (11,840 LOAD vs. 10,931 controls) [28]\n", "support": [[0, 111]]}, "PMC3369937_3": {"context": "ABCA7, identified recently as a novel LOAD risk locus [28], [47], had significant cerebellar cisSNPs.\n", "support": [[4677, 4846]]}, "PMC3511432_1": {"context": "In recent efforts to identify additional genetic risk factors for LOAD, large-scale genome-wide association studies (GWAS) have identified single nucleotide polymorphisms (SNP) in 10 genes: ABCA7, BIN1, CD2AP, CD33, CLU, CR1, EPHA1, MS4A6A, MS4A4E, and PICALM [5]\u2013[10].\n", "support": [[11466, 11632]]}, "PMC3554198_1": {"context": "These are CLU, PICALM, CR1, BIN1, MS4A, ABCA7, CD33, EPHA1 and CD2AP (6\u201310).\n", "support": [[11466, 11631]]}, "PMC3511432_2": {"context": "Recent large-scale LOAD GWAS have identified SNPs in ABCA7, BIN1, CD2AP, CD33, CLU, CR1, EPHA1, MS4A6A, MS4A4E, and PICALM [5]\u2013[10].\n", "support": [[11466, 11632]]}, "PMC3554198_2": {"context": "These studies are relatively small (n < 1200) in comparison with the more recent collaborative AD GWAS which have been conducted (6\u201310)\n", "support": [[0, 111]]}, "PMC3511432_3": {"context": "To determine if the LOAD GWAS SNPs influence gene expression, we analyzed the association of SNP genotype with gene expression using an ANCOVA and testing for association with an additive model, the model utilized when originally reporting association between these SNPs and risk for AD [5]\u2013[10].\n", "support": [[0, 111]]}, "PMC3511432_4": {"context": "several genes in the MS4A gene cluster have been identified in recent LOAD GWAS [9], [10]\n", "support": [[11466, 11632]]}, "PMC3270040_1": {"context": "These studies have identified several new genes that show significant association after multiple test correction in multiple datasets: CLU, PICALM, BIN1, CR1, ABCA7, MS4A6A, CD33 and CD2AP [31]\u2013[35].\n", "support": [[0, 111]]}, "PMC3270040_2": {"context": "All variants classified as \u201clikely pathogenic\u201d or with an \u201cunknown pathogenicity\u201d, and some \u201cnon-pathogenic\u201d variants were genotyped in 961 sporadic AD cases, 1,346 unrelated elderly non-demented controls\n", "support": [[0, 111]]}, "PMC3330267_1": {"context": "Since 2009, four GWAS and a three-stage analysis of the GWAS resulted in the identification of nine novel loci associated with late-onset AD: CLU, PICALM, CR1, BIN1, ABCA7, MS4A cluster (MS4A6A/MS4A4E), CD2AP, CD33, and EPHA1 (Harold et al., 2009; Lambert et al., 2009; Seshadri et al., 2010; Hollingworth et al., 2011a,b; Naj et al., 2011).\n", "support": [[0, 111]]}, "PMC3330267_2": {"context": "Examining the amount of genetic risk effect attributable to these genes (other than APOE), the most strongly associated single-nucleotide polymorphisms at each locus have population attributable fractions between 2.72 and 5.97%, with a cumulative population attributable fraction for non-APOE loci estimated to be as much as 35% (Naj et al., 2011).\n", "support": [[11633, 12243]]}}, "PMC3650111": {"PMC4074336_2": {"context": "Dietary L-carnitine and choline, compounds abundant in red meat, are metabolized into trimethylamine-N-oxide (TMAO) by way of some normal gut commensals; in mice TMAO enhances atherosclerosis through disrupting cholesterol metabolism and foam-cell macrophage activity [145].\n", "support": [[0, 99]]}, "PMC5025761_1": {"context": "The microbiome can also contribute to the development of atherosclerotic vascular disease3456.\n", "support": [[1, 99]]}, "PMC5025761_3": {"context": "The effect of the microbiome on atherosclerosis, glucose homeostasis and adiposity has been attributed, in part, to circulating metabolites such as trimethylamine-oxide and short-chain fatty acids (SCFAs) produced by gut bacteria2345720.\n", "support": [[1, 99]]}, "PMC4074336_1": {"context": "Additional, recent mouse studies [145] investigating how consumption of red meat may accelerate cardiovascular disease and inflammation in humans [146,147] suggest an additional and potentially serious limitation on probiotic supplementation.\n", "support": [[0, 99]]}, "PMC5025761_2": {"context": "Metabolites of dietary phospholipids and nutrients produced by gut flora and found in the systemic circulation contribute to vascular inflammation and atherosclerosis35.\n", "support": [[0, 99]]}, "PMC3816614_1": {"context": "Interestingly, Prevotella-dominated healthy omnivore individuals were recently reported to have increased basal levels of serum TMAO (trimethylamine N-oxide), a product of inflammation linked to atherogenesis, compared to Bacteroides-dominated healthy individuals (Koeth et al., 2013).\n", "support": [[0, 99]]}, "PMC3816614_2": {"context": "While TMAO could be derived from increased consumption of meat (Koeth et al., 2013), Prevotella has been previously associated with a dearth of meat in the diet (Wu et al., 2011).\n", "support": [[33238, 33510]]}, "PMC4970383_1": {"context": "In the liver, TMA is oxidized into trimethylamine N-oxide (TMAO) (499), a small molecule strongly associated with promoting inflammatory-based atherosclerosis (500, 501).\n", "support": [[0, 99]]}, "PMC4391288_1": {"context": "In both humans and mice, TMAO concentrations correlate positively with CVD risk, and dietary supplementation with either TMAO or compounds that can be metabolized to TMAO increases atherosclerosis in mice12\n", "support": [[0, 99]]}, "PMC4970383_2": {"context": "In apoliprotein E-deficient mice fed a diet with  -carnitine, the promotion of atherosclerosis was also mediated by a microbiota-dependent mechanism (501).\n", "support": [[0, 99]]}, "PMC4970383_3": {"context": "While higher plasma levels of  -carnitine, in association with TMAO, are positively correlated with cardiovascular events in humans, intriguingly, omnivores produce more TMAO from dietary  -carnitine than vegans or vegetarians (501).\n", "support": [[0, 99]]}, "PMC4391288_2": {"context": "Over the past 4 years, FMO3 and TMAO have emerged as key components of a complex axis integrating diet and the gut microbiome with atherosclerosis12132136\n", "support": [[0, 99]]}}, "PMC3096954": {"PMC3262206_3": {"context": "To estimate the expression of the OTBC signature across the intrinsic molecular subtypes of breast cancer, we calculated the mean expression of both gene lists (that is, up- and downregulated) in the entire median-centered UNC337 dataset (n = 327) by using the subtype calls described in [6].\n", "support": [[121, 322], [2034, 2279]]}, "PMC3262206_2": {"context": "Hallmarks of these tumors include a high enrichment for a CD44+/CD24-/low TIC signature, a downregulation of cell junction proteins such as cadherins and claudins, an enrichment in mesenchymal markers, high lymphocyte infiltrations, and high phenotypic resistance to chemotherapy [6,11].\n", "support": [[2761, 3167], [41319, 41676]]}, "PMC3262206_1": {"context": "Recent advances in the field suggest that breast tumors belonging to the claudin-low and basal-like intrinsic subtypes are particularly enriched in TIC cell signatures [6,7].\n", "support": [[2761, 3167]]}, "PMC3262206_4": {"context": "High CD44high/CD24- ratios have been associated with the claudin-low breast cancer subtype [6,11].\n", "support": [[2761, 3167]]}, "PMC3170246_6": {"context": "The immune status of mice may be particularly important when studying claudin-low tumors as one of the hallmarks of this tumor type is an increase in immune-related genes [7].\n", "support": [[763, 991]]}, "PMC3073183_1": {"context": "Recently, a subgroup of Basal-like tumors associated with poor prognosis has also been reported [4,5].\n", "support": [[121, 411], [992, 1295], [28291, 28652], [28653, 28835], [29900, 30087]]}, "PMC3170246_5": {"context": "Although a number of human tumor cell lines have been identified as sharing features of claudin-low tumors (MDA-MB-435, MDA-MB-436, Hs578T, BT549, MDA-MB-231, MDA-MB-157, SUM1315MO2, SUM159PT and HBL100), fewer claudin-low, murine mammary tumor cell lines have been established [7]\n", "support": [[121, 411]]}, "PMC3073183_2": {"context": "Context 130, a Basal-like context has under-expression of GATA3 which is in concordance with previous studies of Basal-like subgroup, \u2019claudin-low\u2019 with poor prognosis and more refractory to chemotherapy [5] .\n", "support": [[754, 761]]}, "PMC3170246_4": {"context": "These tumors have a prevalence of approximately 7-14% and a have a poor prognosis compared to luminal A tumors [7].\n", "support": [[27908, 28068]]}, "PMC3170246_1": {"context": "Molecular profiling has identified 5 distinct subtypes of human breast tumors, luminal A, luminal B, HER2-enriched, basal-like and claudin-low [1-7].\n", "support": [[121, 411]]}, "PMC3170246_3": {"context": "Since claudin-low tumors possess features of stem cells [7], it is possible that the tumors that regress and recur or only partially regress are those that contain claudin-low cells.\n", "support": [[19983, 20285], [20864, 21058], [50083, 50297]]}, "PMC3170246_2": {"context": "Claudin-low tumors express mesenchymal genes such as Twist1, Twist2, Zeb1, Zeb2, Slug and Snail and low levels of E-cadherin and claudins 3, 4 and 7 [6,7].\n", "support": [[41012, 41318]]}, "PMC3172243_4": {"context": "The MDA-MB-231 cell line used in this study was originally described as Basal B and has been recently characterized as Claudin-low [20], [21].\n", "support": [[22480, 22944]]}, "PMC3172243_5": {"context": "Claudin-low carcinomas and representative cell lines are characterized by a down-regulation of epithelial junction proteins, such as cadherins and claudins [20].\n", "support": [[763, 991]]}, "PMC3172243_7": {"context": "We also used available microarrays from the breast cancer cell lines [21], the UNC337-patient [20], the MERGE 550-patient dataset [47] and the NKI (295 patients [48], [49]).\n", "support": [[4523, 4783]]}, "PMC3216859_4": {"context": "The hypothesis that the cluster 1-samples are enriched for immature cells is further supported by the down-regulation of GATA3 seen in these samples compared to the cluster 2 samples (p = 3.8E-9), a protein that is also down-regulated in claudin-low samples [27].\n", "support": [[16138, 16438]]}, "PMC3172243_6": {"context": "CD44+/CD24- is considered a cancer stem cell or tumor initiating cell signature, and high CD44/CD24 ratios are characteristic of aggressive Claudin-low tumors and cell lines [20].\n", "support": [[2761, 3167]]}, "PMC3172243_2": {"context": "Basal-like and Claudin-low carcinomas are mostly triple negative breast cancers (ER-PR-Her2-) associated with high resistance to chemotherapy and poor prognosis [20].\n", "support": [[992, 1295]]}, "PMC3216859_1": {"context": "Prediction of the claudin-low subtype was done using the claudin-low predictor developed in Prat et al [27].\n", "support": [[0, 95]]}, "PMC3172243_3": {"context": "Claudin-low tumors have been recently discovered through large-scale microarray analysis of breast cancer specimens [20], [22].\n", "support": [[0, 95]]}, "PMC3172243_1": {"context": "We next examined this signature across intrinsic breast cancer subtypes, using the UNC337 tumor database comprising 337 breast tumor cases [20].\n", "support": [[4523, 4783]]}, "PMC3216859_2": {"context": "we used previously published gene lists describing stroma [17,18], breast stem cells [15,19,31], myoepithelial cells [12,14], progenitor cells [14], mesenchymal cells [13], high-risk normal cells [16], epithelial cells from parous women [32], intrinsic genelist [5] and a genelist for prediction of the claudin-low subtype [27]\n", "support": [[4523, 4783]]}, "PMC3216859_3": {"context": "a gene list developed to classify the newly identified claudin-low subtype was used [27]\n", "support": [[4523, 4783]]}}, "PMC2958248": {"PMC4466270_1": {"context": "However, recent discoveries have shown that human conventional DCs (cDC) are generally capable of generating IFN-I responses to HIV-1, but HIV-1 seems to be able to escape from such cell-intrinsic immunity in most patients\n", "support": [[22112, 22150], [22151, 22276]]}, "PMC4466270_2": {"context": "In addition to SAMHD1, cell-intrinsic immune responses in DCs are inhibited by the host protein TREX1, a host exonuclease that degrades HIV-1 reverse transcripts, which otherwise trigger microbial DNA sensors, leading to cell-intrinsic secretion of type I interferons [18,29].\n", "support": [[21993, 22111]]}, "PMC4466270_3": {"context": "enhancing their degradation [18,29],\n", "support": [[0, 76], [10243, 10302]]}, "PMC5789701_1": {"context": "A similar delivery vehicle has previously been shown to selectively activate cGAS- and STING-dependent immune recognition pathways, which are involved in innate immune sensing of HIV-1 during natural infection [41].\n", "support": [[15949, 15989]]}, "PMC5789701_2": {"context": "mDCs from either HDs (n\u2009=\u20098) or ECs (n\u2009=\u20097) were cultured for 24\u00a0h in the presence of Poly I:C and 2\u00a0\u03bcg/mL of either ss- or ds-Gag DNA [41]\n", "support": [[10243, 10302]]}, "PMC5635324_3": {"context": "In macrophages and T cells, cytosolic exonuclease TREX1 digests escaped HIV-1 DNA that would otherwise trigger innate DNA sensing (42)\n", "support": [[374, 600]]}, "PMC3250430_1": {"context": "cytosolic exonuclease TREX1 inhibits the innate immune response to HIV by degrading ssDNA derived from integrated provirus\n", "support": [[10243, 10302]]}, "PMC3187686_3": {"context": "TREX1 was proposed to degrade cytosolic DNA resulting from HIV-1 reverse transcription, which would otherwise be capable of inducing an IFN response\n", "support": [[601, 854]]}, "PMC3187686_2": {"context": "TREX1 suppressed a type I IFN response that otherwise would be induced by HIV-1 infection\n", "support": [[2661, 2709]]}, "PMC5635324_2": {"context": "This stealthy replication is in part dependent on the cytoplasmic exonuclease TREX1, which degrades HIV-1 reverse transcripts that would otherwise be sensed by cGAS leading to a type I IFN response (33, 42)\n", "support": [[601, 752]]}, "PMC3250430_2": {"context": "the absence of TREX1, a type I IFN response is induced that inhibits HIV replication and spreading\n", "support": [[2661, 2709]]}, "PMC3187686_1": {"context": "TREX1 has previously been implicated in the HIV-1 life cycle\n", "support": [[0, 76]]}, "PMC3250430_3": {"context": "innate immune responses have been appreciated to play an important role in both control and pathogenesis of HIV infection\n", "support": [[0, 76]]}, "PMC5635324_1": {"context": "Some of the earliest evidence that HIV-1 produces a stimulatory DNA PAMP during infection was obtained in human CD4+ T cells and macrophages that had been depleted for the cytosolic exonuclease TREX1 (42).\n", "support": [[374, 600]]}, "PMC5635324_4": {"context": "In TREX1-depleted cells, escaped HIV-1 DNA is sensed by DNA sensor cyclic GMP\u2013AMP synthase (cGAS) (42, 43).\n", "support": [[0, 76]]}, "PMC3250430_4": {"context": "HIV-1 has the potential to stimulate the innate immune system through its RNA, DNA, and capsid\n", "support": [[22277, 22506], [23391, 23531]]}, "PMC5989071_1": {"context": "For example, depletion of the host cytosolic DNA exonuclease three prime repair exonuclease 1 (TREX1), a DNA exonuclease, increases the type I interferon (IFN) response to HIV and murine leukemia virus (MLV) infection (4, 8, 9).\n", "support": [[374, 600]]}, "PMC5989071_2": {"context": "it has been previously shown that TREX1 degrades ssDNA and dsDNA and DNA in RNA/DNA hybrids (8, 30, 31).\n", "support": [[27838, 27939], [27940, 28111]]}, "PMC3142215_1": {"context": "The cellular exonuclease TREX1 was recently shown to bind and digest excess cytosolic HIV-1 DNA that would otherwise activate type I IFN expression and trigger an innate immune response\n", "support": [[2248, 2471]]}, "PMC3142215_2": {"context": "Interestingly, similar to SAMHD1, TREX1 mutations in humans are associated with autoimmune and inflammatory diseases, including AGS\n", "support": [[2035, 2247]]}, "PMC4012220_3": {"context": "HIV achieves immune evasion in these target cells by exploiting the host DNase TREX1\n", "support": [[0, 76]]}, "PMC4012220_2": {"context": "HIV-encoded cytosolic DNA produced by reverse transcription does not trigger a cell-autonomous interferon (IFN) or inflammatory response in activated CD4 T cells and macrophages, its primary targets\n", "support": [[309, 373], [601, 752]]}, "PMC4012220_1": {"context": "Since only a few copies of HIV DNA integrate, the bulk of HIV DNA remains in the cytosol unless cleared by host enzymes\n", "support": [[1112, 1213]]}, "PMC4012220_5": {"context": "The HIV-stimulated IFN response in Trex1-/- cells can be dampened by reverse transcriptase inhibitor (e.g., nevirapine) but not by integrase inhibitor (e.g., raltegravir), consistent with HIV DNA being the main pathogen associated molecular pattern (PAMP) detected by an innate immune sensor\n", "support": [[3744, 4063]]}, "PMC4012220_4": {"context": "In the absence of TREX1, HIV infection triggers a robust type I IFN response strictly dependent upon the cytosolic DNA sensing pathway, including the endoplasmic reticulum (ER) localized adaptor stimulator of interferon genes (STING), TANK-binding kinase 1 (TBK1), and the transcription factor interferon regulatory factor 3 (IRF3)\n", "support": [[374, 600]]}, "PMC4012220_6": {"context": "it also exploits several key host factors that are critical for subversion of innate immune responses in target cells\n", "support": [[0, 76]]}, "PMC4012220_7": {"context": "Consequently, overall HIV-1 replication in which TREX1 expression is suppressed or ablated is reduced compared replication in normal cells, because DNA sensing results in expression of antiviral IFNs\n", "support": [[374, 600]]}}, "PMC3179858": {"PMC3234228_1": {"context": "Two recent publications identified Sterile Alpha Motif (SAM) Domain and HD domain-containing protein 1 (SAMHD1) as the Vpx-sensitive restriction factor that inhibits HIV-1 infection of macrophages and dendritic cells [19], [20].\n", "support": [[0, 88]]}, "PMC3234228_3": {"context": "Our findings are in agreement with the recent reports of Laguette et al. [20] and Hrecka et al. [19] that identified SAMHD1 as a Vpx  and Vpx  interacting protein.\n", "support": [[0, 88]]}, "PMC3234228_2": {"context": "In this report, in addition to confirming independently the findings by Laguette et al. and Hrecka et al. [19], [20], we provide further evidence for the role of SAMHD1 as interferon-induced factor restricting HIV-1 replication in monocytes, the progenitors of macrophages and dendritic cells.\n", "support": [[0, 88]]}, "PMC3142215_9": {"context": "SAMHD1-mediated HIV-1 restriction has so far been analyzed only in monocyte-derived DCs [9] and macrophages [10]\n", "support": [[0, 88], [14063, 14450]]}, "PMC3234228_6": {"context": "we confirm the effect of the proteasome inhibitor MG132 on the reversibility of Vpx-mediated degradation of SAMHD1 [19], [20].\n", "support": [[7504, 7677]]}, "PMC3142215_8": {"context": "HIV-1 Vpr does not interact or degrade SAMHD1 [10].\n", "support": [[5772, 6091], [6237, 6325], [6409, 6559]]}, "PMC3234228_5": {"context": "In this study, we determine the role of SAMHD1 as a HIV-1 restriction factor in human monocytes confirming and extending the findings observed in other myeloid cells [19], [20].\n", "support": [[0, 88]]}, "PMC3234228_4": {"context": "We conclude that monocytes express SAMHD1 as an interferon-inducible factor (Figure 2E) that is degraded upon Vpx-supported HIV-1 infection confirming the results in dendritic cells [20] and macrophages [19].\n", "support": [[0, 88]]}, "PMC3142215_6": {"context": "It might be possible that SAMHD1 acts in concert with another myeloid-specific co-factor [10].\n", "support": [[13084, 13190]]}, "PMC3178557_3": {"context": "Contrarily to A3A, SAMHD1 is expressed in cells other than myeloid cells, as its isolation from HEK 293T cells indicates [59].\n", "support": [[3637, 3788], [6409, 6559], [12863, 13083]]}, "PMC3230851_1": {"context": "Recent studies have identified a host SAM-domain HD-domain containing protein 1 (SAMHD1) as a target for Vpx-mediated proteosomal degradation, which overcomes a post-entry block to reverse transcription in myeloid cells [158,159].\n", "support": [[892, 1093], [1716, 1719], [11393, 11590]]}, "PMC3178557_2": {"context": "Two recent studies identified SAMHD1 as a cellular factor that is specifically bound and degraded by Vpx [59] [60].\n", "support": [[0, 88]]}, "PMC3142215_7": {"context": "It appears that only Vpx from the SIVsm/HIV-2 lineage counteracts SAMHD1-mediated HIV-1 restriction in myeloid cells [9,10]\n", "support": [[536, 750], [13412, 13669]]}, "PMC3142215_5": {"context": "Together, these studies suggested that SAMHD1 is the myeloid-cell specific HIV-1 restriction factor counteracted by Vpx [9,10] (Figure 1).\n", "support": [[12863, 13083], [13084, 13190]]}, "PMC3178557_1": {"context": "Despite the fact that SAMHD1 is expressed in different cell types, it seems to restrict lentiviral infection specifically in myeloid cells, probably highlighting the need for a particular cellular context, or for specific cellular partners [59], [60].\n", "support": [[13412, 13669], [12863, 13083]]}, "PMC3230851_2": {"context": "SAMHD1 [158], like the exonuclease TREX1 [160] may be responsible for innate sensing of viral DNA, and viral targeting of SAMHD1 may possibly contribute to viral innate immune evasion, although this has not been specifically addressed\n", "support": [[13670, 13896], [12745, 12862], [11111, 11259]]}, "PMC3142215_4": {"context": "Further analysis revealed that SAMHD1 blocks HIV-1 reverse transcription, as silencing SAMHD1 in THP-1 cells [9] and macrophages [10] increases the levels of viral DNA.\n", "support": [[11261, 11392], [11393, 11590], [12006, 12208], [10753, 10951]]}, "PMC3142215_1": {"context": "By contrast, Hrecka and colleagues identified SAMHD1 from HEK 293T cells expressing tagged Vpx in a proteomic screen using multidimensional protein identification technology [10].\n", "support": [[4575, 4800]]}, "PMC3142215_3": {"context": "Both studies confirmed that Vpx interacts with SAMHD1 and induces proteasomal degradation of SAMHD1 in THP-1 cells or macrophages, which can be restored by treatment with a proteasome inhibitor [9,10].\n", "support": [[0, 88], [11591, 11747], [6092, 6236], [6237, 6325], [6409, 6559], [6842, 6964]]}, "PMC3142215_2": {"context": "They demonstrated that Vpx relieves the inhibition of HIV-1 infection in monocyte-derived macrophages by mediating proteasome-dependent degradation of SAMHD1 through the CUL4A/DCAF1 E3 ubiquitin ligase [10].\n", "support": [[892, 1093]]}, "PMC3205391_1": {"context": "Recently, the human protein SAMHD1 was identified to be causative for the post-entry restriction of HIV-1 in myeloid cells [126,127].\n", "support": [[0, 88]]}, "PMC3205391_2": {"context": "Viral particle-associated Vpx protein induces a proteasome-dependent degradation of SAMHD1 in the target cell very early after entry [126,127].\n", "support": [[892, 1093], [1716, 1719], [11393, 11590]]}}, "PMC3607626": {"PMC3297570_6": {"context": "The analysis incorporated a previously published method [71], in a manner previously described [20].\n", "support": [[0, 80]]}, "PMC3439713_4": {"context": "The associations we uncovered in immune-related genes and the observed dysregulation of immune genes in ASD [13] suggest that variation in a limited number of immune-function genes may be responsible for observed up-regulation of their immune downstream targets.\n", "support": [[0, 80]]}, "PMC3297570_5": {"context": "An adjacency matrix was calculated by raising the correlation matrix by a power of 6 (determined to be optimal for scale free topology in our dataset), and a TOM matrix was generated [20].\n", "support": [[0, 80]]}, "PMC3297570_4": {"context": "To study how the enrichment of rare and common variants corresponded to this study, we tested the overlap between the neuronal modules obtained in our study and the neuronal module that was previously shown to be differentially expressed between cases and controls [20].\n", "support": [[0, 80]]}, "PMC3439713_3": {"context": "A lack of enrichment of genetic associations in immune-related genes has recently been reported [13] in the same dataset we used, and this conclusion is supported here using another statistical approach.\n", "support": [[0, 80]]}, "PMC3297570_1": {"context": "This network analysis led to the identification of specific co-expression modules that are differentially expressed in ASD and controls [20].\n", "support": [[449, 596]]}, "PMC3439713_2": {"context": "The lack of an enrichment of significant associations in immune genes corroborates the findings by Voineagu et al.[13], who used a complimentary approach to test for evidence of a genetic component for the up-regulation of immune response genes in the autistic brain using the same AGRE genotype data.\n", "support": [[0, 80]]}, "PMC3297570_3": {"context": "Differences in transcriptome organization between autistic and normal brain have been recently reported, including a neuronal module associated with ASD [20].\n", "support": [[0, 80]]}, "PMC3297570_2": {"context": "These included a neuronal module that was enriched for genes with low GWAS P-values, suggesting that the differential expression of this module between cases and controls reflects a causal relationship [20].\n", "support": [[15973, 16282], [1189, 1402]]}, "PMC3439713_1": {"context": "These data and families also overlap with those reported by Voineagu et al.[13], who, included in their expression profiling study, used the AGRE data to perform an analysis searching for evidence of a genetic enrichment of immune loci.\n", "support": [[0, 80]]}, "PMC3310790_1": {"context": "In studies combining both young and adult autistic brain tissue, transcript and protein expression patterns suggest that cortical patterning, synaptic [20], apoptotic [21], immune [20], [22], and inflammatory [23] aberrances in addition to dysregulation of neurotransmitter systems [24] may be involved in autism.\n", "support": []}, "PMC3174192_1": {"context": "To date, a number of studies have investigated gene expression in ASD (for review see [29]), with three examining ASD brain tissue on a genome-wide scale [30], [31], [32].\n", "support": [[15621, 15972], [1189, 1402], [1403, 1537], [0, 80]]}, "PMC3174192_3": {"context": "The most comprehensive transcriptomics study of ASD post-mortem brain to date (Voineagu et al) concludes that one of two significant co-expression networks is involved in immune function [32].\n", "support": [[16581, 16852], [16853, 17174], [17175, 17389]]}, "PMC3310790_3": {"context": "We compared genes showing a main effect of diagnosis in the present study with differentially expressed genes implicated recently by Voineagu et al. [20].\n", "support": [[0, 80]]}, "PMC3310790_2": {"context": "In studies combining both young and adult autistic brain tissue, transcript and protein expression patterns suggest that cortical patterning, synaptic [20], apoptotic [21], immune [20], [22], and inflammatory [23] aberrances in addition to dysregulation of neurotransmitter systems [24] may be involved in autism.\n", "support": []}, "PMC3174192_2": {"context": "Lastly, we were interested in considering our findings in the context of the major three published transcriptomics studies on ASD brain tissue [30], [31], [32].\n", "support": [[0, 80]]}, "PMC3310790_6": {"context": "The differences in the results between our study and Voineagu et al. [20] may be due to genetic heterogeneity, different criteria for sample selection and age and gender distribution.\n", "support": [[0, 80]]}, "PMC3310790_7": {"context": "Voineagu et al. [20] consisted of 36% female autistic and 6% female control cases.\n", "support": [[0, 80]]}, "PMC3310790_5": {"context": "The comparison of findings between the present study and Voineagu et al. [20] demonstrates a consistent overlap involving several pathways including repair- and immune-related processes.\n", "support": [[0, 80]]}, "PMC3310790_10": {"context": "Unique ProbeIDs of differentially expressed in the \u2018initial\u2019 dataset from Voineagu et al. [20] (file\u200a=\u200a\u2018nature10110-s3.xls\u2019) were compared with the differential expression gene list in the present study comparing all autism and control cases.\n", "support": [[0, 80]]}, "PMC3310790_4": {"context": "While large sample in vivo studies, such as Pinto et al. [26], have identified potential functional genomic abnormalities in autism, biological validation requires postmortem studies, such as the present one and Voineagu et al. [20].\n", "support": [[0, 80]]}, "PMC3310790_9": {"context": "Thus, some effects that we observed may not have been identified in Voineagu et al. [20] because of differences in study design.\n", "support": [[0, 80]]}, "PMC3310790_8": {"context": "Voineagu et al. [20] lacked young controls.\n", "support": [[0, 80]]}, "PMC3440365_3": {"context": "Numerous genes of brain development and function have been associated with the pathophysiology of autism with varying levels of evidence; the specific genes that are implicated vary across studies [5]\u2013[13].\n", "support": [[0, 80]]}, "PMC3440365_2": {"context": "The differences in the results between our study and other whole genome transcriptomic analyses of autistic brain [13], [28] may be due to etiological heterogeneity together with the use of different criteria for sample selection in each study.\n", "support": [[0, 80]]}, "PMC3440365_1": {"context": "A recent whole genome transcriptomic analysis of autism brain suggested candidate pathways in immune regulation and alternative splicing regulation in the temporal cortex, frontal cortex, and cerebellar vermis [13].\n", "support": [[0, 80]]}, "PMC3440365_5": {"context": "The top 300 differentially expressed probes were used to generate a non-redundant gene list and compared with two published differentially expressed autism gene lists in brain [13], [28] (Table S6).\n", "support": [[0, 80]]}, "PMC3440365_4": {"context": "Eight of these genes have some evidence in support of an association with autism (http://autismkb.cbi.pku.edu.cn/) [32], two of which (SYN1, PTS) met thresholds for a high level of evidence [32], and concordant changes in the differential expression in autism vs control were found for three of the genes (GPR56, HSPB1, BEX5) between this study and the work of others [13], [28], [33].\n", "support": [[0, 80]]}}}